Year,Region,Week,Cases,Latitude,Longitude,NDVI,Cloud_Cover,Humidity,Precipitation_Total,Temperature_Min,Temperature_Max,Temperature_Avg,Pressure,Wind_Speed,Wind_Direction
2021,KAB BANTUL,1,25,-7.902328,110.2862991,0.813,99.0,62.0,9.82,24.6,30.34,30.34,1008.0,4.1,248.0
2021,KAB GUNUNG KIDUL,1,0,-7.9930685,110.2704459,0.825,98.0,64.0,12.85,24.68,29.94,29.94,1008.0,4.13,249.0
2021,KAB KULON PROGO,1,1,-7.8186375,110.1613062,0.782,97.0,70.0,27.99,9.44,30.11,16.11,796.0,3.88,240.0
2021,KAB SLEMAN,1,3,-7.7145614,110.3544861,0.715,100.0,58.0,11.86,23.48,30.91,30.91,1008.0,4.02,239.0
2021,KOTA YOGYAKARTA,1,0,-7.7955798,110.3694896,0.648,99.0,60.0,10.7,24.18,30.83,30.83,1008.0,4.13,244.0
2021,KAB BANTUL,2,17,-7.902328,110.2862991,0.813,98.0,79.0,77.32,24.56,28.42,28.24,1007.0,4.44,272.0
2021,KAB GUNUNG KIDUL,2,0,-7.9930685,110.2704459,0.825,98.0,79.0,95.67,24.73,28.23,28.08,1007.0,4.85,272.0
2021,KAB KULON PROGO,2,3,-7.8186375,110.1613062,0.782,100.0,77.0,86.43,13.33,26.76,17.22,796.0,3.31,246.0
2021,KAB SLEMAN,2,6,-7.7145614,110.3544861,0.715,99.0,79.0,34.15,22.94,28.16,27.87,1007.0,3.41,226.0
2021,KOTA YOGYAKARTA,2,0,-7.7955798,110.3694896,0.648,99.0,78.0,78.32,23.86,28.52,28.3,1007.0,3.92,237.0
2021,KAB BANTUL,3,9,-7.902328,110.2862991,0.786,96.0,58.0,19.04,24.19,30.86,30.86,1007.0,5.24,244.0
2021,KAB GUNUNG KIDUL,3,0,-7.9930685,110.2704459,0.743,96.0,60.0,17.39,24.35,30.43,30.43,1007.0,5.36,245.0
2021,KAB KULON PROGO,3,1,-7.8186375,110.1613062,0.829,97.0,60.0,34.44,9.44,31.0,20.0,795.0,4.81,242.0
2021,KAB SLEMAN,3,5,-7.7145614,110.3544861,0.715,97.0,53.0,44.18,22.78,31.45,31.45,1007.0,4.65,235.0
2021,KOTA YOGYAKARTA,3,0,-7.7955798,110.3694896,0.723,96.0,55.0,25.35,23.57,31.5,31.5,1007.0,5.04,240.0
2021,KAB BANTUL,4,9,-7.902328,110.2862991,0.786,67.0,68.0,6.66,24.67,31.13,29.55,1009.0,2.85,178.0
2021,KAB GUNUNG KIDUL,4,0,-7.9930685,110.2704459,0.743,66.0,69.0,5.81,24.78,30.88,29.32,1009.0,3.19,193.0
2021,KAB KULON PROGO,4,0,-7.8186375,110.1613062,0.829,63.0,71.0,26.64,13.89,31.33,29.82,1009.0,2.59,186.0
2021,KAB SLEMAN,4,2,-7.7145614,110.3544861,0.715,71.0,68.0,19.49,23.2,30.62,29.27,1009.0,1.56,133.0
2021,KOTA YOGYAKARTA,4,0,-7.7955798,110.3694896,0.723,69.0,67.0,4.88,24.09,31.46,29.77,1009.0,1.96,182.0
2021,KAB BANTUL,5,6,-7.902328,110.2862991,0.786,100.0,62.0,94.21,23.85,31.09,30.74,1008.0,3.66,218.0
2021,KAB GUNUNG KIDUL,5,0,-7.9930685,110.2704459,0.743,100.0,65.0,94.86,23.92,30.65,30.21,1008.0,3.76,220.0
2021,KAB KULON PROGO,5,1,-7.8186375,110.1613062,0.829,91.0,62.0,50.92,14.44,31.69,31.28,1009.0,3.24,228.0
2021,KAB SLEMAN,5,1,-7.7145614,110.3544861,0.715,95.0,59.0,55.81,22.44,31.26,31.17,1009.0,2.99,213.0
2021,KOTA YOGYAKARTA,5,0,-7.7955798,110.3694896,0.723,100.0,59.0,85.41,23.29,31.57,31.44,1009.0,3.49,215.0
2021,KAB BANTUL,6,6,-7.902328,110.2862991,0.743,65.0,67.0,31.8,23.99,31.24,30.26,1007.0,5.66,251.0
2021,KAB GUNUNG KIDUL,6,0,-7.9930685,110.2704459,0.786,63.0,68.0,47.05,24.14,31.03,30.06,1007.0,6.4,254.0
2021,KAB KULON PROGO,6,2,-7.8186375,110.1613062,0.79,63.0,64.0,12.41,24.08,31.87,31.09,1007.0,4.93,272.0
2021,KAB SLEMAN,6,1,-7.7145614,110.3544861,0.723,70.0,69.0,10.96,22.43,30.49,29.91,1007.0,3.45,255.0
2021,KOTA YOGYAKARTA,6,0,-7.7955798,110.3694896,0.687,,89.06,22.26,24.34,27.83,25.89,990.07,2.44,
2021,KAB BANTUL,7,11,-7.902328,110.2862991,0.743,85.0,68.0,5.68,24.11,30.01,29.68,1011.0,3.81,206.0
2021,KAB GUNUNG KIDUL,7,0,-7.9930685,110.2704459,0.786,87.0,68.0,5.42,24.22,29.59,29.28,1011.0,3.86,201.0
2021,KAB KULON PROGO,7,0,-7.8186375,110.1613062,0.79,52.0,70.0,9.07,24.12,30.81,29.8,1011.0,2.98,213.0
2021,KAB SLEMAN,7,1,-7.7145614,110.3544861,0.723,73.0,66.0,21.95,22.78,30.1,29.99,1011.0,3.26,217.0
2021,KOTA YOGYAKARTA,7,0,-7.7955798,110.3694896,0.687,79.0,64.0,7.12,23.57,30.49,30.2,1011.0,3.63,212.0
2021,KAB BANTUL,8,6,-7.902328,110.2862991,0.735,42.0,59.0,9.02,24.82,31.82,31.82,1010.0,4.08,179.0
2021,KAB GUNUNG KIDUL,8,0,-7.9930685,110.2704459,0.77,39.0,61.0,8.24,24.94,31.17,31.17,1010.0,4.21,177.0
2021,KAB KULON PROGO,8,6,-7.8186375,110.1613062,0.853,70.0,52.0,2.27,24.58,33.6,33.59,1010.0,3.38,190.0
2021,KAB SLEMAN,8,1,-7.7145614,110.3544861,0.613,62.0,54.0,5.13,23.17,33.17,32.26,1010.0,3.09,184.0
2021,KOTA YOGYAKARTA,8,0,-7.7955798,110.3694896,0.699,51.0,55.0,5.69,24.13,32.91,32.65,1010.0,3.79,181.0
2021,KAB BANTUL,9,10,-7.902328,110.2862991,0.735,79.0,55.0,28.25,25.16,32.79,32.79,1009.0,3.86,210.0
2021,KAB GUNUNG KIDUL,9,0,-7.9930685,110.2704459,0.77,78.0,58.0,33.31,25.35,32.16,32.16,1009.0,3.67,209.0
2021,KAB KULON PROGO,9,0,-7.8186375,110.1613062,0.853,77.0,49.0,16.32,24.65,33.84,33.84,1009.0,3.7,211.0
2021,KAB SLEMAN,9,2,-7.7145614,110.3544861,0.613,83.0,50.0,20.03,23.47,33.55,33.45,1009.0,4.87,220.0
2021,KOTA YOGYAKARTA,9,0,-7.7955798,110.3694896,0.699,81.0,52.0,20.93,24.45,33.62,33.62,1009.0,4.57,216.0
2021,KAB BANTUL,10,4,-7.902328,110.2862991,0.691,74.0,61.0,2.23,24.02,31.03,30.66,1010.0,4.71,237.0
2021,KAB GUNUNG KIDUL,10,0,-7.9930685,110.2704459,0.794,72.0,62.0,1.0,24.12,30.63,30.38,1010.0,4.89,237.0
2021,KAB KULON PROGO,10,4,-7.8186375,110.1613062,0.837,51.0,59.0,14.69,23.94,31.72,31.34,1010.0,4.4,237.0
2021,KAB SLEMAN,10,0,-7.7145614,110.3544861,0.711,84.0,58.0,22.15,22.67,31.45,30.75,1010.0,3.86,235.0
2021,KOTA YOGYAKARTA,10,0,-7.7955798,110.3694896,0.707,79.0,59.0,7.56,23.49,31.56,30.99,1010.0,4.38,238.0
2021,KAB BANTUL,11,8,-7.902328,110.2862991,0.691,75.0,78.0,20.99,24.0,30.39,27.0,1010.0,3.79,248.0
2021,KAB GUNUNG KIDUL,11,0,-7.9930685,110.2704459,0.794,76.0,59.0,17.9,24.35,30.45,30.45,1009.0,4.47,248.0
2021,KAB KULON PROGO,11,4,-7.8186375,110.1613062,0.837,83.0,52.0,24.7,24.05,31.92,31.84,1009.0,4.64,232.0
2021,KAB SLEMAN,11,0,-7.7145614,110.3544861,0.711,75.0,78.0,26.46,22.96,30.77,27.0,1010.0,3.24,240.0
2021,KOTA YOGYAKARTA,11,0,-7.7955798,110.3694896,0.707,75.0,78.0,24.94,23.76,30.88,27.0,1010.0,3.65,245.0
2021,KAB BANTUL,12,11,-7.902328,110.2862991,0.652,15.0,65.0,0.47,24.42,30.29,30.15,1007.0,5.13,233.0
2021,KAB GUNUNG KIDUL,12,2,-7.9930685,110.2704459,0.802,12.0,67.0,0.0,24.55,29.86,29.77,1007.0,5.18,234.0
2021,KAB KULON PROGO,12,2,-7.8186375,110.1613062,0.802,50.0,62.0,0.46,24.18,30.74,30.63,1007.0,4.24,232.0
2021,KAB SLEMAN,12,8,-7.7145614,110.3544861,0.628,30.0,60.0,1.8,22.73,31.01,30.65,1007.0,4.78,224.0
2021,KOTA YOGYAKARTA,12,0,-7.7955798,110.3694896,0.66,24.0,62.0,0.37,23.72,30.9,30.66,1007.0,5.12,228.0
2021,KAB BANTUL,13,18,-7.902328,110.2862991,0.652,80.0,63.0,0.55,24.46,30.7,30.63,1007.0,3.71,187.0
2021,KAB GUNUNG KIDUL,13,2,-7.9930685,110.2704459,0.802,83.0,64.0,0.23,24.57,30.24,30.13,1007.0,3.71,187.0
2021,KAB KULON PROGO,13,4,-7.8186375,110.1613062,0.802,58.0,61.0,0.0,24.49,31.55,31.49,1007.0,3.19,199.0
2021,KAB SLEMAN,13,19,-7.7145614,110.3544861,0.628,72.0,58.0,0.13,23.04,31.2,31.2,1007.0,3.71,192.0
2021,KOTA YOGYAKARTA,13,3,-7.7955798,110.3694896,0.66,76.0,59.0,0.59,23.9,31.36,31.36,1007.0,3.8,190.0
2021,KAB BANTUL,14,17,-7.902328,110.2862991,0.652,71.0,69.0,3.77,24.24,30.38,30.12,1007.0,3.54,186.0
2021,KAB GUNUNG KIDUL,14,1,-7.9930685,110.2704459,0.802,69.0,71.0,3.5,24.27,29.91,29.58,1007.0,3.91,160.0
2021,KAB KULON PROGO,14,4,-7.8186375,110.1613062,0.802,82.0,60.0,29.36,24.18,31.81,31.81,1007.0,3.8,201.0
2021,KAB SLEMAN,14,12,-7.7145614,110.3544861,0.628,80.0,62.0,19.82,23.0,30.87,30.83,1007.0,2.97,208.0
2021,KOTA YOGYAKARTA,14,2,-7.7955798,110.3694896,0.66,76.0,64.0,10.34,23.85,30.99,30.94,1007.0,3.43,198.0
2021,KAB BANTUL,15,17,-7.902328,110.2862991,0.652,42.0,64.0,5.09,25.22,31.09,31.06,1010.0,4.18,178.0
2021,KAB GUNUNG KIDUL,15,0,-7.9930685,110.2704459,0.782,44.0,66.0,5.62,25.4,30.79,30.58,1010.0,4.48,177.0
2021,KAB KULON PROGO,15,2,-7.8186375,110.1613062,0.743,66.0,61.0,5.71,24.36,31.84,31.84,1010.0,3.72,200.0
2021,KAB SLEMAN,15,19,-7.7145614,110.3544861,0.62,33.0,57.0,4.1,23.54,31.71,31.71,1010.0,3.34,195.0
2021,KOTA YOGYAKARTA,15,1,-7.7955798,110.3694896,0.573,36.0,60.0,5.1,24.53,31.73,31.73,1010.0,3.59,192.0
2021,KAB BANTUL,16,11,-7.902328,110.2862991,0.652,75.0,64.0,0.42,23.78,30.28,30.08,1011.0,4.13,171.0
2021,KAB GUNUNG KIDUL,16,1,-7.9930685,110.2704459,0.782,74.0,67.0,0.1,23.9,29.85,29.49,1011.0,4.35,169.0
2021,KAB KULON PROGO,16,4,-7.8186375,110.1613062,0.743,78.0,59.0,0.53,23.68,31.24,31.18,1011.0,3.91,203.0
2021,KAB SLEMAN,16,26,-7.7145614,110.3544861,0.62,79.0,55.0,0.0,22.26,31.01,31.01,1011.0,2.75,179.0
2021,KOTA YOGYAKARTA,16,0,-7.7955798,110.3694896,0.573,77.0,58.0,0.39,23.18,30.96,30.96,1011.0,3.55,177.0
2021,KAB BANTUL,17,7,-7.902328,110.2862991,0.64,43.0,60.0,0.15,23.52,30.49,30.49,1010.0,4.59,155.0
2021,KAB GUNUNG KIDUL,17,0,-7.9930685,110.2704459,0.758,45.0,63.0,0.1,23.64,29.96,29.96,1011.0,5.14,154.0
2021,KAB KULON PROGO,17,2,-7.8186375,110.1613062,0.75,63.0,54.0,0.0,23.53,31.7,31.7,1010.0,4.15,191.0
2021,KAB SLEMAN,17,17,-7.7145614,110.3544861,0.601,30.0,53.0,0.0,21.87,31.39,31.21,1011.0,2.48,183.0
2021,KOTA YOGYAKARTA,17,8,-7.7955798,110.3694896,0.628,36.0,55.0,0.24,22.9,31.27,31.27,1010.0,3.4,166.0
2021,KAB BANTUL,18,8,-7.902328,110.2862991,0.64,32.0,61.0,0.32,24.26,31.01,31.01,1010.0,4.61,153.0
2021,KAB GUNUNG KIDUL,18,0,-7.9930685,110.2704459,0.758,32.0,64.0,0.0,24.41,30.49,30.44,1010.0,5.06,147.0
2021,KAB KULON PROGO,18,5,-7.8186375,110.1613062,0.75,46.0,89.0,0.93,11.11,20.56,20.0,890.0,4.07,188.0
2021,KAB SLEMAN,18,8,-7.7145614,110.3544861,0.601,37.0,52.0,0.22,22.76,32.21,31.98,1010.0,2.78,150.0
2021,KOTA YOGYAKARTA,18,0,-7.7955798,110.3694896,0.628,33.0,56.0,0.4,23.65,31.97,31.85,1010.0,3.66,158.0
2021,KAB BANTUL,19,11,-7.902328,110.2862991,0.64,8.0,54.0,0.15,22.66,29.98,29.97,1009.0,5.09,150.0
2021,KAB GUNUNG KIDUL,19,1,-7.9930685,110.2704459,0.664,7.0,56.0,0.0,22.76,29.64,29.64,1009.0,5.42,150.0
2021,KAB KULON PROGO,19,2,-7.8186375,110.1613062,0.774,6.0,73.0,0.0,10.56,24.98,20.56,888.0,4.79,160.0
2021,KAB SLEMAN,19,21,-7.7145614,110.3544861,0.585,15.0,47.0,0.0,21.03,30.53,30.17,1009.0,3.96,176.0
2021,KOTA YOGYAKARTA,19,0,-7.7955798,110.3694896,0.589,11.0,51.0,0.16,22.03,30.54,30.33,1009.0,4.51,162.0
2021,KAB BANTUL,20,9,-7.902328,110.2862991,0.64,36.0,65.0,0.13,23.94,29.87,29.87,1008.0,6.93,146.0
2021,KAB GUNUNG KIDUL,20,1,-7.9930685,110.2704459,0.664,38.0,68.0,0.0,24.12,29.53,29.29,1008.0,7.65,143.0
2021,KAB KULON PROGO,20,2,-7.8186375,110.1613062,0.774,23.0,99.0,0.0,11.67,29.17,18.89,888.0,5.32,166.0
2021,KAB SLEMAN,20,11,-7.7145614,110.3544861,0.585,25.0,55.0,0.33,22.17,31.01,31.01,1008.0,4.22,182.0
2021,KOTA YOGYAKARTA,20,1,-7.7955798,110.3694896,0.589,29.0,59.0,0.18,23.18,30.79,30.79,1008.0,6.65,147.0
2021,KAB BANTUL,21,12,-7.902328,110.2862991,0.64,100.0,63.0,0.42,24.08,30.59,30.59,1009.0,4.15,160.0
2021,KAB GUNUNG KIDUL,21,0,-7.9930685,110.2704459,0.664,100.0,65.0,0.62,24.23,30.07,30.07,1009.0,4.52,156.0
2021,KAB KULON PROGO,21,2,-7.8186375,110.1613062,0.774,99.0,74.0,0.0,15.32,23.33,20.86,890.0,3.52,184.0
2021,KAB SLEMAN,21,22,-7.7145614,110.3544861,0.585,100.0,59.0,0.0,22.59,31.1,31.1,1010.0,1.82,189.0
2021,KOTA YOGYAKARTA,21,0,-7.7955798,110.3694896,0.589,100.0,59.0,0.37,23.41,31.32,31.32,1009.0,2.85,170.0
2021,KAB BANTUL,22,11,-7.902328,110.2862991,0.699,78.0,66.0,0.16,15.56,29.71,29.71,1009.0,4.92,156.0
2021,KAB GUNUNG KIDUL,22,2,-7.9930685,110.2704459,0.609,79.0,68.0,0.0,15.56,29.19,29.19,1009.0,5.38,154.0
2021,KAB KULON PROGO,22,2,-7.8186375,110.1613062,0.766,58.0,83.0,0.0,14.03,21.07,20.02,884.0,4.08,171.0
2021,KAB SLEMAN,22,17,-7.7145614,110.3544861,0.652,69.0,58.0,0.0,15.56,30.42,30.42,1009.0,3.04,178.0
2021,KOTA YOGYAKARTA,22,1,-7.7955798,110.3694896,0.644,74.0,61.0,0.2,15.56,30.45,30.45,1009.0,3.94,166.0
2021,KAB BANTUL,23,7,-7.902328,110.2862991,0.699,27.0,66.0,0.15,13.89,30.22,30.22,1010.0,4.52,180.0
2021,KAB GUNUNG KIDUL,23,0,-7.9930685,110.2704459,0.609,28.0,69.0,0.0,13.89,29.66,29.66,1010.0,4.59,176.0
2021,KAB KULON PROGO,23,0,-7.8186375,110.1613062,0.766,33.0,83.0,3.85,13.89,20.78,20.29,886.0,3.51,196.0
2021,KAB SLEMAN,23,16,-7.7145614,110.3544861,0.652,21.0,55.0,0.49,13.89,31.28,31.28,1010.0,4.41,194.0
2021,KOTA YOGYAKARTA,23,1,-7.7955798,110.3694896,0.644,24.0,60.0,0.24,13.89,31.09,31.09,1010.0,4.55,188.0
2021,KAB BANTUL,24,17,-7.902328,110.2862991,0.66,66.0,67.0,0.0,12.78,29.65,29.65,1011.0,4.83,147.0
2021,KAB GUNUNG KIDUL,24,1,-7.9930685,110.2704459,0.664,64.0,69.0,0.0,12.78,29.39,29.25,1011.0,5.32,144.0
2021,KAB KULON PROGO,24,4,-7.8186375,110.1613062,0.746,50.0,74.0,0.0,11.38,25.04,16.67,798.0,3.74,177.0
2021,KAB SLEMAN,24,14,-7.7145614,110.3544861,0.719,78.0,60.0,0.0,12.78,30.18,30.18,1011.0,2.71,163.0
2021,KOTA YOGYAKARTA,24,4,-7.7955798,110.3694896,0.66,72.0,63.0,0.0,12.78,30.16,30.16,1011.0,3.71,153.0
2021,KAB BANTUL,25,10,-7.902328,110.2862991,0.66,99.0,66.0,25.89,12.78,29.24,29.24,1011.0,3.12,185.0
2021,KAB GUNUNG KIDUL,25,1,-7.9930685,110.2704459,0.664,99.0,68.0,27.42,12.78,28.85,28.85,1011.0,3.32,183.0
2021,KAB KULON PROGO,25,4,-7.8186375,110.1613062,0.746,99.0,62.0,4.67,12.78,30.07,30.04,1011.0,2.97,191.0
2021,KAB SLEMAN,25,10,-7.7145614,110.3544861,0.719,99.0,63.0,1.79,12.78,29.5,29.35,1011.0,2.12,343.0
2021,KOTA YOGYAKARTA,25,1,-7.7955798,110.3694896,0.66,99.0,64.0,15.93,12.78,29.73,29.68,1011.0,2.64,192.0
2021,KAB BANTUL,26,13,-7.902328,110.2862991,0.687,41.0,70.0,2.08,12.78,29.68,29.68,1010.0,4.32,150.0
2021,KAB GUNUNG KIDUL,26,0,-7.9930685,110.2704459,0.676,38.0,71.0,2.68,12.78,29.27,29.27,1010.0,4.9,147.0
2021,KAB KULON PROGO,26,7,-7.8186375,110.1613062,0.739,67.0,75.0,0.0,12.78,24.92,17.78,798.0,3.16,181.0
2021,KAB SLEMAN,26,6,-7.7145614,110.3544861,0.648,49.0,63.0,0.0,12.78,30.12,30.12,1011.0,1.86,162.0
2021,KOTA YOGYAKARTA,26,3,-7.7955798,110.3694896,0.605,44.0,65.0,0.56,12.78,30.25,30.25,1010.0,3.01,158.0
2021,KAB BANTUL,27,10,-7.902328,110.2862991,0.687,87.0,64.0,0.0,12.56,21.45,20.89,1010.0,5.31,140.0
2021,KAB GUNUNG KIDUL,27,0,-7.9930685,110.2704459,0.676,90.0,65.0,0.0,12.56,21.45,20.89,1010.0,6.03,138.0
2021,KAB KULON PROGO,27,2,-7.8186375,110.1613062,0.739,82.0,63.0,0.0,12.64,21.55,20.99,1010.0,4.18,147.0
2021,KAB SLEMAN,27,10,-7.7145614,110.3544861,0.648,71.0,62.0,0.0,11.46,20.35,19.79,1010.0,3.19,175.0
2021,KOTA YOGYAKARTA,27,0,-7.7955798,110.3694896,0.605,78.0,63.0,0.0,12.22,21.11,20.55,1010.0,4.02,155.0
2021,KAB BANTUL,28,5,-7.902328,110.2862991,0.636,85.0,54.0,0.0,13.11,31.74,22.0,1008.0,5.02,96.0
2021,KAB GUNUNG KIDUL,28,0,-7.9930685,110.2704459,0.711,84.0,57.0,0.0,13.11,31.33,22.0,1008.0,5.33,110.0
2021,KAB KULON PROGO,28,0,-7.8186375,110.1613062,0.699,96.0,52.0,0.0,13.19,33.27,22.08,1008.0,3.24,203.0
2021,KAB SLEMAN,28,13,-7.7145614,110.3544861,0.624,89.0,46.0,0.42,12.01,31.93,20.9,1008.0,4.7,64.0
2021,KOTA YOGYAKARTA,28,0,-7.7955798,110.3694896,0.589,87.0,49.0,0.0,12.77,32.19,21.66,1008.0,4.74,80.0
2021,KAB BANTUL,29,7,-7.902328,110.2862991,0.636,34.0,65.0,0.24,22.71,29.06,28.65,1010.0,6.28,148.0
2021,KAB GUNUNG KIDUL,29,0,-7.9930685,110.2704459,0.711,34.0,68.0,0.0,22.9,28.53,28.16,1010.0,7.02,145.0
2021,KAB KULON PROGO,29,0,-7.8186375,110.1613062,0.699,63.0,63.0,0.0,22.16,32.71,32.16,1010.0,5.58,161.0
2021,KAB SLEMAN,29,12,-7.7145614,110.3544861,0.624,31.0,57.0,0.0,20.95,30.38,29.58,1010.0,4.81,173.0
2021,KOTA YOGYAKARTA,29,0,-7.7955798,110.3694896,0.589,32.0,60.0,0.27,21.93,30.02,29.4,1009.0,5.44,160.0
2021,KAB BANTUL,30,4,-7.902328,110.2862991,0.636,31.0,57.0,0.17,21.47,29.33,29.33,1012.0,6.97,143.0
2021,KAB GUNUNG KIDUL,30,1,-7.9930685,110.2704459,0.711,33.0,59.0,0.25,21.58,28.87,28.87,1013.0,7.49,142.0
2021,KAB KULON PROGO,30,0,-7.8186375,110.1613062,0.699,39.0,56.0,0.0,21.34,31.6,31.6,1012.0,6.12,153.0
2021,KAB SLEMAN,30,8,-7.7145614,110.3544861,0.624,19.0,50.0,0.0,19.79,30.49,30.25,1012.0,5.15,165.0
2021,KOTA YOGYAKARTA,30,0,-7.7955798,110.3694896,0.589,25.0,53.0,0.0,20.84,30.12,30.03,1012.0,5.99,153.0
2021,KAB BANTUL,31,7,-7.902328,110.2862991,0.668,79.0,68.0,0.21,24.33,27.99,27.93,1012.0,6.7,145.0
2021,KAB GUNUNG KIDUL,31,0,-7.9930685,110.2704459,0.715,76.0,68.0,0.15,24.55,27.9,27.9,1012.0,7.28,136.0
2021,KAB KULON PROGO,31,0,-7.8186375,110.1613062,0.731,92.0,75.0,0.1,21.05,32.16,29.38,1013.0,5.31,144.0
2021,KAB SLEMAN,31,9,-7.7145614,110.3544861,0.589,86.0,68.0,0.0,22.36,27.49,27.2,1012.0,4.95,161.0
2021,KOTA YOGYAKARTA,31,1,-7.7955798,110.3694896,0.62,84.0,67.0,0.25,23.51,27.99,27.77,1012.0,5.8,152.0
2021,KAB BANTUL,32,14,-7.902328,110.2862991,0.668,38.0,70.0,0.2,23.81,29.92,29.36,1011.0,5.57,150.0
2021,KAB GUNUNG KIDUL,32,0,-7.9930685,110.2704459,0.715,37.0,74.0,0.0,23.9,29.36,28.52,1011.0,6.22,147.0
2021,KAB KULON PROGO,32,0,-7.8186375,110.1613062,0.731,47.0,62.0,3.35,23.59,31.01,30.82,1011.0,3.84,183.0
2021,KAB SLEMAN,32,1,-7.7145614,110.3544861,0.589,38.0,52.0,2.75,22.59,31.77,31.77,1011.0,4.03,187.0
2021,KOTA YOGYAKARTA,32,1,-7.7955798,110.3694896,0.62,37.0,60.0,0.26,23.33,30.92,30.92,1011.0,4.6,173.0
2021,KAB BANTUL,33,6,-7.902328,110.2862991,0.68,6.0,55.0,0.24,23.01,31.56,31.47,1009.0,7.87,144.0
2021,KAB GUNUNG KIDUL,33,0,-7.9930685,110.2704459,0.68,6.0,58.0,0.0,23.14,30.86,30.86,1009.0,9.02,144.0
2021,KAB KULON PROGO,33,0,-7.8186375,110.1613062,0.707,3.0,52.0,0.0,22.8,32.26,32.26,1010.0,4.92,176.0
2021,KAB SLEMAN,33,9,-7.7145614,110.3544861,0.605,4.0,43.0,0.0,21.54,33.48,32.69,1010.0,3.81,185.0
2021,KOTA YOGYAKARTA,33,0,-7.7955798,110.3694896,0.597,6.0,48.0,0.21,22.42,32.96,32.41,1009.0,5.16,140.0
2021,KAB BANTUL,34,3,-7.902328,110.2862991,0.68,100.0,68.0,0.19,23.12,28.1,27.98,1011.0,5.67,156.0
2021,KAB GUNUNG KIDUL,34,0,-7.9930685,110.2704459,0.68,100.0,70.0,0.45,23.23,27.8,27.65,1011.0,6.32,153.0
2021,KAB KULON PROGO,34,0,-7.8186375,110.1613062,0.707,100.0,69.0,0.65,22.74,28.47,28.03,1012.0,4.37,150.0
2021,KAB SLEMAN,34,4,-7.7145614,110.3544861,0.605,100.0,61.0,0.0,21.56,28.45,28.45,1011.0,4.21,176.0
2021,KOTA YOGYAKARTA,34,2,-7.7955798,110.3694896,0.597,100.0,64.0,0.17,22.5,28.49,28.49,1011.0,4.86,164.0
2021,KAB BANTUL,35,4,-7.902328,110.2862991,0.601,81.0,66.0,0.2,23.25,28.92,28.92,1010.0,7.14,156.0
2021,KAB GUNUNG KIDUL,35,1,-7.9930685,110.2704459,0.64,79.0,69.0,0.0,23.47,28.35,28.35,1010.0,7.75,152.0
2021,KAB KULON PROGO,35,0,-7.8186375,110.1613062,0.68,87.0,66.0,0.0,23.4,29.48,28.97,1010.0,5.33,159.0
2021,KAB SLEMAN,35,10,-7.7145614,110.3544861,0.518,85.0,54.0,0.0,21.48,30.56,30.56,1009.0,5.17,180.0
2021,KOTA YOGYAKARTA,35,2,-7.7955798,110.3694896,0.51,85.0,59.0,0.22,22.43,30.0,30.0,1009.0,6.04,167.0
2021,KAB BANTUL,36,13,-7.902328,110.2862991,0.601,93.0,68.0,0.28,23.37,28.0,27.82,1011.0,6.12,151.0
2021,KAB GUNUNG KIDUL,36,1,-7.9930685,110.2704459,0.64,93.0,70.0,0.0,23.55,27.81,27.45,1011.0,6.82,148.0
2021,KAB KULON PROGO,36,0,-7.8186375,110.1613062,0.68,93.0,65.0,0.0,23.24,28.56,28.51,1011.0,4.22,146.0
2021,KAB SLEMAN,36,10,-7.7145614,110.3544861,0.518,95.0,62.0,0.0,21.34,28.53,28.03,1011.0,3.55,183.0
2021,KOTA YOGYAKARTA,36,0,-7.7955798,110.3694896,0.51,94.0,64.0,0.28,22.58,28.63,28.31,1011.0,4.68,164.0
2021,KAB BANTUL,37,12,-7.902328,110.2862991,0.601,99.0,77.0,7.69,23.42,27.87,26.4,1009.0,6.28,154.0
2021,KAB GUNUNG KIDUL,37,0,-7.9930685,110.2704459,0.64,99.0,77.0,5.35,23.42,27.58,26.19,1009.0,7.16,150.0
2021,KAB KULON PROGO,37,3,-7.8186375,110.1613062,0.68,100.0,78.0,6.29,23.92,28.36,26.81,1010.0,4.72,154.0
2021,KAB SLEMAN,37,7,-7.7145614,110.3544861,0.518,98.0,74.0,6.68,22.57,28.46,26.83,1010.0,3.11,189.0
2021,KOTA YOGYAKARTA,37,0,-7.7955798,110.3694896,0.51,98.0,75.0,5.66,23.13,28.24,26.79,1009.0,4.46,142.0
2021,KAB BANTUL,38,14,-7.902328,110.2862991,0.664,59.0,63.0,0.15,23.77,29.48,29.15,1011.0,7.49,153.0
2021,KAB GUNUNG KIDUL,38,1,-7.9930685,110.2704459,0.561,58.0,65.0,0.0,23.99,28.95,28.62,1011.0,8.14,149.0
2021,KAB KULON PROGO,38,0,-7.8186375,110.1613062,0.695,57.0,66.0,0.13,23.38,29.88,28.7,1011.0,5.38,156.0
2021,KAB SLEMAN,38,9,-7.7145614,110.3544861,0.569,57.0,52.0,0.12,21.97,30.52,30.52,1011.0,5.35,165.0
2021,KOTA YOGYAKARTA,38,2,-7.7955798,110.3694896,0.62,60.0,57.0,0.15,22.95,30.37,30.18,1011.0,6.41,156.0
2021,KAB BANTUL,39,21,-7.902328,110.2862991,0.664,80.0,69.0,2.65,24.55,29.62,29.23,1008.0,6.3,149.0
2021,KAB GUNUNG KIDUL,39,1,-7.9930685,110.2704459,0.561,79.0,71.0,1.58,24.73,29.29,28.64,1008.0,7.34,145.0
2021,KAB KULON PROGO,39,0,-7.8186375,110.1613062,0.695,72.0,69.0,9.0,25.49,32.87,29.38,1008.0,4.57,154.0
2021,KAB SLEMAN,39,9,-7.7145614,110.3544861,0.569,85.0,62.0,13.32,22.84,30.56,30.41,1008.0,3.22,175.0
2021,KOTA YOGYAKARTA,39,2,-7.7955798,110.3694896,0.62,82.0,63.0,4.59,23.83,30.43,30.26,1008.0,4.44,159.0
2021,KAB BANTUL,40,16,-7.902328,110.2862991,0.636,78.0,63.0,0.13,14.78,28.81,28.04,1010.0,6.16,164.0
2021,KAB GUNUNG KIDUL,40,1,-7.9930685,110.2704459,0.522,79.0,64.0,0.0,14.78,28.42,27.7,1011.0,6.47,160.0
2021,KAB KULON PROGO,40,1,-7.8186375,110.1613062,0.68,70.0,61.0,0.0,14.88,32.31,29.53,1010.0,4.89,171.0
2021,KAB SLEMAN,40,10,-7.7145614,110.3544861,0.573,72.0,55.0,0.0,13.68,30.03,29.0,1010.0,5.12,185.0
2021,KOTA YOGYAKARTA,40,2,-7.7955798,110.3694896,0.546,76.0,59.0,0.0,14.44,29.62,28.61,1010.0,5.63,175.0
2021,KAB BANTUL,41,2,-7.902328,110.2862991,0.636,82.0,59.0,0.1,13.11,29.56,22.0,1010.0,6.42,170.0
2021,KAB GUNUNG KIDUL,41,1,-7.9930685,110.2704459,0.522,82.0,62.0,0.0,13.11,28.97,22.0,1010.0,6.56,165.0
2021,KAB KULON PROGO,41,0,-7.8186375,110.1613062,0.68,77.0,60.0,0.0,13.21,30.64,22.1,1010.0,5.29,171.0
2021,KAB SLEMAN,41,16,-7.7145614,110.3544861,0.573,79.0,47.0,0.0,12.01,31.47,20.9,1009.0,6.18,189.0
2021,KOTA YOGYAKARTA,41,0,-7.7955798,110.3694896,0.546,81.0,52.0,0.14,12.77,30.71,21.66,1009.0,6.32,180.0
2021,KAB BANTUL,42,11,-7.902328,110.2862991,0.605,88.0,63.0,16.46,15.89,29.81,29.81,1009.0,5.28,163.0
2021,KAB GUNUNG KIDUL,42,2,-7.9930685,110.2704459,0.506,86.0,64.0,21.21,15.89,29.46,29.46,1009.0,5.68,159.0
2021,KAB KULON PROGO,42,1,-7.8186375,110.1613062,0.687,88.0,58.0,10.61,15.99,31.2,31.2,1009.0,4.64,171.0
2021,KAB SLEMAN,42,8,-7.7145614,110.3544861,0.561,90.0,57.0,13.69,14.79,30.99,30.62,1009.0,3.87,193.0
2021,KOTA YOGYAKARTA,42,3,-7.7955798,110.3694896,0.498,92.0,60.0,16.24,15.55,30.76,30.34,1009.0,4.53,176.0
2021,KAB BANTUL,43,20,-7.902328,110.2862991,0.605,28.0,61.0,0.17,24.53,30.92,30.92,1010.0,5.19,181.0
2021,KAB GUNUNG KIDUL,43,2,-7.9930685,110.2704459,0.506,29.0,64.0,0.0,24.67,30.24,30.14,1010.0,5.44,172.0
2021,KAB KULON PROGO,43,2,-7.8186375,110.1613062,0.687,41.0,58.0,1.02,25.52,34.38,32.71,1010.0,4.45,189.0
2021,KAB SLEMAN,43,14,-7.7145614,110.3544861,0.561,27.0,50.0,0.39,23.0,32.93,32.77,1009.0,5.25,196.0
2021,KOTA YOGYAKARTA,43,1,-7.7955798,110.3694896,0.498,26.0,54.0,0.14,23.92,32.29,32.29,1009.0,5.39,190.0
2021,KAB BANTUL,44,23,-7.902328,110.2862991,0.672,100.0,73.0,12.17,24.8,29.23,29.13,1010.0,4.2,159.0
2021,KAB GUNUNG KIDUL,44,4,-7.9930685,110.2704459,0.538,100.0,75.0,13.82,24.97,28.87,28.75,1010.0,4.78,155.0
2021,KAB KULON PROGO,44,0,-7.8186375,110.1613062,0.735,100.0,72.0,19.6,22.71,30.49,30.49,1010.0,3.44,165.0
2021,KAB SLEMAN,44,2,-7.7145614,110.3544861,0.624,100.0,67.0,33.87,23.21,29.89,29.79,1010.0,2.63,195.0
2021,KOTA YOGYAKARTA,44,5,-7.7955798,110.3694896,0.691,100.0,69.0,16.48,24.12,29.86,29.74,1010.0,3.28,180.0
2021,KAB BANTUL,45,22,-7.902328,110.2862991,0.672,100.0,68.0,39.62,15.89,30.75,21.45,1006.0,3.95,285.0
2021,KAB GUNUNG KIDUL,45,4,-7.9930685,110.2704459,0.538,100.0,70.0,41.52,15.89,30.5,21.45,1006.0,4.39,286.0
2021,KAB KULON PROGO,45,1,-7.8186375,110.1613062,0.735,100.0,71.0,12.36,15.97,31.05,21.53,1006.0,2.95,264.0
2021,KAB SLEMAN,45,12,-7.7145614,110.3544861,0.624,100.0,64.0,20.49,14.79,30.56,20.35,1006.0,2.26,282.0
2021,KOTA YOGYAKARTA,45,2,-7.7955798,110.3694896,0.691,100.0,65.0,40.28,15.55,30.96,21.11,1006.0,3.06,284.0
2021,KAB BANTUL,46,21,-7.902328,110.2862991,0.672,100.0,83.0,18.08,17.0,24.89,20.89,1010.0,3.07,253.0
2021,KAB GUNUNG KIDUL,46,4,-7.9930685,110.2704459,0.538,100.0,83.0,20.09,17.0,25.0,20.89,1010.0,3.67,260.0
2021,KAB KULON PROGO,46,0,-7.8186375,110.1613062,0.735,100.0,81.0,40.03,17.1,26.6,20.97,1010.0,2.19,219.0
2021,KAB SLEMAN,46,11,-7.7145614,110.3544861,0.624,100.0,86.0,36.02,15.9,23.32,19.79,1010.0,2.57,218.0
2021,KOTA YOGYAKARTA,46,5,-7.7955798,110.3694896,0.691,100.0,84.0,16.14,16.66,24.3,20.55,1010.0,2.73,240.0
2021,KAB BANTUL,47,46,-7.902328,110.2862991,0.695,85.0,68.0,0.11,16.45,29.79,29.53,1008.0,3.03,210.0
2021,KAB GUNUNG KIDUL,47,5,-7.9930685,110.2704459,0.774,85.0,68.0,0.0,16.45,29.45,29.29,1008.0,3.28,212.0
2021,KAB KULON PROGO,47,6,-7.8186375,110.1613062,0.9,91.0,72.0,5.7,16.55,32.16,31.05,1008.0,2.71,166.0
2021,KAB SLEMAN,47,16,-7.7145614,110.3544861,0.66,85.0,68.0,0.0,15.35,29.69,28.87,1008.0,2.07,178.0
2021,KOTA YOGYAKARTA,47,3,-7.7955798,110.3694896,0.538,84.0,67.0,0.0,16.11,30.16,29.6,1008.0,2.56,194.0
2021,KAB BANTUL,48,39,-7.902328,110.2862991,0.695,100.0,82.0,0.63,24.29,26.19,26.19,1009.0,2.97,308.0
2021,KAB GUNUNG KIDUL,48,16,-7.9930685,110.2704459,0.774,100.0,82.0,0.35,24.38,26.2,26.2,1009.0,3.2,309.0
2021,KAB KULON PROGO,48,2,-7.8186375,110.1613062,0.9,99.0,86.0,6.98,23.79,25.93,25.93,1009.0,1.97,263.0
2021,KAB SLEMAN,48,15,-7.7145614,110.3544861,0.66,99.0,81.0,0.0,22.92,25.41,25.41,1009.0,2.38,295.0
2021,KOTA YOGYAKARTA,48,7,-7.7955798,110.3694896,0.538,100.0,82.0,0.6,23.8,25.84,25.84,1009.0,2.58,305.0
2021,KAB BANTUL,49,39,-7.902328,110.2862991,0.66,100.0,74.0,4.97,17.0,28.36,28.36,1009.0,4.72,259.0
2021,KAB GUNUNG KIDUL,49,12,-7.9930685,110.2704459,0.79,100.0,75.0,4.73,17.0,28.11,28.0,1009.0,4.99,261.0
2021,KAB KULON PROGO,49,7,-7.8186375,110.1613062,0.735,99.0,68.0,5.76,17.08,31.6,29.93,1009.0,3.72,239.0
2021,KAB SLEMAN,49,15,-7.7145614,110.3544861,0.676,100.0,69.0,4.85,15.9,28.85,28.85,1009.0,3.67,244.0
2021,KOTA YOGYAKARTA,49,2,-7.7955798,110.3694896,0.62,100.0,70.0,5.25,16.66,28.91,28.91,1009.0,4.23,253.0
2021,KAB BANTUL,50,33,-7.902328,110.2862991,0.66,88.0,63.0,0.0,17.56,30.27,25.89,1010.0,4.25,232.0
2021,KAB GUNUNG KIDUL,50,8,-7.9930685,110.2704459,0.79,91.0,66.0,0.0,17.56,29.81,25.89,1010.0,4.38,254.0
2021,KAB KULON PROGO,50,5,-7.8186375,110.1613062,0.735,80.0,62.0,0.56,17.65,32.87,25.97,1010.0,4.09,221.0
2021,KAB SLEMAN,50,12,-7.7145614,110.3544861,0.676,74.0,54.0,0.0,16.46,31.05,24.79,1010.0,4.59,224.0
2021,KOTA YOGYAKARTA,50,8,-7.7955798,110.3694896,0.62,82.0,58.0,0.1,17.22,30.99,25.55,1010.0,4.61,228.0
2021,KAB BANTUL,51,21,-7.902328,110.2862991,0.695,100.0,69.0,17.66,16.45,30.72,25.89,1009.0,2.91,173.0
2021,KAB GUNUNG KIDUL,51,12,-7.9930685,110.2704459,0.833,100.0,72.0,12.44,16.45,30.35,25.89,1009.0,3.29,177.0
2021,KAB KULON PROGO,51,8,-7.8186375,110.1613062,0.794,99.0,63.0,29.71,16.53,33.42,25.97,1009.0,3.51,198.0
2021,KAB SLEMAN,51,1,-7.7145614,110.3544861,0.687,99.0,60.0,19.03,15.35,31.05,24.79,1009.0,2.39,176.0
2021,KOTA YOGYAKARTA,51,1,-7.7955798,110.3694896,0.719,100.0,64.0,19.0,16.11,31.13,25.55,1009.0,2.82,185.0
2021,KAB BANTUL,52,0,-7.902328,110.2862991,0.695,58.0,64.0,3.23,25.08,30.4,30.4,1010.0,4.39,227.0
2021,KAB GUNUNG KIDUL,52,1,-7.9930685,110.2704459,0.833,58.0,66.0,3.33,25.24,29.86,29.86,1011.0,4.78,277.0
2021,KAB KULON PROGO,52,0,-7.8186375,110.1613062,0.794,67.0,60.0,8.88,23.98,33.98,31.75,1011.0,4.15,213.0
2021,KAB SLEMAN,52,0,-7.7145614,110.3544861,0.687,65.0,55.0,10.94,23.29,31.45,31.45,1010.0,5.12,221.0
2021,KOTA YOGYAKARTA,52,2,-7.7955798,110.3694896,0.719,60.0,58.0,4.19,24.37,31.29,31.29,1010.0,4.93,224.0
2022,KAB BANTUL,1,32,-7.902328,110.2862991,0.695,97.0,68.0,0.0,18.11,29.26,29.26,1010.0,4.33,233.0
2022,KAB GUNUNG KIDUL,1,10,-7.9930685,110.2704459,0.813,98.0,70.0,3.48,18.11,28.91,28.91,1010.0,4.23,234.0
2022,KAB KULON PROGO,1,25,-7.8186375,110.1613062,0.79,67.0,70.0,0.44,18.19,32.16,29.16,1010.0,3.2,235.0
2022,KAB SLEMAN,1,26,-7.7145614,110.3544861,0.585,92.0,62.0,0.0,17.01,29.82,29.82,1010.0,4.72,225.0
2022,KOTA YOGYAKARTA,1,7,-7.7955798,110.3694896,0.593,96.0,65.0,0.0,17.77,29.73,29.73,1010.0,4.66,228.0
2022,KAB BANTUL,2,37,-7.902328,110.2862991,0.695,61.0,66.0,8.05,24.87,30.1,30.1,1009.0,4.35,225.0
2022,KAB GUNUNG KIDUL,2,12,-7.9930685,110.2704459,0.813,58.0,68.0,6.28,25.09,29.69,29.69,1009.0,4.37,225.0
2022,KAB KULON PROGO,2,27,-7.8186375,110.1613062,0.79,68.0,68.0,24.37,24.29,33.83,33.83,1009.0,3.75,222.0
2022,KAB SLEMAN,2,16,-7.7145614,110.3544861,0.585,67.0,60.0,15.54,23.06,30.78,30.78,1009.0,4.49,229.0
2022,KOTA YOGYAKARTA,2,8,-7.7955798,110.3694896,0.593,67.0,62.0,13.97,24.06,30.73,30.73,1009.0,4.52,229.0
2022,KAB BANTUL,3,25,-7.902328,110.2862991,0.719,61.0,61.0,18.83,17.0,29.29,25.34,1008.0,4.92,240.0
2022,KAB GUNUNG KIDUL,3,9,-7.9930685,110.2704459,0.841,64.0,63.0,17.55,17.0,29.13,25.34,1008.0,5.47,254.0
2022,KAB KULON PROGO,3,14,-7.8186375,110.1613062,0.652,50.0,60.0,19.02,17.08,32.71,25.42,1008.0,4.42,225.0
2022,KAB SLEMAN,3,14,-7.7145614,110.3544861,0.715,55.0,53.0,13.6,15.9,29.09,24.24,1008.0,4.3,219.0
2022,KOTA YOGYAKARTA,3,4,-7.7955798,110.3694896,0.743,55.0,56.0,20.34,16.66,29.39,25.0,1008.0,4.86,240.0
2022,KAB BANTUL,4,30,-7.902328,110.2862991,0.719,99.0,73.0,0.49,17.56,28.37,28.37,1009.0,4.26,246.0
2022,KAB GUNUNG KIDUL,4,7,-7.9930685,110.2704459,0.841,99.0,74.0,0.22,17.56,28.03,28.03,1008.0,4.37,250.0
2022,KAB KULON PROGO,4,4,-7.8186375,110.1613062,0.652,99.0,74.0,1.13,17.65,32.31,32.31,1009.0,4.09,230.0
2022,KAB SLEMAN,4,17,-7.7145614,110.3544861,0.715,100.0,67.0,1.85,16.46,28.89,28.89,1009.0,4.61,226.0
2022,KOTA YOGYAKARTA,4,6,-7.7955798,110.3694896,0.743,100.0,70.0,0.42,17.22,28.78,28.78,1009.0,4.59,232.0
2022,KAB BANTUL,5,26,-7.902328,110.2862991,0.719,84.0,69.0,0.56,18.67,29.75,29.57,1009.0,3.84,230.0
2022,KAB GUNUNG KIDUL,5,12,-7.9930685,110.2704459,0.841,84.0,69.0,0.42,18.67,29.38,29.38,1009.0,3.96,229.0
2022,KAB KULON PROGO,5,13,-7.8186375,110.1613062,0.652,91.0,72.0,0.99,18.76,31.75,29.65,1009.0,3.5,232.0
2022,KAB SLEMAN,5,8,-7.7145614,110.3544861,0.715,85.0,70.0,0.87,17.57,29.54,29.23,1009.0,3.07,238.0
2022,KOTA YOGYAKARTA,5,3,-7.7955798,110.3694896,0.743,84.0,69.0,0.87,18.33,29.96,29.67,1009.0,3.58,233.0
2022,KAB BANTUL,6,26,-7.902328,110.2862991,0.727,67.0,67.0,22.27,16.45,26.4,23.67,1007.0,2.58,231.0
2022,KAB GUNUNG KIDUL,6,7,-7.9930685,110.2704459,0.743,71.0,68.0,22.48,16.45,26.47,23.67,1007.0,2.8,310.0
2022,KAB KULON PROGO,6,3,-7.8186375,110.1613062,0.802,90.0,67.0,33.43,16.53,27.71,23.75,1007.0,3.06,225.0
2022,KAB SLEMAN,6,12,-7.7145614,110.3544861,0.731,46.0,65.0,17.88,15.35,25.16,22.57,1007.0,2.61,74.0
2022,KOTA YOGYAKARTA,6,1,-7.7955798,110.3694896,0.77,56.0,65.0,27.16,16.11,25.93,23.33,1007.0,2.53,231.0
2022,KAB BANTUL,7,17,-7.902328,110.2862991,0.727,93.0,69.0,47.75,16.45,29.98,29.98,1006.0,2.39,77.0
2022,KAB GUNUNG KIDUL,7,2,-7.9930685,110.2704459,0.743,93.0,69.0,50.11,16.45,29.8,29.8,1006.0,2.51,90.0
2022,KAB KULON PROGO,7,3,-7.8186375,110.1613062,0.802,97.0,73.0,64.96,16.55,29.53,29.48,1006.0,1.82,72.0
2022,KAB SLEMAN,7,4,-7.7145614,110.3544861,0.731,96.0,70.0,27.33,15.35,29.53,29.53,1006.0,2.09,72.0
2022,KOTA YOGYAKARTA,7,1,-7.7955798,110.3694896,0.77,95.0,69.0,53.71,16.11,30.05,30.05,1006.0,2.33,80.0
2022,KAB BANTUL,8,10,-7.902328,110.2862991,0.703,100.0,76.0,5.2,15.89,30.53,24.22,1009.0,3.14,298.0
2022,KAB GUNUNG KIDUL,8,3,-7.9930685,110.2704459,0.77,100.0,78.0,7.73,15.89,30.06,24.22,1009.0,3.59,297.0
2022,KAB KULON PROGO,8,3,-7.8186375,110.1613062,0.743,100.0,65.0,35.36,15.99,34.53,24.3,1009.0,2.28,193.0
2022,KAB SLEMAN,8,1,-7.7145614,110.3544861,0.652,100.0,71.0,11.34,14.79,30.7,23.12,1009.0,2.28,196.0
2022,KOTA YOGYAKARTA,8,1,-7.7955798,110.3694896,0.617,100.0,73.0,3.54,15.55,31.15,23.88,1009.0,2.29,229.0
2022,KAB BANTUL,9,13,-7.902328,110.2862991,0.703,86.0,62.0,1.21,23.96,30.48,30.48,1008.0,4.91,262.0
2022,KAB GUNUNG KIDUL,9,3,-7.9930685,110.2704459,0.77,90.0,63.0,0.95,23.96,30.03,30.03,1008.0,5.09,264.0
2022,KAB KULON PROGO,9,0,-7.8186375,110.1613062,0.743,80.0,61.0,1.84,25.43,31.05,30.87,1009.0,4.94,244.0
2022,KAB SLEMAN,9,3,-7.7145614,110.3544861,0.652,71.0,55.0,4.01,22.8,31.16,31.16,1008.0,3.72,249.0
2022,KOTA YOGYAKARTA,9,1,-7.7955798,110.3694896,0.617,78.0,57.0,2.56,23.56,31.18,31.18,1008.0,4.46,256.0
2022,KAB BANTUL,10,20,-7.902328,110.2862991,0.739,100.0,76.0,1.0,23.52,32.41,32.41,1009.0,3.59,242.0
2022,KAB GUNUNG KIDUL,10,2,-7.9930685,110.2704459,0.794,100.0,76.0,0.95,23.52,32.41,32.41,1009.0,3.6,243.0
2022,KAB KULON PROGO,10,4,-7.8186375,110.1613062,0.825,100.0,78.0,0.64,23.61,32.87,32.5,1009.0,2.73,231.0
2022,KAB SLEMAN,10,2,-7.7145614,110.3544861,0.719,100.0,75.0,0.4,22.42,31.31,31.31,1009.0,3.94,230.0
2022,KOTA YOGYAKARTA,10,4,-7.7955798,110.3694896,0.715,100.0,75.0,0.69,23.18,32.07,32.07,1009.0,3.8,232.0
2022,KAB BANTUL,11,18,-7.902328,110.2862991,0.739,55.0,65.0,12.96,24.59,31.42,31.26,1007.0,4.92,144.0
2022,KAB GUNUNG KIDUL,11,3,-7.9930685,110.2704459,0.794,58.0,66.0,11.36,24.69,31.24,30.96,1006.0,5.54,144.0
2022,KAB KULON PROGO,11,3,-7.8186375,110.1613062,0.825,55.0,60.0,14.09,24.72,33.61,32.5,1006.0,4.05,172.0
2022,KAB SLEMAN,11,8,-7.7145614,110.3544861,0.719,45.0,63.0,10.54,23.37,32.42,31.31,1007.0,2.66,89.0
2022,KOTA YOGYAKARTA,11,0,-7.7955798,110.3694896,0.715,49.0,63.0,14.53,24.03,31.56,31.56,1007.0,3.61,139.0
2022,KAB BANTUL,12,17,-7.902328,110.2862991,0.739,82.0,67.0,1.88,24.42,30.42,30.31,1008.0,4.8,253.0
2022,KAB GUNUNG KIDUL,12,3,-7.9930685,110.2704459,0.794,82.0,69.0,3.32,24.47,29.99,29.89,1008.0,4.93,255.0
2022,KAB KULON PROGO,12,7,-7.8186375,110.1613062,0.825,53.0,67.0,1.92,23.99,30.77,30.73,1008.0,4.11,237.0
2022,KAB SLEMAN,12,7,-7.7145614,110.3544861,0.719,86.0,62.0,1.55,23.07,30.9,30.79,1008.0,4.18,243.0
2022,KOTA YOGYAKARTA,12,2,-7.7955798,110.3694896,0.715,85.0,63.0,1.87,23.91,31.05,30.92,1008.0,4.58,249.0
2022,KAB BANTUL,13,14,-7.902328,110.2862991,0.668,61.0,67.0,1.47,23.59,30.43,30.23,1009.0,3.2,220.0
2022,KAB GUNUNG KIDUL,13,5,-7.9930685,110.2704459,0.809,56.0,69.0,3.27,23.59,29.93,29.76,1009.0,3.26,221.0
2022,KAB KULON PROGO,13,2,-7.8186375,110.1613062,0.699,82.0,64.0,2.6,24.26,31.26,30.84,1009.0,3.56,214.0
2022,KAB SLEMAN,13,13,-7.7145614,110.3544861,0.624,85.0,62.0,1.08,22.74,31.04,30.58,1009.0,2.36,213.0
2022,KOTA YOGYAKARTA,13,1,-7.7955798,110.3694896,0.605,73.0,63.0,0.12,23.3,31.21,30.83,1009.0,2.97,217.0
2022,KAB BANTUL,14,19,-7.902328,110.2862991,0.668,23.0,67.0,9.49,24.21,30.22,30.07,1009.0,3.76,185.0
2022,KAB GUNUNG KIDUL,14,7,-7.9930685,110.2704459,0.809,21.0,68.0,8.75,24.31,29.84,29.66,1010.0,3.83,186.0
2022,KAB KULON PROGO,14,1,-7.8186375,110.1613062,0.699,22.0,65.0,12.3,21.39,31.22,30.85,1009.0,3.36,190.0
2022,KAB SLEMAN,14,8,-7.7145614,110.3544861,0.624,29.0,62.0,16.91,20.2,30.58,30.57,1010.0,3.01,196.0
2022,KOTA YOGYAKARTA,14,0,-7.7955798,110.3694896,0.605,26.0,63.0,9.4,23.6,30.67,30.64,1009.0,3.35,199.0
2022,KAB BANTUL,15,16,-7.902328,110.2862991,0.652,94.0,68.0,0.39,23.96,29.61,29.61,1009.0,3.79,175.0
2022,KAB GUNUNG KIDUL,15,4,-7.9930685,110.2704459,0.806,94.0,69.0,0.83,24.07,29.42,29.32,1009.0,4.0,173.0
2022,KAB KULON PROGO,15,2,-7.8186375,110.1613062,0.746,82.0,67.0,27.01,23.77,30.32,29.79,1010.0,3.08,185.0
2022,KAB SLEMAN,15,5,-7.7145614,110.3544861,0.597,94.0,64.0,29.4,22.49,29.68,29.68,1010.0,2.84,185.0
2022,KOTA YOGYAKARTA,15,4,-7.7955798,110.3694896,0.624,94.0,65.0,3.38,23.41,30.27,29.92,1009.0,3.36,181.0
2022,KAB BANTUL,16,11,-7.902328,110.2862991,0.652,72.0,65.0,0.68,24.52,31.19,31.08,1007.0,4.39,162.0
2022,KAB GUNUNG KIDUL,16,1,-7.9930685,110.2704459,0.806,75.0,68.0,0.21,24.67,30.85,30.52,1007.0,4.89,166.0
2022,KAB KULON PROGO,16,2,-7.8186375,110.1613062,0.746,56.0,59.0,0.31,24.23,32.46,32.46,1007.0,3.99,192.0
2022,KAB SLEMAN,16,10,-7.7145614,110.3544861,0.597,57.0,56.0,1.6,22.92,32.09,32.06,1008.0,2.16,145.0
2022,KOTA YOGYAKARTA,16,2,-7.7955798,110.3694896,0.624,65.0,60.0,0.26,23.87,31.93,31.93,1007.0,3.18,167.0
2022,KAB BANTUL,17,10,-7.902328,110.2862991,0.691,92.0,69.0,0.94,24.72,30.24,30.17,1007.0,3.43,191.0
2022,KAB GUNUNG KIDUL,17,0,-7.9930685,110.2704459,0.754,91.0,71.0,0.84,24.84,29.83,29.64,1007.0,3.34,203.0
2022,KAB KULON PROGO,17,3,-7.8186375,110.1613062,0.778,67.0,63.0,6.87,24.4,31.21,31.21,1007.0,3.42,203.0
2022,KAB SLEMAN,17,6,-7.7145614,110.3544861,0.601,96.0,60.0,14.24,23.25,31.05,31.05,1007.0,3.48,199.0
2022,KOTA YOGYAKARTA,17,2,-7.7955798,110.3694896,0.617,95.0,64.0,3.28,24.13,30.93,30.93,1007.0,3.61,196.0
2022,KAB BANTUL,18,17,-7.902328,110.2862991,0.691,76.0,59.0,0.76,24.64,31.76,31.76,1007.0,3.61,153.0
2022,KAB GUNUNG KIDUL,18,3,-7.9930685,110.2704459,0.754,75.0,60.0,0.69,24.77,31.49,31.49,1007.0,4.09,151.0
2022,KAB KULON PROGO,18,6,-7.8186375,110.1613062,0.778,46.0,61.0,12.28,24.4,31.91,31.91,1007.0,3.25,200.0
2022,KAB SLEMAN,18,16,-7.7145614,110.3544861,0.601,80.0,58.0,1.09,23.22,31.53,31.53,1007.0,3.33,85.0
2022,KOTA YOGYAKARTA,18,4,-7.7955798,110.3694896,0.617,79.0,58.0,1.7,24.07,31.95,31.95,1007.0,3.05,104.0
2022,KAB BANTUL,19,21,-7.902328,110.2862991,0.668,96.0,72.0,1.75,24.75,30.04,30.01,1007.0,3.11,242.0
2022,KAB GUNUNG KIDUL,19,4,-7.9930685,110.2704459,0.727,97.0,73.0,0.77,24.84,29.78,29.78,1007.0,3.13,230.0
2022,KAB KULON PROGO,19,8,-7.8186375,110.1613062,0.794,91.0,77.0,10.41,24.48,30.33,29.72,1008.0,3.23,247.0
2022,KAB SLEMAN,19,10,-7.7145614,110.3544861,0.62,93.0,72.0,21.37,23.35,30.23,29.8,1007.0,3.12,231.0
2022,KOTA YOGYAKARTA,19,1,-7.7955798,110.3694896,0.613,94.0,71.0,8.83,24.2,30.48,30.19,1007.0,3.24,240.0
2022,KAB BANTUL,20,21,-7.902328,110.2862991,0.668,100.0,68.0,0.11,25.19,30.56,30.17,1010.0,3.63,187.0
2022,KAB GUNUNG KIDUL,20,8,-7.9930685,110.2704459,0.727,100.0,70.0,0.0,25.33,30.12,29.86,1010.0,3.74,188.0
2022,KAB KULON PROGO,20,2,-7.8186375,110.1613062,0.794,88.0,64.0,0.0,25.04,31.63,31.63,1010.0,3.24,191.0
2022,KAB SLEMAN,20,9,-7.7145614,110.3544861,0.62,99.0,64.0,0.0,23.65,31.18,30.26,1010.0,3.62,194.0
2022,KOTA YOGYAKARTA,20,2,-7.7955798,110.3694896,0.613,100.0,66.0,0.0,24.58,31.21,30.46,1010.0,3.73,192.0
2022,KAB BANTUL,21,23,-7.902328,110.2862991,0.668,58.0,63.0,10.43,24.02,30.32,30.19,1008.0,1.81,65.0
2022,KAB GUNUNG KIDUL,21,7,-7.9930685,110.2704459,0.727,57.0,62.0,13.31,24.07,30.39,30.3,1008.0,2.05,76.0
2022,KAB KULON PROGO,21,10,-7.8186375,110.1613062,0.794,80.0,73.0,31.52,24.08,29.05,29.05,1008.0,2.1,226.0
2022,KAB SLEMAN,21,12,-7.7145614,110.3544861,0.62,58.0,66.0,3.5,22.78,29.53,28.94,1008.0,2.18,58.0
2022,KOTA YOGYAKARTA,21,4,-7.7955798,110.3694896,0.613,57.0,65.0,10.3,23.56,30.75,29.7,1008.0,1.98,61.0
2022,KAB BANTUL,22,30,-7.902328,110.2862991,0.723,100.0,62.0,0.92,23.89,30.64,30.6,1009.0,3.55,212.0
2022,KAB GUNUNG KIDUL,22,9,-7.9930685,110.2704459,0.75,100.0,64.0,1.29,23.88,30.4,30.24,1009.0,3.93,215.0
2022,KAB KULON PROGO,22,4,-7.8186375,110.1613062,0.794,59.0,61.0,3.9,23.88,31.27,31.27,1009.0,3.96,204.0
2022,KAB SLEMAN,22,10,-7.7145614,110.3544861,0.66,99.0,59.0,0.0,22.71,30.61,30.61,1009.0,2.45,190.0
2022,KOTA YOGYAKARTA,22,2,-7.7955798,110.3694896,0.628,100.0,59.0,0.25,23.62,30.98,30.98,1009.0,2.65,203.0
2022,KAB BANTUL,23,22,-7.902328,110.2862991,0.723,66.0,71.0,3.8,23.62,28.97,28.97,1010.0,3.1,179.0
2022,KAB GUNUNG KIDUL,23,3,-7.9930685,110.2704459,0.75,64.0,73.0,10.19,23.74,28.69,28.57,1010.0,3.37,171.0
2022,KAB KULON PROGO,23,5,-7.8186375,110.1613062,0.794,71.0,67.0,4.42,23.38,29.84,29.84,1010.0,2.92,185.0
2022,KAB SLEMAN,23,13,-7.7145614,110.3544861,0.66,71.0,66.0,3.91,22.11,29.41,29.41,1010.0,2.95,182.0
2022,KOTA YOGYAKARTA,23,7,-7.7955798,110.3694896,0.628,71.0,68.0,3.48,22.97,29.51,29.51,1010.0,3.19,177.0
2022,KAB BANTUL,24,27,-7.902328,110.2862991,0.699,99.0,73.0,10.44,23.83,29.42,29.07,1009.0,2.59,199.0
2022,KAB GUNUNG KIDUL,24,9,-7.9930685,110.2704459,0.707,99.0,74.0,7.58,23.8,29.14,28.81,1009.0,2.71,180.0
2022,KAB KULON PROGO,24,9,-7.8186375,110.1613062,0.778,100.0,72.0,3.03,24.06,29.9,29.54,1009.0,2.91,191.0
2022,KAB SLEMAN,24,14,-7.7145614,110.3544861,0.711,100.0,71.0,10.78,22.66,29.3,29.08,1009.0,1.92,188.0
2022,KOTA YOGYAKARTA,24,2,-7.7955798,110.3694896,0.711,100.0,71.0,12.21,23.43,29.67,29.35,1009.0,2.31,194.0
2022,KAB BANTUL,25,18,-7.902328,110.2862991,0.699,56.0,65.0,0.0,23.66,30.31,30.31,1009.0,5.72,140.0
2022,KAB GUNUNG KIDUL,25,6,-7.9930685,110.2704459,0.707,55.0,66.0,0.0,23.8,30.07,30.07,1009.0,6.57,140.0
2022,KAB KULON PROGO,25,3,-7.8186375,110.1613062,0.778,71.0,62.0,0.31,23.31,30.89,30.89,1009.0,4.09,163.0
2022,KAB SLEMAN,25,13,-7.7145614,110.3544861,0.711,69.0,59.0,0.11,22.03,30.48,30.23,1009.0,3.39,176.0
2022,KOTA YOGYAKARTA,25,5,-7.7955798,110.3694896,0.711,61.0,62.0,0.0,23.0,30.5,30.5,1009.0,4.19,162.0
2022,KAB BANTUL,26,18,-7.902328,110.2862991,0.628,72.0,73.0,0.23,24.88,28.73,28.1,1010.0,6.79,139.0
2022,KAB GUNUNG KIDUL,26,6,-7.9930685,110.2704459,0.691,69.0,73.0,0.17,25.17,28.58,27.98,1010.0,7.48,137.0
2022,KAB KULON PROGO,26,7,-7.8186375,110.1613062,0.711,79.0,74.0,0.25,23.85,29.15,28.55,1010.0,5.08,141.0
2022,KAB SLEMAN,26,15,-7.7145614,110.3544861,0.62,81.0,74.0,0.49,22.55,28.23,27.53,1010.0,3.96,155.0
2022,KOTA YOGYAKARTA,26,2,-7.7955798,110.3694896,0.597,78.0,73.0,0.97,23.84,28.75,28.05,1010.0,5.31,145.0
2022,KAB BANTUL,27,29,-7.902328,110.2862991,0.628,54.0,64.0,0.37,23.87,30.67,30.67,1007.0,2.67,179.0
2022,KAB GUNUNG KIDUL,27,0,-7.9930685,110.2704459,0.691,53.0,66.0,0.23,24.0,30.25,30.25,1007.0,3.08,148.0
2022,KAB KULON PROGO,27,8,-7.8186375,110.1613062,0.711,61.0,68.0,0.12,23.6,30.5,30.5,1008.0,3.18,209.0
2022,KAB SLEMAN,27,27,-7.7145614,110.3544861,0.62,53.0,59.0,0.0,22.39,31.09,31.09,1008.0,2.31,97.0
2022,KOTA YOGYAKARTA,27,11,-7.7955798,110.3694896,0.597,55.0,61.0,0.18,23.25,31.19,31.19,1007.0,2.13,128.0
2022,KAB BANTUL,28,36,-7.902328,110.2862991,0.628,56.0,67.0,0.13,22.89,28.36,28.16,1010.0,6.07,143.0
2022,KAB GUNUNG KIDUL,28,0,-7.9930685,110.2704459,0.691,53.0,69.0,0.1,23.25,28.09,27.82,1010.0,6.67,142.0
2022,KAB KULON PROGO,28,6,-7.8186375,110.1613062,0.711,74.0,66.0,0.0,21.91,28.92,28.7,1010.0,4.88,146.0
2022,KAB SLEMAN,28,20,-7.7145614,110.3544861,0.62,68.0,60.0,0.0,20.35,28.66,28.66,1010.0,3.97,169.0
2022,KOTA YOGYAKARTA,28,3,-7.7955798,110.3694896,0.597,61.0,63.0,0.0,21.73,28.63,28.63,1010.0,4.74,157.0
2022,KAB BANTUL,29,24,-7.902328,110.2862991,0.581,89.0,75.0,0.81,23.84,27.47,27.38,1011.0,5.59,128.0
2022,KAB GUNUNG KIDUL,29,7,-7.9930685,110.2704459,0.695,88.0,75.0,0.52,24.06,27.37,27.29,1011.0,6.38,137.0
2022,KAB KULON PROGO,29,4,-7.8186375,110.1613062,0.707,97.0,73.0,0.76,23.16,28.12,28.12,1011.0,3.74,132.0
2022,KAB SLEMAN,29,11,-7.7145614,110.3544861,0.577,92.0,73.0,2.11,21.83,27.98,27.08,1011.0,3.05,142.0
2022,KOTA YOGYAKARTA,29,1,-7.7955798,110.3694896,0.573,92.0,74.0,0.69,23.02,27.96,27.36,1011.0,4.25,129.0
2022,KAB BANTUL,30,38,-7.902328,110.2862991,0.581,82.0,69.0,0.11,22.42,27.1,26.73,1010.0,6.8,137.0
2022,KAB GUNUNG KIDUL,30,2,-7.9930685,110.2704459,0.695,81.0,69.0,0.0,22.74,26.97,26.64,1010.0,7.58,135.0
2022,KAB KULON PROGO,30,2,-7.8186375,110.1613062,0.707,80.0,72.0,0.0,21.61,27.71,26.97,1010.0,5.35,137.0
2022,KAB SLEMAN,30,7,-7.7145614,110.3544861,0.577,86.0,68.0,0.0,20.02,26.67,26.36,1010.0,4.3,167.0
2022,KOTA YOGYAKARTA,30,4,-7.7955798,110.3694896,0.573,85.0,69.0,0.0,21.36,27.12,26.7,1010.0,5.2,153.0
2022,KAB BANTUL,31,20,-7.902328,110.2862991,0.613,91.0,67.0,0.11,22.57,28.55,28.54,1009.0,5.19,163.0
2022,KAB GUNUNG KIDUL,31,4,-7.9930685,110.2704459,0.628,92.0,70.0,0.0,22.62,27.91,27.88,1009.0,5.67,144.0
2022,KAB KULON PROGO,31,4,-7.8186375,110.1613062,0.731,63.0,60.0,0.0,22.69,29.98,29.98,1009.0,4.07,185.0
2022,KAB SLEMAN,31,11,-7.7145614,110.3544861,0.542,84.0,55.0,0.0,21.25,30.74,30.09,1008.0,3.66,194.0
2022,KOTA YOGYAKARTA,31,8,-7.7955798,110.3694896,0.577,88.0,60.0,0.0,22.2,29.97,29.6,1009.0,4.36,180.0
2022,KAB BANTUL,32,30,-7.902328,110.2862991,0.613,90.0,73.0,0.18,23.53,26.98,26.73,1011.0,5.22,154.0
2022,KAB GUNUNG KIDUL,32,3,-7.9930685,110.2704459,0.628,89.0,73.0,0.14,23.76,26.8,26.69,1011.0,5.67,152.0
2022,KAB KULON PROGO,32,7,-7.8186375,110.1613062,0.731,89.0,74.0,0.0,22.33,27.56,26.91,1011.0,4.05,156.0
2022,KAB SLEMAN,32,3,-7.7145614,110.3544861,0.542,89.0,73.0,0.0,21.3,26.85,26.24,1011.0,3.76,178.0
2022,KOTA YOGYAKARTA,32,4,-7.7955798,110.3694896,0.577,91.0,74.0,0.15,22.51,27.11,26.56,1011.0,4.33,162.0
2022,KAB BANTUL,33,35,-7.902328,110.2862991,0.699,78.0,72.0,14.37,23.82,29.25,28.76,1010.0,4.03,168.0
2022,KAB GUNUNG KIDUL,33,1,-7.9930685,110.2704459,0.585,79.0,74.0,23.19,23.95,28.84,28.22,1010.0,4.5,166.0
2022,KAB KULON PROGO,33,3,-7.8186375,110.1613062,0.723,79.0,68.0,6.92,23.53,29.99,29.72,1010.0,3.28,187.0
2022,KAB SLEMAN,33,15,-7.7145614,110.3544861,0.569,79.0,64.0,23.65,22.25,29.8,29.8,1010.0,2.38,202.0
2022,KOTA YOGYAKARTA,33,6,-7.7955798,110.3694896,0.62,78.0,67.0,26.41,23.16,29.81,29.66,1010.0,3.03,183.0
2022,KAB BANTUL,34,32,-7.902328,110.2862991,0.699,97.0,71.0,0.0,23.78,27.85,27.13,1010.0,5.95,145.0
2022,KAB GUNUNG KIDUL,34,2,-7.9930685,110.2704459,0.585,98.0,72.0,0.0,24.04,27.69,26.85,1010.0,6.61,141.0
2022,KAB KULON PROGO,34,3,-7.8186375,110.1613062,0.723,94.0,68.0,0.0,23.66,28.98,28.25,1010.0,4.3,149.0
2022,KAB SLEMAN,34,8,-7.7145614,110.3544861,0.569,91.0,68.0,0.0,21.75,27.83,27.24,1010.0,2.82,179.0
2022,KOTA YOGYAKARTA,34,5,-7.7955798,110.3694896,0.62,94.0,69.0,0.0,22.87,27.94,27.49,1010.0,4.29,152.0
2022,KAB BANTUL,35,21,-7.902328,110.2862991,0.707,99.0,63.0,0.0,23.17,26.99,26.45,1010.0,5.54,151.0
2022,KAB GUNUNG KIDUL,35,3,-7.9930685,110.2704459,0.514,99.0,64.0,0.0,23.44,26.7,26.3,1010.0,5.99,147.0
2022,KAB KULON PROGO,35,3,-7.8186375,110.1613062,0.735,100.0,64.0,0.0,22.64,28.19,26.64,1010.0,4.86,154.0
2022,KAB SLEMAN,35,11,-7.7145614,110.3544861,0.605,99.0,62.0,0.0,21.13,27.34,26.08,1010.0,4.23,173.0
2022,KOTA YOGYAKARTA,35,4,-7.7955798,110.3694896,0.581,99.0,62.0,0.0,22.26,27.41,26.44,1010.0,4.7,160.0
2022,KAB BANTUL,36,29,-7.902328,110.2862991,0.707,66.0,60.0,0.0,22.46,29.47,29.33,1011.0,5.19,165.0
2022,KAB GUNUNG KIDUL,36,5,-7.9930685,110.2704459,0.514,63.0,63.0,0.0,22.61,28.71,28.67,1011.0,5.32,167.0
2022,KAB KULON PROGO,36,10,-7.8186375,110.1613062,0.735,48.0,55.0,0.0,21.8,30.8,30.8,1010.0,5.0,173.0
2022,KAB SLEMAN,36,10,-7.7145614,110.3544861,0.605,78.0,48.0,0.0,20.79,31.5,30.88,1010.0,4.98,176.0
2022,KOTA YOGYAKARTA,36,2,-7.7955798,110.3694896,0.581,73.0,53.0,0.0,21.8,30.85,30.46,1010.0,5.13,169.0
2022,KAB BANTUL,37,13,-7.902328,110.2862991,0.707,93.0,81.0,5.76,23.78,27.12,26.81,1011.0,5.77,141.0
2022,KAB GUNUNG KIDUL,37,1,-7.9930685,110.2704459,0.514,92.0,81.0,8.53,23.81,26.89,26.74,1011.0,6.42,139.0
2022,KAB KULON PROGO,37,3,-7.8186375,110.1613062,0.735,96.0,85.0,0.0,23.9,27.34,26.68,1011.0,4.06,137.0
2022,KAB SLEMAN,37,19,-7.7145614,110.3544861,0.605,92.0,81.0,0.0,22.67,27.34,26.24,1011.0,3.14,166.0
2022,KOTA YOGYAKARTA,37,8,-7.7955798,110.3694896,0.581,93.0,80.0,2.62,23.37,27.47,26.7,1011.0,4.37,147.0
2022,KAB BANTUL,38,20,-7.902328,110.2862991,0.707,90.0,64.0,0.0,24.31,28.83,28.83,1011.0,4.91,164.0
2022,KAB GUNUNG KIDUL,38,1,-7.9930685,110.2704459,0.542,89.0,66.0,0.0,24.48,28.34,28.34,1011.0,5.23,159.0
2022,KAB KULON PROGO,38,6,-7.8186375,110.1613062,0.766,96.0,66.0,0.0,24.08,29.43,29.43,1011.0,4.47,163.0
2022,KAB SLEMAN,38,13,-7.7145614,110.3544861,0.557,90.0,58.0,0.0,22.43,29.67,29.67,1011.0,4.26,195.0
2022,KOTA YOGYAKARTA,38,7,-7.7955798,110.3694896,0.546,90.0,60.0,0.0,23.57,29.6,29.6,1011.0,4.48,181.0
2022,KAB BANTUL,39,20,-7.902328,110.2862991,0.707,64.0,71.0,0.0,24.31,28.52,28.24,1011.0,6.05,149.0
2022,KAB GUNUNG KIDUL,39,2,-7.9930685,110.2704459,0.542,62.0,72.0,0.0,24.42,28.3,28.1,1011.0,6.67,147.0
2022,KAB KULON PROGO,39,4,-7.8186375,110.1613062,0.766,58.0,72.0,0.0,24.43,29.0,28.72,1011.0,4.64,152.0
2022,KAB SLEMAN,39,15,-7.7145614,110.3544861,0.557,71.0,69.0,0.0,22.72,28.86,27.97,1011.0,4.17,178.0
2022,KOTA YOGYAKARTA,39,2,-7.7955798,110.3694896,0.546,68.0,70.0,0.0,23.68,28.93,28.26,1010.0,4.82,163.0
2022,KAB BANTUL,40,19,-7.902328,110.2862991,0.62,72.0,76.0,3.91,24.53,28.11,28.11,1009.0,4.64,174.0
2022,KAB GUNUNG KIDUL,40,3,-7.9930685,110.2704459,0.463,74.0,77.0,3.14,24.67,27.85,27.85,1009.0,4.92,171.0
2022,KAB KULON PROGO,40,3,-7.8186375,110.1613062,0.774,67.0,79.0,6.14,24.0,28.6,28.19,1009.0,3.64,176.0
2022,KAB SLEMAN,40,11,-7.7145614,110.3544861,0.554,59.0,74.0,6.48,22.92,28.38,28.16,1009.0,3.42,197.0
2022,KOTA YOGYAKARTA,40,3,-7.7955798,110.3694896,0.526,66.0,75.0,5.89,23.87,28.4,28.38,1008.0,4.11,185.0
2022,KAB BANTUL,41,24,-7.902328,110.2862991,0.62,100.0,71.0,12.4,24.16,28.66,28.59,1011.0,4.18,165.0
2022,KAB GUNUNG KIDUL,41,2,-7.9930685,110.2704459,0.463,100.0,73.0,12.79,24.17,28.19,28.12,1011.0,4.35,162.0
2022,KAB KULON PROGO,41,4,-7.8186375,110.1613062,0.774,100.0,70.0,16.35,24.06,29.73,29.73,1011.0,3.83,166.0
2022,KAB SLEMAN,41,14,-7.7145614,110.3544861,0.554,100.0,64.0,7.81,22.89,29.41,29.41,1011.0,3.45,178.0
2022,KOTA YOGYAKARTA,41,3,-7.7955798,110.3694896,0.526,100.0,67.0,10.48,23.76,29.31,29.3,1011.0,3.82,171.0
2022,KAB BANTUL,42,18,-7.902328,110.2862991,0.605,100.0,75.0,0.25,24.4,28.1,27.88,1011.0,4.72,162.0
2022,KAB GUNUNG KIDUL,42,5,-7.9930685,110.2704459,0.376,100.0,76.0,0.12,24.54,27.84,27.72,1011.0,5.04,153.0
2022,KAB KULON PROGO,42,11,-7.8186375,110.1613062,0.719,100.0,74.0,0.0,23.41,28.59,28.24,1011.0,3.93,167.0
2022,KAB SLEMAN,42,11,-7.7145614,110.3544861,0.561,100.0,73.0,0.0,22.64,28.2,27.7,1011.0,3.81,184.0
2022,KOTA YOGYAKARTA,42,4,-7.7955798,110.3694896,0.498,100.0,74.0,0.0,23.68,28.24,27.95,1011.0,4.26,173.0
2022,KAB BANTUL,43,18,-7.902328,110.2862991,0.605,100.0,64.0,8.9,25.23,30.25,30.25,1010.0,4.17,224.0
2022,KAB GUNUNG KIDUL,43,1,-7.9930685,110.2704459,0.376,100.0,66.0,9.94,25.34,29.73,29.73,1010.0,4.08,236.0
2022,KAB KULON PROGO,43,4,-7.8186375,110.1613062,0.719,100.0,65.0,21.28,25.04,30.52,30.52,1010.0,4.16,230.0
2022,KAB SLEMAN,43,17,-7.7145614,110.3544861,0.561,100.0,59.0,21.9,23.9,30.97,30.97,1010.0,4.52,218.0
2022,KOTA YOGYAKARTA,43,3,-7.7955798,110.3694896,0.498,100.0,60.0,12.06,24.71,31.05,31.05,1009.0,4.6,221.0
2022,KAB BANTUL,44,19,-7.902328,110.2862991,0.605,99.0,64.0,0.0,23.81,27.41,27.37,1010.0,4.2,189.0
2022,KAB GUNUNG KIDUL,44,1,-7.9930685,110.2704459,0.376,98.0,64.0,0.1,24.06,27.29,27.23,1010.0,4.32,184.0
2022,KAB KULON PROGO,44,4,-7.8186375,110.1613062,0.719,94.0,66.0,0.0,23.52,27.45,27.41,1010.0,3.45,186.0
2022,KAB SLEMAN,44,23,-7.7145614,110.3544861,0.561,96.0,65.0,0.0,21.71,27.12,27.12,1010.0,4.05,206.0
2022,KOTA YOGYAKARTA,44,4,-7.7955798,110.3694896,0.498,99.0,64.0,0.0,22.87,27.41,27.41,1010.0,4.12,198.0
2022,KAB BANTUL,45,21,-7.902328,110.2862991,0.672,96.0,78.0,16.77,24.57,27.98,27.77,1012.0,4.04,169.0
2022,KAB GUNUNG KIDUL,45,1,-7.9930685,110.2704459,0.557,96.0,78.0,15.7,24.61,27.86,27.67,1012.0,4.35,165.0
2022,KAB KULON PROGO,45,8,-7.8186375,110.1613062,0.66,97.0,81.0,22.38,24.19,28.01,27.63,1012.0,2.88,180.0
2022,KAB SLEMAN,45,10,-7.7145614,110.3544861,0.624,97.0,79.0,22.95,23.36,27.7,27.33,1012.0,3.05,196.0
2022,KOTA YOGYAKARTA,45,2,-7.7955798,110.3694896,0.577,97.0,78.0,18.09,24.14,28.01,27.73,1012.0,3.46,182.0
2022,KAB BANTUL,46,17,-7.902328,110.2862991,0.672,100.0,75.0,12.31,24.31,28.63,28.62,1008.0,4.09,158.0
2022,KAB GUNUNG KIDUL,46,2,-7.9930685,110.2704459,0.557,100.0,77.0,11.07,24.39,28.39,28.17,1008.0,4.48,152.0
2022,KAB KULON PROGO,46,8,-7.8186375,110.1613062,0.66,100.0,72.0,12.34,24.39,29.31,29.31,1008.0,3.19,168.0
2022,KAB SLEMAN,46,10,-7.7145614,110.3544861,0.624,100.0,69.0,5.98,23.11,29.26,29.26,1008.0,2.49,181.0
2022,KOTA YOGYAKARTA,46,3,-7.7955798,110.3694896,0.577,100.0,71.0,7.65,23.84,29.3,29.3,1008.0,3.3,169.0
2022,KAB BANTUL,47,21,-7.902328,110.2862991,0.695,39.0,69.0,19.0,24.0,30.44,29.43,1007.0,6.08,260.0
2022,KAB GUNUNG KIDUL,47,3,-7.9930685,110.2704459,0.778,42.0,71.0,19.58,24.15,30.0,29.04,1007.0,6.64,263.0
2022,KAB KULON PROGO,47,5,-7.8186375,110.1613062,0.884,44.0,71.0,2.85,23.68,30.75,29.46,1007.0,4.92,246.0
2022,KAB SLEMAN,47,17,-7.7145614,110.3544861,0.66,31.0,63.0,11.0,22.4,30.94,29.98,1007.0,4.43,222.0
2022,KOTA YOGYAKARTA,47,3,-7.7955798,110.3694896,0.538,33.0,65.0,18.61,23.37,31.03,30.0,1007.0,5.2,233.0
2022,KAB BANTUL,48,22,-7.902328,110.2862991,0.695,100.0,78.0,7.32,23.29,27.51,26.63,1009.0,3.39,178.0
2022,KAB GUNUNG KIDUL,48,3,-7.9930685,110.2704459,0.778,100.0,79.0,7.26,23.34,27.23,26.32,1009.0,3.64,175.0
2022,KAB KULON PROGO,48,4,-7.8186375,110.1613062,0.884,100.0,77.0,17.0,22.75,27.27,27.21,1009.0,2.32,178.0
2022,KAB SLEMAN,48,9,-7.7145614,110.3544861,0.66,100.0,75.0,6.34,22.02,27.62,27.05,1009.0,3.18,200.0
2022,KOTA YOGYAKARTA,48,4,-7.7955798,110.3694896,0.538,100.0,76.0,7.89,22.8,27.76,27.06,1009.0,3.28,196.0
2022,KAB BANTUL,49,27,-7.902328,110.2862991,0.62,100.0,74.0,6.47,24.19,28.07,27.62,1008.0,2.98,194.0
2022,KAB GUNUNG KIDUL,49,0,-7.9930685,110.2704459,0.79,100.0,74.0,5.7,24.37,28.05,27.55,1008.0,3.05,186.0
2022,KAB KULON PROGO,49,8,-7.8186375,110.1613062,0.758,100.0,76.0,5.81,24.07,28.08,28.08,1009.0,2.21,189.0
2022,KAB SLEMAN,49,16,-7.7145614,110.3544861,0.605,100.0,77.0,5.66,22.48,27.28,26.77,1009.0,2.97,215.0
2022,KOTA YOGYAKARTA,49,3,-7.7955798,110.3694896,0.632,100.0,75.0,8.53,23.46,27.8,27.45,1009.0,3.02,206.0
2022,KAB BANTUL,50,18,-7.902328,110.2862991,0.62,74.0,68.0,1.54,24.21,29.29,29.29,1009.0,3.61,171.0
2022,KAB GUNUNG KIDUL,50,2,-7.9930685,110.2704459,0.79,73.0,68.0,1.15,24.4,29.06,29.06,1009.0,3.76,169.0
2022,KAB KULON PROGO,50,9,-7.8186375,110.1613062,0.758,74.0,66.0,7.6,23.61,29.92,29.92,1009.0,3.04,183.0
2022,KAB SLEMAN,50,18,-7.7145614,110.3544861,0.605,79.0,65.0,2.83,22.43,29.25,29.2,1009.0,3.37,195.0
2022,KOTA YOGYAKARTA,50,3,-7.7955798,110.3694896,0.632,76.0,66.0,2.72,23.46,29.62,29.47,1009.0,3.51,183.0
2022,KAB BANTUL,51,18,-7.902328,110.2862991,0.68,6.0,62.0,0.1,24.0,30.31,30.16,1006.0,3.95,194.0
2022,KAB GUNUNG KIDUL,51,1,-7.9930685,110.2704459,0.798,6.0,64.0,0.1,24.11,29.79,29.59,1006.0,3.83,194.0
2022,KAB KULON PROGO,51,3,-7.8186375,110.1613062,0.825,6.0,58.0,0.0,24.11,31.27,31.21,1006.0,3.7,196.0
2022,KAB SLEMAN,51,12,-7.7145614,110.3544861,0.447,6.0,53.0,0.0,22.51,31.31,31.31,1006.0,4.33,199.0
2022,KOTA YOGYAKARTA,51,3,-7.7955798,110.3694896,0.703,6.0,57.0,0.0,23.43,31.13,31.08,1006.0,4.29,196.0
2022,KAB BANTUL,52,0,-7.902328,110.2862991,0.68,100.0,87.0,15.33,24.34,25.82,25.33,1009.0,4.62,278.0
2022,KAB GUNUNG KIDUL,52,0,-7.9930685,110.2704459,0.798,100.0,87.0,15.8,24.45,26.0,25.44,1009.0,5.6,276.0
2022,KAB KULON PROGO,52,0,-7.8186375,110.1613062,0.825,100.0,84.0,10.84,23.88,26.33,25.76,1009.0,2.39,268.0
2022,KAB SLEMAN,52,0,-7.7145614,110.3544861,0.447,100.0,88.0,12.71,22.28,24.48,24.15,1009.0,1.66,300.0
2022,KOTA YOGYAKARTA,52,0,-7.7955798,110.3694896,0.703,100.0,88.0,15.38,23.5,25.26,24.79,1009.0,2.71,290.0
2023,KAB BANTUL,1,15,-7.902328,110.2862991,0.774,99.0,70.0,4.77,23.83,29.15,28.82,1009.0,5.9,263.0
2023,KAB GUNUNG KIDUL,1,1,-7.9930685,110.2704459,0.711,99.0,72.0,4.06,23.96,28.81,28.37,1010.0,6.62,265.0
2023,KAB KULON PROGO,1,9,-7.8186375,110.1613062,0.798,100.0,62.0,12.93,24.02,30.45,30.22,1009.0,4.05,251.0
2023,KAB SLEMAN,1,18,-7.7145614,110.3544861,0.68,97.0,64.0,6.24,22.3,29.45,29.45,1009.0,3.51,240.0
2023,KOTA YOGYAKARTA,1,1,-7.7955798,110.3694896,0.66,98.0,66.0,6.31,23.19,29.54,29.48,1009.0,4.4,254.0
2023,KAB BANTUL,2,17,-7.902328,110.2862991,0.774,34.0,66.0,3.35,23.81,29.37,29.37,1010.0,4.61,225.0
2023,KAB GUNUNG KIDUL,2,4,-7.9930685,110.2704459,0.711,32.0,68.0,2.13,24.03,28.87,28.8,1010.0,4.54,226.0
2023,KAB KULON PROGO,2,4,-7.8186375,110.1613062,0.798,34.0,65.0,0.48,23.24,29.92,29.89,1010.0,4.04,219.0
2023,KAB SLEMAN,2,12,-7.7145614,110.3544861,0.68,45.0,57.0,8.89,22.02,30.61,30.61,1010.0,4.97,223.0
2023,KOTA YOGYAKARTA,2,3,-7.7955798,110.3694896,0.66,38.0,61.0,5.42,23.0,30.29,30.29,1010.0,4.92,223.0
2023,KAB BANTUL,3,24,-7.902328,110.2862991,0.774,76.0,64.0,5.27,24.54,30.05,29.96,1008.0,4.62,233.0
2023,KAB GUNUNG KIDUL,3,2,-7.9930685,110.2704459,0.711,73.0,66.0,3.77,24.8,29.61,29.45,1008.0,4.52,236.0
2023,KAB KULON PROGO,3,5,-7.8186375,110.1613062,0.798,78.0,62.0,7.13,23.66,30.76,30.63,1008.0,4.55,229.0
2023,KAB SLEMAN,3,16,-7.7145614,110.3544861,0.68,84.0,56.0,19.42,22.62,31.0,31.0,1007.0,4.87,222.0
2023,KOTA YOGYAKARTA,3,6,-7.7955798,110.3694896,0.66,80.0,59.0,11.75,23.67,30.79,30.79,1007.0,4.97,227.0
2023,KAB BANTUL,4,24,-7.902328,110.2862991,0.786,33.0,66.0,4.68,24.23,29.67,29.67,1007.0,4.95,228.0
2023,KAB GUNUNG KIDUL,4,4,-7.9930685,110.2704459,0.746,30.0,68.0,4.66,24.33,29.24,29.24,1008.0,4.92,228.0
2023,KAB KULON PROGO,4,12,-7.8186375,110.1613062,0.802,46.0,68.0,1.88,23.95,29.87,29.87,1008.0,4.2,227.0
2023,KAB SLEMAN,4,16,-7.7145614,110.3544861,0.715,41.0,62.0,3.28,22.85,30.27,30.27,1007.0,4.99,224.0
2023,KOTA YOGYAKARTA,4,0,-7.7955798,110.3694896,0.723,37.0,63.0,5.29,23.68,30.31,30.31,1007.0,5.13,226.0
2023,KAB BANTUL,5,14,-7.902328,110.2862991,0.786,100.0,81.0,14.32,24.0,28.58,27.11,1007.0,2.62,189.0
2023,KAB GUNUNG KIDUL,5,0,-7.9930685,110.2704459,0.746,100.0,82.0,10.98,24.08,27.37,26.89,1007.0,2.92,217.0
2023,KAB KULON PROGO,5,1,-7.8186375,110.1613062,0.802,100.0,82.0,13.73,23.89,29.26,27.34,1007.0,2.14,218.0
2023,KAB SLEMAN,5,13,-7.7145614,110.3544861,0.715,100.0,80.0,21.76,22.75,28.07,26.57,1007.0,1.34,207.0
2023,KOTA YOGYAKARTA,5,3,-7.7955798,110.3694896,0.723,100.0,80.0,19.45,23.48,28.67,27.16,1007.0,1.94,192.0
2023,KAB BANTUL,6,20,-7.902328,110.2862991,0.703,99.0,64.0,12.23,24.24,30.34,30.01,1007.0,5.88,251.0
2023,KAB GUNUNG KIDUL,6,0,-7.9930685,110.2704459,0.786,99.0,66.0,10.39,24.34,29.93,29.64,1007.0,6.23,249.0
2023,KAB KULON PROGO,6,3,-7.8186375,110.1613062,0.762,95.0,59.0,8.58,23.73,30.63,30.53,1007.0,4.72,234.0
2023,KAB SLEMAN,6,11,-7.7145614,110.3544861,0.743,100.0,54.0,2.99,22.58,31.02,30.24,1007.0,5.75,236.0
2023,KOTA YOGYAKARTA,6,2,-7.7955798,110.3694896,0.711,100.0,58.0,7.69,23.63,30.96,30.43,1007.0,6.15,242.0
2023,KAB BANTUL,7,16,-7.902328,110.2862991,0.703,19.0,66.0,34.6,23.18,30.86,30.2,1009.0,6.15,295.0
2023,KAB GUNUNG KIDUL,7,1,-7.9930685,110.2704459,0.786,18.0,68.0,32.24,23.16,30.46,29.79,1009.0,6.86,299.0
2023,KAB KULON PROGO,7,4,-7.8186375,110.1613062,0.762,29.0,73.0,20.37,22.94,30.57,29.51,1009.0,4.08,237.0
2023,KAB SLEMAN,7,8,-7.7145614,110.3544861,0.743,31.0,63.0,16.32,21.87,30.88,30.25,1009.0,3.72,267.0
2023,KOTA YOGYAKARTA,7,7,-7.7955798,110.3694896,0.711,21.0,63.0,32.74,22.68,31.29,30.71,1009.0,4.85,280.0
2023,KAB BANTUL,8,12,-7.902328,110.2862991,0.743,59.0,64.0,0.0,23.99,29.94,29.94,1009.0,5.84,253.0
2023,KAB GUNUNG KIDUL,8,5,-7.9930685,110.2704459,0.707,58.0,66.0,0.0,24.2,29.44,29.44,1009.0,5.97,256.0
2023,KAB KULON PROGO,8,4,-7.8186375,110.1613062,0.778,68.0,63.0,0.12,23.35,30.49,30.44,1010.0,4.9,241.0
2023,KAB SLEMAN,8,6,-7.7145614,110.3544861,0.683,64.0,55.0,0.46,22.16,30.92,30.92,1009.0,5.26,240.0
2023,KOTA YOGYAKARTA,8,1,-7.7955798,110.3694896,0.719,61.0,59.0,0.0,23.2,30.77,30.71,1009.0,5.71,246.0
2023,KAB BANTUL,9,10,-7.902328,110.2862991,0.743,100.0,80.0,40.75,24.0,29.11,26.93,1010.0,4.64,280.0
2023,KAB GUNUNG KIDUL,9,2,-7.9930685,110.2704459,0.707,100.0,80.0,35.73,24.16,28.82,26.8,1010.0,5.47,280.0
2023,KAB KULON PROGO,9,3,-7.8186375,110.1613062,0.778,100.0,82.0,18.39,23.74,30.25,27.12,1010.0,2.99,273.0
2023,KAB SLEMAN,9,6,-7.7145614,110.3544861,0.683,100.0,79.0,21.57,22.39,28.97,26.82,1011.0,2.05,226.0
2023,KOTA YOGYAKARTA,9,1,-7.7955798,110.3694896,0.719,100.0,80.0,40.11,23.32,28.2,27.0,1010.0,2.91,262.0
2023,KAB BANTUL,10,8,-7.902328,110.2862991,0.664,65.0,65.0,6.63,24.48,29.87,29.87,1012.0,5.69,247.0
2023,KAB GUNUNG KIDUL,10,0,-7.9930685,110.2704459,0.727,61.0,67.0,5.51,24.68,29.44,29.44,1012.0,5.96,249.0
2023,KAB KULON PROGO,10,7,-7.8186375,110.1613062,0.699,72.0,62.0,8.32,23.55,30.3,30.3,1012.0,4.56,231.0
2023,KAB SLEMAN,10,9,-7.7145614,110.3544861,0.597,83.0,57.0,17.15,22.57,30.48,30.48,1012.0,5.15,224.0
2023,KOTA YOGYAKARTA,10,2,-7.7955798,110.3694896,0.628,74.0,60.0,8.11,23.71,30.47,30.47,1012.0,5.48,236.0
2023,KAB BANTUL,11,8,-7.902328,110.2862991,0.664,17.0,58.0,0.12,23.74,30.82,30.73,1010.0,3.98,185.0
2023,KAB GUNUNG KIDUL,11,1,-7.9930685,110.2704459,0.727,17.0,61.0,0.0,23.91,30.17,30.12,1010.0,3.97,186.0
2023,KAB KULON PROGO,11,4,-7.8186375,110.1613062,0.699,15.0,50.0,0.0,23.51,32.16,32.16,1010.0,4.11,190.0
2023,KAB SLEMAN,11,4,-7.7145614,110.3544861,0.597,16.0,45.0,0.0,22.06,32.35,32.01,1010.0,4.66,188.0
2023,KOTA YOGYAKARTA,11,1,-7.7955798,110.3694896,0.628,17.0,51.0,0.0,23.06,31.94,31.71,1010.0,4.48,187.0
2023,KAB BANTUL,12,13,-7.902328,110.2862991,0.664,25.0,64.0,4.55,24.33,31.07,31.07,1008.0,4.46,148.0
2023,KAB GUNUNG KIDUL,12,1,-7.9930685,110.2704459,0.727,24.0,66.0,3.31,24.43,30.69,30.69,1008.0,5.18,147.0
2023,KAB KULON PROGO,12,9,-7.8186375,110.1613062,0.699,47.0,66.0,9.97,24.38,31.37,31.1,1008.0,2.82,186.0
2023,KAB SLEMAN,12,9,-7.7145614,110.3544861,0.597,27.0,59.0,19.43,22.9,31.53,31.44,1008.0,2.57,96.0
2023,KOTA YOGYAKARTA,12,1,-7.7955798,110.3694896,0.628,27.0,61.0,9.7,23.77,31.58,31.58,1008.0,3.02,131.0
2023,KAB BANTUL,13,8,-7.902328,110.2862991,0.605,100.0,62.0,10.39,24.29,30.6,30.6,1008.0,3.67,235.0
2023,KAB GUNUNG KIDUL,13,0,-7.9930685,110.2704459,0.77,100.0,64.0,8.66,24.39,30.19,30.19,1008.0,3.82,237.0
2023,KAB KULON PROGO,13,6,-7.8186375,110.1613062,0.758,87.0,61.0,8.42,24.05,31.0,31.0,1008.0,3.58,225.0
2023,KAB SLEMAN,13,13,-7.7145614,110.3544861,0.546,100.0,58.0,10.57,22.98,30.73,30.73,1008.0,2.61,218.0
2023,KOTA YOGYAKARTA,13,2,-7.7955798,110.3694896,0.64,100.0,59.0,17.63,23.77,31.06,31.06,1008.0,3.25,227.0
2023,KAB BANTUL,14,12,-7.902328,110.2862991,0.605,97.0,75.0,7.56,23.76,28.9,28.45,1008.0,3.69,249.0
2023,KAB GUNUNG KIDUL,14,4,-7.9930685,110.2704459,0.77,98.0,76.0,7.22,23.83,28.68,28.14,1008.0,3.97,252.0
2023,KAB KULON PROGO,14,1,-7.8186375,110.1613062,0.758,90.0,73.0,11.29,23.32,29.28,29.28,1008.0,3.46,222.0
2023,KAB SLEMAN,14,11,-7.7145614,110.3544861,0.546,97.0,72.0,9.28,22.31,29.01,28.63,1008.0,3.02,219.0
2023,KOTA YOGYAKARTA,14,0,-7.7955798,110.3694896,0.64,96.0,73.0,8.85,23.19,29.04,28.84,1008.0,3.41,237.0
2023,KAB BANTUL,15,7,-7.902328,110.2862991,0.624,35.0,62.0,1.09,23.36,30.14,30.14,1011.0,4.51,233.0
2023,KAB GUNUNG KIDUL,15,1,-7.9930685,110.2704459,0.735,27.0,65.0,0.95,23.53,29.59,29.59,1011.0,4.4,234.0
2023,KAB KULON PROGO,15,0,-7.8186375,110.1613062,0.75,60.0,59.0,0.0,23.3,30.68,30.68,1011.0,4.5,225.0
2023,KAB SLEMAN,15,5,-7.7145614,110.3544861,0.577,66.0,50.0,5.03,21.72,31.33,31.23,1010.0,5.21,220.0
2023,KOTA YOGYAKARTA,15,3,-7.7955798,110.3694896,0.601,53.0,55.0,2.31,22.66,31.05,31.01,1010.0,5.06,224.0
2023,KAB BANTUL,16,4,-7.902328,110.2862991,0.624,90.0,61.0,0.0,23.89,30.62,30.62,1008.0,4.16,214.0
2023,KAB GUNUNG KIDUL,16,5,-7.9930685,110.2704459,0.735,92.0,64.0,0.0,24.09,29.97,29.97,1008.0,4.09,215.0
2023,KAB KULON PROGO,16,5,-7.8186375,110.1613062,0.75,60.0,58.0,0.0,24.0,31.5,31.5,1008.0,4.13,214.0
2023,KAB SLEMAN,16,8,-7.7145614,110.3544861,0.577,83.0,52.0,0.11,22.18,31.97,31.97,1008.0,4.58,208.0
2023,KOTA YOGYAKARTA,16,1,-7.7955798,110.3694896,0.601,85.0,55.0,0.0,23.11,31.71,31.71,1008.0,4.61,211.0
2023,KAB BANTUL,17,6,-7.902328,110.2862991,0.64,42.0,68.0,3.89,24.63,30.96,30.45,1008.0,3.53,148.0
2023,KAB GUNUNG KIDUL,17,0,-7.9930685,110.2704459,0.715,43.0,70.0,2.07,24.82,30.54,29.96,1008.0,4.09,135.0
2023,KAB KULON PROGO,17,2,-7.8186375,110.1613062,0.79,54.0,63.0,9.1,24.35,31.8,31.7,1008.0,3.52,188.0
2023,KAB SLEMAN,17,22,-7.7145614,110.3544861,0.617,37.0,60.0,10.88,23.0,31.35,31.15,1008.0,2.6,103.0
2023,KOTA YOGYAKARTA,17,3,-7.7955798,110.3694896,0.644,40.0,63.0,4.14,23.93,31.48,31.2,1008.0,2.38,131.0
2023,KAB BANTUL,18,8,-7.902328,110.2862991,0.64,37.0,66.0,0.0,24.07,30.5,30.5,1007.0,3.48,191.0
2023,KAB GUNUNG KIDUL,18,1,-7.9930685,110.2704459,0.715,36.0,69.0,0.0,24.16,30.02,30.0,1007.0,3.67,193.0
2023,KAB KULON PROGO,18,3,-7.8186375,110.1613062,0.79,75.0,63.0,0.42,23.93,31.21,31.21,1007.0,3.44,210.0
2023,KAB SLEMAN,18,11,-7.7145614,110.3544861,0.617,48.0,59.0,0.11,22.71,31.19,31.19,1007.0,2.17,167.0
2023,KOTA YOGYAKARTA,18,3,-7.7955798,110.3694896,0.644,40.0,62.0,0.0,23.54,31.16,31.16,1007.0,2.83,182.0
2023,KAB BANTUL,19,5,-7.902328,110.2862991,0.64,96.0,69.0,4.57,24.97,30.04,30.04,1007.0,4.89,157.0
2023,KAB GUNUNG KIDUL,19,0,-7.9930685,110.2704459,0.715,97.0,71.0,2.99,25.17,29.74,29.58,1007.0,5.57,154.0
2023,KAB KULON PROGO,19,4,-7.8186375,110.1613062,0.79,95.0,68.0,4.71,24.55,30.84,30.84,1007.0,3.71,166.0
2023,KAB SLEMAN,19,9,-7.7145614,110.3544861,0.617,86.0,64.0,6.99,23.12,30.66,30.66,1007.0,3.5,198.0
2023,KOTA YOGYAKARTA,19,1,-7.7955798,110.3694896,0.644,92.0,66.0,5.07,24.14,30.72,30.72,1007.0,3.97,177.0
2023,KAB BANTUL,20,7,-7.902328,110.2862991,0.672,43.0,69.0,0.0,22.76,28.34,28.23,1013.0,6.33,141.0
2023,KAB GUNUNG KIDUL,20,1,-7.9930685,110.2704459,0.727,39.0,70.0,0.0,22.93,28.18,28.15,1013.0,6.81,139.0
2023,KAB KULON PROGO,20,5,-7.8186375,110.1613062,0.786,64.0,71.0,0.0,22.39,28.48,28.01,1013.0,4.7,141.0
2023,KAB SLEMAN,20,7,-7.7145614,110.3544861,0.652,61.0,67.0,0.0,21.01,28.13,27.71,1013.0,4.59,157.0
2023,KOTA YOGYAKARTA,20,2,-7.7955798,110.3694896,0.609,51.0,68.0,0.0,22.03,28.5,28.2,1013.0,5.4,147.0
2023,KAB BANTUL,21,7,-7.902328,110.2862991,0.672,7.0,59.0,0.1,22.72,30.15,30.15,1012.0,6.4,143.0
2023,KAB GUNUNG KIDUL,21,9,-7.9930685,110.2704459,0.727,6.0,61.0,0.0,22.72,29.77,29.77,1012.0,7.25,141.0
2023,KAB KULON PROGO,21,0,-7.8186375,110.1613062,0.786,7.0,51.0,0.0,22.83,31.41,31.41,1012.0,4.92,160.0
2023,KAB SLEMAN,21,10,-7.7145614,110.3544861,0.652,10.0,50.0,0.0,21.26,30.83,30.55,1012.0,3.75,167.0
2023,KOTA YOGYAKARTA,21,3,-7.7955798,110.3694896,0.609,9.0,54.0,0.0,22.26,30.71,30.59,1012.0,4.8,154.0
2023,KAB BANTUL,22,1,-7.902328,110.2862991,0.664,87.0,58.0,0.0,23.28,29.29,29.13,1010.0,6.13,148.0
2023,KAB GUNUNG KIDUL,22,2,-7.9930685,110.2704459,0.691,89.0,60.0,0.0,23.52,28.79,28.71,1010.0,6.73,147.0
2023,KAB KULON PROGO,22,5,-7.8186375,110.1613062,0.786,90.0,53.0,0.0,22.98,30.53,30.29,1010.0,5.02,157.0
2023,KAB SLEMAN,22,5,-7.7145614,110.3544861,0.597,75.0,52.0,0.0,21.2,30.3,29.72,1010.0,4.28,178.0
2023,KOTA YOGYAKARTA,22,0,-7.7955798,110.3694896,0.589,82.0,54.0,0.0,22.4,30.06,29.67,1010.0,5.1,162.0
2023,KAB BANTUL,23,1,-7.902328,110.2862991,0.664,92.0,68.0,0.11,24.59,28.9,28.9,1011.0,5.73,150.0
2023,KAB GUNUNG KIDUL,23,0,-7.9930685,110.2704459,0.691,92.0,69.0,0.0,24.71,28.69,28.63,1011.0,6.22,147.0
2023,KAB KULON PROGO,23,2,-7.8186375,110.1613062,0.786,97.0,66.0,0.0,24.33,30.32,29.24,1011.0,4.55,155.0
2023,KAB SLEMAN,23,6,-7.7145614,110.3544861,0.597,87.0,65.0,0.0,22.54,28.83,28.83,1011.0,4.06,170.0
2023,KOTA YOGYAKARTA,23,2,-7.7955798,110.3694896,0.589,91.0,66.0,0.0,23.69,29.13,29.13,1011.0,4.74,160.0
2023,KAB BANTUL,24,6,-7.902328,110.2862991,0.664,73.0,71.0,0.0,23.22,28.89,28.65,1010.0,5.6,154.0
2023,KAB GUNUNG KIDUL,24,2,-7.9930685,110.2704459,0.64,69.0,73.0,0.0,23.38,28.39,28.17,1010.0,5.97,151.0
2023,KAB KULON PROGO,24,2,-7.8186375,110.1613062,0.731,93.0,64.0,0.0,22.71,30.0,30.0,1010.0,4.75,164.0
2023,KAB SLEMAN,24,9,-7.7145614,110.3544861,0.62,86.0,60.0,0.0,21.6,30.15,29.86,1010.0,4.33,175.0
2023,KOTA YOGYAKARTA,24,1,-7.7955798,110.3694896,0.601,79.0,65.0,0.0,22.54,29.79,29.48,1010.0,4.9,164.0
2023,KAB BANTUL,25,5,-7.902328,110.2862991,0.664,12.0,65.0,0.1,23.17,30.08,30.08,1010.0,3.78,194.0
2023,KAB GUNUNG KIDUL,25,0,-7.9930685,110.2704459,0.64,13.0,67.0,0.0,23.16,29.49,29.49,1010.0,3.92,192.0
2023,KAB KULON PROGO,25,3,-7.8186375,110.1613062,0.731,17.0,66.0,0.0,23.27,30.04,30.04,1010.0,6.1,102.0
2023,KAB SLEMAN,25,6,-7.7145614,110.3544861,0.62,10.0,56.0,0.0,22.22,31.32,31.32,1010.0,2.78,40.0
2023,KOTA YOGYAKARTA,25,0,-7.7955798,110.3694896,0.601,9.0,59.0,0.0,22.86,31.02,31.02,1010.0,3.14,199.0
2023,KAB BANTUL,26,1,-7.902328,110.2862991,0.664,35.0,64.0,0.0,23.36,29.02,29.02,1009.0,4.64,182.0
2023,KAB GUNUNG KIDUL,26,0,-7.9930685,110.2704459,0.605,32.0,67.0,0.0,23.53,28.44,28.43,1009.0,4.67,178.0
2023,KAB KULON PROGO,26,1,-7.8186375,110.1613062,0.746,19.0,57.0,0.0,23.04,30.62,30.62,1009.0,4.08,193.0
2023,KAB SLEMAN,26,16,-7.7145614,110.3544861,0.628,40.0,55.0,0.0,21.7,30.14,30.12,1009.0,4.47,198.0
2023,KOTA YOGYAKARTA,26,2,-7.7955798,110.3694896,0.632,41.0,59.0,0.0,22.62,29.92,29.92,1009.0,4.7,191.0
2023,KAB BANTUL,27,5,-7.902328,110.2862991,0.664,94.0,78.0,0.27,23.84,26.57,26.27,1013.0,5.62,159.0
2023,KAB GUNUNG KIDUL,27,1,-7.9930685,110.2704459,0.605,95.0,78.0,0.17,24.08,26.53,26.29,1013.0,6.19,157.0
2023,KAB KULON PROGO,27,6,-7.8186375,110.1613062,0.746,95.0,80.0,0.0,23.42,27.0,26.27,1013.0,4.11,145.0
2023,KAB SLEMAN,27,6,-7.7145614,110.3544861,0.628,94.0,80.0,0.11,21.76,25.79,25.44,1013.0,3.59,181.0
2023,KOTA YOGYAKARTA,27,0,-7.7955798,110.3694896,0.632,94.0,79.0,0.3,22.92,26.35,26.01,1013.0,4.45,169.0
2023,KAB BANTUL,28,15,-7.902328,110.2862991,0.664,54.0,75.0,0.0,23.72,28.52,28.27,1010.0,6.31,139.0
2023,KAB GUNUNG KIDUL,28,4,-7.9930685,110.2704459,0.605,53.0,77.0,0.0,23.86,28.15,27.9,1010.0,7.21,137.0
2023,KAB KULON PROGO,28,0,-7.8186375,110.1613062,0.746,69.0,76.0,0.0,23.39,29.19,28.69,1010.0,4.28,147.0
2023,KAB SLEMAN,28,10,-7.7145614,110.3544861,0.628,52.0,69.0,0.0,22.21,29.53,28.91,1010.0,2.78,159.0
2023,KOTA YOGYAKARTA,28,1,-7.7955798,110.3694896,0.632,56.0,72.0,0.0,23.08,29.34,28.84,1010.0,4.38,147.0
2023,KAB BANTUL,29,14,-7.902328,110.2862991,0.62,66.0,63.0,0.0,22.24,28.03,28.03,1012.0,6.14,143.0
2023,KAB GUNUNG KIDUL,29,1,-7.9930685,110.2704459,0.585,65.0,64.0,0.0,22.41,27.65,27.65,1012.0,6.59,140.0
2023,KAB KULON PROGO,29,5,-7.8186375,110.1613062,0.691,65.0,62.0,0.0,21.96,28.61,28.61,1012.0,4.82,149.0
2023,KAB SLEMAN,29,8,-7.7145614,110.3544861,0.573,67.0,57.0,0.0,20.43,28.41,28.41,1012.0,4.69,167.0
2023,KOTA YOGYAKARTA,29,0,-7.7955798,110.3694896,0.55,68.0,59.0,0.0,21.52,28.54,28.54,1012.0,5.33,154.0
2023,KAB BANTUL,30,12,-7.902328,110.2862991,0.62,19.0,59.0,0.0,21.43,28.9,28.71,1012.0,7.05,147.0
2023,KAB GUNUNG KIDUL,30,1,-7.9930685,110.2704459,0.585,18.0,62.0,0.0,21.55,28.14,28.04,1012.0,7.84,145.0
2023,KAB KULON PROGO,30,4,-7.8186375,110.1613062,0.691,15.0,55.0,0.0,21.2,30.14,30.14,1012.0,5.5,161.0
2023,KAB SLEMAN,30,10,-7.7145614,110.3544861,0.573,23.0,51.0,0.0,20.05,30.7,30.27,1012.0,4.46,181.0
2023,KOTA YOGYAKARTA,30,2,-7.7955798,110.3694896,0.55,21.0,54.0,0.0,20.84,30.24,29.82,1012.0,5.6,162.0
2023,KAB BANTUL,31,8,-7.902328,110.2862991,0.589,67.0,56.0,0.0,21.41,27.96,27.59,1013.0,7.6,146.0
2023,KAB GUNUNG KIDUL,31,5,-7.9930685,110.2704459,0.55,64.0,58.0,0.0,21.79,27.4,27.08,1013.0,7.97,144.0
2023,KAB KULON PROGO,31,3,-7.8186375,110.1613062,0.676,84.0,52.0,0.0,20.14,28.99,28.31,1013.0,6.55,149.0
2023,KAB SLEMAN,31,5,-7.7145614,110.3544861,0.534,76.0,48.0,0.0,18.61,29.21,28.64,1013.0,6.09,156.0
2023,KOTA YOGYAKARTA,31,3,-7.7955798,110.3694896,0.55,71.0,51.0,0.0,20.11,28.88,28.43,1013.0,6.91,148.0
2023,KAB BANTUL,32,6,-7.902328,110.2862991,0.589,17.0,65.0,0.0,22.17,28.91,28.54,1013.0,6.47,156.0
2023,KAB GUNUNG KIDUL,32,3,-7.9930685,110.2704459,0.55,16.0,69.0,0.0,22.28,28.23,27.75,1013.0,7.18,151.0
2023,KAB KULON PROGO,32,1,-7.8186375,110.1613062,0.676,46.0,59.0,0.0,22.14,30.69,29.7,1013.0,5.14,168.0
2023,KAB SLEMAN,32,2,-7.7145614,110.3544861,0.534,21.0,51.0,0.0,20.76,30.47,30.47,1013.0,4.08,190.0
2023,KOTA YOGYAKARTA,32,0,-7.7955798,110.3694896,0.55,18.0,57.0,0.0,21.6,30.01,29.97,1013.0,5.01,172.0
2023,KAB BANTUL,33,6,-7.902328,110.2862991,0.581,49.0,58.0,0.0,20.51,28.62,28.16,1012.0,5.73,163.0
2023,KAB GUNUNG KIDUL,33,1,-7.9930685,110.2704459,0.51,49.0,62.0,0.0,20.53,27.66,27.25,1012.0,6.05,153.0
2023,KAB KULON PROGO,33,0,-7.8186375,110.1613062,0.664,59.0,49.0,0.0,19.72,30.05,29.86,1012.0,5.25,175.0
2023,KAB SLEMAN,33,12,-7.7145614,110.3544861,0.506,45.0,41.0,0.0,19.05,31.43,30.66,1012.0,5.2,187.0
2023,KOTA YOGYAKARTA,33,1,-7.7955798,110.3694896,0.53,48.0,48.0,0.0,19.94,30.44,29.82,1012.0,5.42,175.0
2023,KAB BANTUL,34,4,-7.902328,110.2862991,0.581,24.0,58.0,0.0,20.66,28.92,28.78,1012.0,6.58,158.0
2023,KAB GUNUNG KIDUL,34,4,-7.9930685,110.2704459,0.51,24.0,62.0,0.0,20.78,27.98,27.9,1012.0,6.79,154.0
2023,KAB KULON PROGO,34,3,-7.8186375,110.1613062,0.664,50.0,54.0,0.0,20.64,30.22,29.71,1012.0,5.97,165.0
2023,KAB SLEMAN,34,10,-7.7145614,110.3544861,0.506,18.0,45.0,0.0,19.3,31.66,31.3,1012.0,5.86,177.0
2023,KOTA YOGYAKARTA,34,2,-7.7955798,110.3694896,0.53,21.0,50.0,0.0,20.08,30.71,30.43,1012.0,6.27,168.0
2023,KAB BANTUL,35,10,-7.902328,110.2862991,0.581,56.0,57.0,0.0,21.45,28.25,28.25,1012.0,6.03,165.0
2023,KAB GUNUNG KIDUL,35,0,-7.9930685,110.2704459,0.51,54.0,60.0,0.0,21.26,27.46,27.46,1012.0,6.48,160.0
2023,KAB KULON PROGO,35,7,-7.8186375,110.1613062,0.664,79.0,60.0,0.0,21.63,28.97,27.6,1012.0,4.78,175.0
2023,KAB SLEMAN,35,7,-7.7145614,110.3544861,0.506,56.0,46.0,0.0,20.19,30.62,30.62,1011.0,5.39,191.0
2023,KOTA YOGYAKARTA,35,2,-7.7955798,110.3694896,0.53,58.0,51.0,0.0,21.05,29.77,29.77,1011.0,5.57,179.0
2023,KAB BANTUL,36,11,-7.902328,110.2862991,0.589,21.0,57.0,0.0,20.11,27.86,27.86,1011.0,7.45,154.0
2023,KAB GUNUNG KIDUL,36,1,-7.9930685,110.2704459,0.498,21.0,61.0,0.0,20.32,26.86,26.86,1012.0,7.94,154.0
2023,KAB KULON PROGO,36,0,-7.8186375,110.1613062,0.636,30.0,53.0,0.0,19.67,28.92,28.67,1012.0,6.13,167.0
2023,KAB SLEMAN,36,12,-7.7145614,110.3544861,0.487,20.0,40.0,0.0,18.16,30.89,30.89,1011.0,5.9,176.0
2023,KOTA YOGYAKARTA,36,9,-7.7955798,110.3694896,0.498,21.0,47.0,0.0,19.23,29.76,29.76,1011.0,6.6,164.0
2023,KAB BANTUL,37,7,-7.902328,110.2862991,0.589,23.0,51.0,0.0,20.18,28.46,28.43,1013.0,6.11,163.0
2023,KAB GUNUNG KIDUL,37,3,-7.9930685,110.2704459,0.498,22.0,54.0,0.0,20.32,27.67,27.61,1013.0,6.13,159.0
2023,KAB KULON PROGO,37,7,-7.8186375,110.1613062,0.636,37.0,47.0,0.0,19.28,29.65,29.64,1013.0,5.92,165.0
2023,KAB SLEMAN,37,13,-7.7145614,110.3544861,0.487,25.0,39.0,0.0,18.43,31.04,31.04,1012.0,6.05,179.0
2023,KOTA YOGYAKARTA,37,1,-7.7955798,110.3694896,0.498,25.0,44.0,0.0,19.5,30.02,30.02,1013.0,6.18,172.0
2023,KAB BANTUL,38,10,-7.902328,110.2862991,0.554,86.0,58.0,0.0,22.54,28.86,28.74,1011.0,7.63,158.0
2023,KAB GUNUNG KIDUL,38,0,-7.9930685,110.2704459,0.459,86.0,61.0,0.0,22.6,28.2,28.13,1011.0,8.28,154.0
2023,KAB KULON PROGO,38,1,-7.8186375,110.1613062,0.585,96.0,59.0,0.0,22.58,30.1,28.51,1012.0,6.05,157.0
2023,KAB SLEMAN,38,11,-7.7145614,110.3544861,0.467,77.0,49.0,0.0,21.17,30.26,30.26,1011.0,5.14,170.0
2023,KOTA YOGYAKARTA,38,2,-7.7955798,110.3694896,0.475,82.0,52.0,0.0,22.04,29.98,29.9,1011.0,6.4,162.0
2023,KAB BANTUL,39,9,-7.902328,110.2862991,0.554,39.0,56.0,0.0,21.22,29.74,29.74,1010.0,7.18,165.0
2023,KAB GUNUNG KIDUL,39,4,-7.9930685,110.2704459,0.459,37.0,59.0,0.0,21.28,28.81,28.81,1011.0,7.37,161.0
2023,KAB KULON PROGO,39,2,-7.8186375,110.1613062,0.585,64.0,53.0,0.0,21.08,31.54,30.47,1011.0,5.72,173.0
2023,KAB SLEMAN,39,8,-7.7145614,110.3544861,0.467,41.0,38.0,0.0,20.0,33.02,33.02,1010.0,6.64,179.0
2023,KOTA YOGYAKARTA,39,4,-7.7955798,110.3694896,0.475,39.0,46.0,0.0,20.75,31.7,31.67,1010.0,7.01,172.0
2023,KAB BANTUL,40,6,-7.902328,110.2862991,0.628,18.0,51.0,0.0,21.97,30.52,30.52,1012.0,7.19,164.0
2023,KAB GUNUNG KIDUL,40,1,-7.9930685,110.2704459,0.491,20.0,56.0,0.0,22.02,29.4,29.4,1013.0,7.21,162.0
2023,KAB KULON PROGO,40,4,-7.8186375,110.1613062,0.62,27.0,46.0,0.0,21.94,31.7,31.7,1012.0,6.47,166.0
2023,KAB SLEMAN,40,13,-7.7145614,110.3544861,0.483,11.0,31.0,0.0,20.73,34.01,34.01,1012.0,6.99,173.0
2023,KOTA YOGYAKARTA,40,1,-7.7955798,110.3694896,0.483,14.0,40.0,0.0,21.51,32.73,32.73,1012.0,7.25,169.0
2023,KAB BANTUL,41,11,-7.902328,110.2862991,0.628,34.0,54.0,0.0,23.13,31.83,31.71,1011.0,7.92,158.0
2023,KAB GUNUNG KIDUL,41,1,-7.9930685,110.2704459,0.491,31.0,59.0,0.0,23.18,30.66,30.44,1011.0,8.65,153.0
2023,KAB KULON PROGO,41,3,-7.8186375,110.1613062,0.62,80.0,53.0,0.0,23.33,32.24,31.88,1011.0,5.84,173.0
2023,KAB SLEMAN,41,16,-7.7145614,110.3544861,0.483,49.0,34.0,0.0,21.94,35.66,35.66,1010.0,5.19,179.0
2023,KOTA YOGYAKARTA,41,3,-7.7955798,110.3694896,0.483,40.0,42.0,0.0,22.68,34.28,34.28,1010.0,6.32,165.0
2023,KAB BANTUL,42,9,-7.902328,110.2862991,0.546,67.0,50.0,0.26,22.59,32.04,32.04,1010.0,7.1,169.0
2023,KAB GUNUNG KIDUL,42,0,-7.9930685,110.2704459,0.4,64.0,55.0,0.0,22.75,30.72,30.72,1010.0,7.44,164.0
2023,KAB KULON PROGO,42,4,-7.8186375,110.1613062,0.593,69.0,48.0,0.0,22.9,33.18,33.03,1010.0,5.68,182.0
2023,KAB SLEMAN,42,12,-7.7145614,110.3544861,0.451,70.0,30.0,0.0,21.04,36.32,36.32,1010.0,5.46,190.0
2023,KOTA YOGYAKARTA,42,3,-7.7955798,110.3694896,0.467,69.0,39.0,0.13,21.91,34.72,34.72,1010.0,6.42,182.0
2023,KAB BANTUL,43,12,-7.902328,110.2862991,0.546,38.0,54.0,0.0,21.93,31.41,31.41,1011.0,6.57,180.0
2023,KAB GUNUNG KIDUL,43,3,-7.9930685,110.2704459,0.4,37.0,59.0,0.0,21.98,30.08,30.08,1012.0,6.57,176.0
2023,KAB KULON PROGO,43,3,-7.8186375,110.1613062,0.593,49.0,50.0,0.0,22.39,32.74,32.74,1012.0,5.21,194.0
2023,KAB SLEMAN,43,13,-7.7145614,110.3544861,0.451,50.0,35.0,0.0,21.0,35.69,35.69,1011.0,5.83,197.0
2023,KOTA YOGYAKARTA,43,3,-7.7955798,110.3694896,0.467,42.0,43.0,0.0,21.53,34.08,34.08,1011.0,6.54,187.0
2023,KAB BANTUL,44,8,-7.902328,110.2862991,0.546,46.0,52.0,0.0,23.55,32.12,32.12,1009.0,7.19,173.0
2023,KAB GUNUNG KIDUL,44,1,-7.9930685,110.2704459,0.4,43.0,57.0,0.0,23.65,30.89,30.89,1010.0,7.39,170.0
2023,KAB KULON PROGO,44,2,-7.8186375,110.1613062,0.593,24.0,43.0,0.0,23.84,33.99,33.99,1009.0,5.86,184.0
2023,KAB SLEMAN,44,5,-7.7145614,110.3544861,0.451,64.0,30.0,0.12,22.14,36.2,36.2,1009.0,6.21,186.0
2023,KOTA YOGYAKARTA,44,1,-7.7955798,110.3694896,0.467,54.0,40.0,0.0,22.98,34.64,34.64,1009.0,6.64,183.0
2023,KAB BANTUL,45,12,-7.902328,110.2862991,0.554,45.0,67.0,0.0,24.7,30.88,30.12,1010.0,5.52,154.0
2023,KAB GUNUNG KIDUL,45,1,-7.9930685,110.2704459,0.384,46.0,69.0,0.0,24.81,30.26,29.54,1010.0,6.58,153.0
2023,KAB KULON PROGO,45,1,-7.8186375,110.1613062,0.479,70.0,63.0,0.19,24.62,31.69,30.91,1010.0,4.36,157.0
2023,KAB SLEMAN,45,12,-7.7145614,110.3544861,0.447,38.0,57.0,0.23,23.34,32.03,31.68,1010.0,2.91,213.0
2023,KOTA YOGYAKARTA,45,2,-7.7955798,110.3694896,0.463,41.0,60.0,0.42,24.15,31.81,31.26,1010.0,3.86,172.0
2023,KAB BANTUL,46,16,-7.902328,110.2862991,0.554,78.0,61.0,1.96,24.86,29.83,29.6,1012.0,5.1,163.0
2023,KAB GUNUNG KIDUL,46,1,-7.9930685,110.2704459,0.384,78.0,63.0,1.18,25.01,29.44,29.23,1012.0,5.28,156.0
2023,KAB KULON PROGO,46,4,-7.8186375,110.1613062,0.479,58.0,59.0,0.77,25.16,30.96,30.38,1012.0,4.68,166.0
2023,KAB SLEMAN,46,14,-7.7145614,110.3544861,0.447,76.0,57.0,0.0,23.21,30.31,30.03,1012.0,4.34,183.0
2023,KOTA YOGYAKARTA,46,0,-7.7955798,110.3694896,0.463,78.0,58.0,2.53,24.2,30.39,30.12,1012.0,4.6,172.0
2023,KAB BANTUL,47,19,-7.902328,110.2862991,0.565,52.0,61.0,0.0,24.73,29.99,29.72,1011.0,4.58,169.0
2023,KAB GUNUNG KIDUL,47,2,-7.9930685,110.2704459,0.42,47.0,62.0,0.0,24.83,29.59,29.42,1011.0,4.93,169.0
2023,KAB KULON PROGO,47,4,-7.8186375,110.1613062,0.617,59.0,59.0,0.0,24.64,31.12,30.31,1011.0,4.37,175.0
2023,KAB SLEMAN,47,17,-7.7145614,110.3544861,0.491,68.0,56.0,0.0,23.06,30.37,29.88,1011.0,4.11,190.0
2023,KOTA YOGYAKARTA,47,16,-7.7955798,110.3694896,0.447,63.0,58.0,0.0,24.03,30.49,30.03,1011.0,4.2,181.0
2023,KAB BANTUL,48,23,-7.902328,110.2862991,0.565,94.0,64.0,1.12,24.7,29.99,29.01,1010.0,4.07,192.0
2023,KAB GUNUNG KIDUL,48,3,-7.9930685,110.2704459,0.42,92.0,63.0,0.9,24.86,29.73,29.09,1010.0,4.23,189.0
2023,KAB KULON PROGO,48,5,-7.8186375,110.1613062,0.617,94.0,64.0,0.61,24.84,29.75,29.75,1010.0,3.06,192.0
2023,KAB SLEMAN,48,8,-7.7145614,110.3544861,0.491,100.0,72.0,1.31,23.04,29.0,27.03,1010.0,3.5,211.0
2023,KOTA YOGYAKARTA,48,5,-7.7955798,110.3694896,0.447,97.0,67.0,1.32,24.03,30.09,28.37,1010.0,3.85,201.0
2023,KAB BANTUL,49,9,-7.902328,110.2862991,0.628,97.0,71.0,9.1,25.0,28.98,28.67,1010.0,4.23,172.0
2023,KAB GUNUNG KIDUL,49,2,-7.9930685,110.2704459,0.408,97.0,72.0,8.8,25.05,28.74,28.48,1010.0,4.51,170.0
2023,KAB KULON PROGO,49,3,-7.8186375,110.1613062,0.656,96.0,69.0,6.63,24.33,29.45,29.45,1010.0,3.69,179.0
2023,KAB SLEMAN,49,5,-7.7145614,110.3544861,0.554,96.0,71.0,8.98,23.14,28.91,28.51,1010.0,3.25,197.0
2023,KOTA YOGYAKARTA,49,2,-7.7955798,110.3694896,0.557,98.0,71.0,9.62,24.22,29.18,28.79,1010.0,3.67,186.0
2023,KAB BANTUL,50,4,-7.902328,110.2862991,0.628,70.0,61.0,0.45,25.93,30.22,30.15,1009.0,4.84,175.0
2023,KAB GUNUNG KIDUL,50,2,-7.9930685,110.2704459,0.408,71.0,62.0,0.3,26.14,29.87,29.87,1009.0,4.94,173.0
2023,KAB KULON PROGO,50,7,-7.8186375,110.1613062,0.656,69.0,59.0,11.63,25.62,31.01,30.71,1009.0,4.04,181.0
2023,KAB SLEMAN,50,12,-7.7145614,110.3544861,0.554,71.0,59.0,2.4,24.02,30.34,29.9,1009.0,4.4,188.0
2023,KOTA YOGYAKARTA,50,3,-7.7955798,110.3694896,0.557,70.0,59.0,1.15,25.17,30.67,30.37,1009.0,4.7,182.0
2023,KAB BANTUL,51,7,-7.902328,110.2862991,0.628,99.0,53.0,0.0,24.77,30.34,30.34,1010.0,5.0,194.0
2023,KAB GUNUNG KIDUL,51,4,-7.9930685,110.2704459,0.408,100.0,55.0,0.0,25.06,29.81,29.8,1010.0,4.91,193.0
2023,KAB KULON PROGO,51,6,-7.8186375,110.1613062,0.656,100.0,50.0,0.0,25.0,31.43,31.43,1010.0,4.5,202.0
2023,KAB SLEMAN,51,7,-7.7145614,110.3544861,0.554,98.0,48.0,0.0,22.64,31.55,31.55,1010.0,5.36,200.0
2023,KOTA YOGYAKARTA,51,0,-7.7955798,110.3694896,0.557,99.0,50.0,0.0,23.8,31.16,31.16,1010.0,5.26,197.0
2023,KAB BANTUL,52,0,-7.902328,110.2862991,0.609,89.0,55.0,0.0,23.73,33.12,31.71,1011.0,4.9,196.0
2023,KAB GUNUNG KIDUL,52,0,-7.9930685,110.2704459,0.463,86.0,58.0,0.0,23.83,33.12,30.87,1011.0,4.94,184.0
2023,KAB KULON PROGO,52,0,-7.8186375,110.1613062,0.652,66.0,50.0,0.0,24.18,33.31,33.31,1011.0,4.98,199.0
2023,KAB SLEMAN,52,0,-7.7145614,110.3544861,0.581,99.0,44.0,0.0,22.41,33.6,33.6,1010.0,4.19,209.0
2023,KOTA YOGYAKARTA,52,0,-7.7955798,110.3694896,0.542,95.0,48.0,0.0,23.19,33.19,33.19,1010.0,4.9,196.0
2024,KAB BANTUL,1,13,-7.902328,110.2862991,0.617,97.0,74.0,12.35,24.56,29.76,29.76,1010.0,4.91,159.0
2024,KAB GUNUNG KIDUL,1,6,-7.9930685,110.2704459,0.483,98.0,74.0,10.91,25.18,29.62,29.62,1010.0,5.38,151.0
2024,KAB KULON PROGO,1,8,-7.8186375,110.1613062,0.739,100.0,74.0,31.97,24.91,30.31,30.0,1010.0,3.58,151.0
2024,KAB SLEMAN,1,5,-7.7145614,110.3544861,0.617,90.0,72.0,22.84,23.73,29.5,29.5,1010.0,3.22,177.0
2024,KOTA YOGYAKARTA,1,0,-7.7955798,110.3694896,0.561,93.0,72.0,16.32,24.47,29.81,29.81,1010.0,4.02,166.0
2024,KAB BANTUL,2,14,-7.902328,110.2862991,0.617,100.0,71.0,19.1,23.96,30.25,28.3,1010.0,3.4,168.0
2024,KAB GUNUNG KIDUL,2,8,-7.9930685,110.2704459,0.483,100.0,71.0,19.4,23.96,29.95,28.3,1010.0,3.8,167.0
2024,KAB KULON PROGO,2,7,-7.8186375,110.1613062,0.739,100.0,75.0,20.17,24.28,30.48,28.75,1011.0,2.76,170.0
2024,KAB SLEMAN,2,15,-7.7145614,110.3544861,0.617,100.0,69.0,24.81,22.92,30.06,29.58,1011.0,1.88,353.0
2024,KOTA YOGYAKARTA,2,0,-7.7955798,110.3694896,0.561,100.0,71.0,17.97,23.63,30.53,27.97,1010.0,2.52,185.0
2024,KAB BANTUL,3,9,-7.902328,110.2862991,0.617,68.0,59.0,0.0,25.27,30.99,30.8,1009.0,4.12,205.0
2024,KAB GUNUNG KIDUL,3,20,-7.9930685,110.2704459,0.483,70.0,61.0,0.0,25.55,30.42,30.25,1009.0,4.0,207.0
2024,KAB KULON PROGO,3,13,-7.8186375,110.1613062,0.739,38.0,56.0,0.0,24.75,32.05,31.99,1009.0,3.95,206.0
2024,KAB SLEMAN,3,33,-7.7145614,110.3544861,0.617,57.0,52.0,0.0,23.14,32.11,31.76,1009.0,4.31,197.0
2024,KOTA YOGYAKARTA,3,3,-7.7955798,110.3694896,0.561,64.0,55.0,0.12,24.33,31.89,31.6,1009.0,4.41,202.0
2024,KAB BANTUL,4,13,-7.902328,110.2862991,0.786,92.0,69.0,0.12,24.35,29.68,29.68,1010.0,6.45,260.0
2024,KAB GUNUNG KIDUL,4,35,-7.9930685,110.2704459,0.624,92.0,70.0,0.25,24.53,29.32,29.32,1010.0,6.73,261.0
2024,KAB KULON PROGO,4,14,-7.8186375,110.1613062,0.77,92.0,71.0,0.42,23.84,29.57,29.57,1010.0,4.41,259.0
2024,KAB SLEMAN,4,36,-7.7145614,110.3544861,0.428,89.0,63.0,0.0,22.6,30.33,30.33,1010.0,5.39,249.0
2024,KOTA YOGYAKARTA,4,4,-7.7955798,110.3694896,0.656,90.0,66.0,0.12,23.57,30.21,30.21,1010.0,6.0,255.0
2024,KAB BANTUL,5,10,-7.902328,110.2862991,0.786,58.0,70.0,21.95,25.0,30.1,29.83,1012.0,3.86,212.0
2024,KAB GUNUNG KIDUL,5,20,-7.9930685,110.2704459,0.624,62.0,71.0,23.52,25.06,29.77,29.53,1012.0,3.99,211.0
2024,KAB KULON PROGO,5,7,-7.8186375,110.1613062,0.77,29.0,70.0,6.11,24.83,30.8,30.48,1012.0,3.04,216.0
2024,KAB SLEMAN,5,19,-7.7145614,110.3544861,0.428,42.0,69.0,10.8,23.65,30.55,29.83,1012.0,3.14,218.0
2024,KOTA YOGYAKARTA,5,0,-7.7955798,110.3694896,0.656,49.0,69.0,17.86,24.53,30.57,30.17,1011.0,3.62,216.0
2024,KAB BANTUL,6,13,-7.902328,110.2862991,0.648,60.0,71.0,9.06,24.9,29.72,29.61,1012.0,4.75,254.0
2024,KAB GUNUNG KIDUL,6,23,-7.9930685,110.2704459,0.743,62.0,72.0,8.42,25.06,29.36,29.32,1012.0,4.88,256.0
2024,KAB KULON PROGO,6,16,-7.8186375,110.1613062,0.766,67.0,71.0,21.78,24.28,29.91,29.77,1012.0,4.25,228.0
2024,KAB SLEMAN,6,24,-7.7145614,110.3544861,0.573,57.0,67.0,17.98,23.35,30.06,29.77,1012.0,4.17,242.0
2024,KOTA YOGYAKARTA,6,1,-7.7955798,110.3694896,0.636,56.0,68.0,12.09,24.23,30.21,29.97,1012.0,4.57,248.0
2024,KAB BANTUL,7,28,-7.902328,110.2862991,0.648,78.0,65.0,0.0,24.88,30.45,30.45,1012.0,3.84,226.0
2024,KAB GUNUNG KIDUL,7,55,-7.9930685,110.2704459,0.743,76.0,67.0,0.0,24.95,29.98,29.98,1012.0,3.86,227.0
2024,KAB KULON PROGO,7,27,-7.8186375,110.1613062,0.766,82.0,64.0,0.42,24.86,30.89,30.89,1012.0,3.93,228.0
2024,KAB SLEMAN,7,35,-7.7145614,110.3544861,0.573,92.0,61.0,0.0,23.57,30.59,30.59,1012.0,3.6,218.0
2024,KOTA YOGYAKARTA,7,5,-7.7955798,110.3694896,0.636,85.0,61.0,0.0,24.41,31.13,31.13,1012.0,3.89,222.0
2024,KAB BANTUL,8,22,-7.902328,110.2862991,0.652,67.0,64.0,0.24,24.98,31.0,31.0,1011.0,4.02,189.0
2024,KAB GUNUNG KIDUL,8,45,-7.9930685,110.2704459,0.798,66.0,66.0,0.12,25.12,30.49,30.49,1011.0,3.94,187.0
2024,KAB KULON PROGO,8,16,-7.8186375,110.1613062,0.813,52.0,59.0,0.18,24.73,32.01,32.01,1011.0,3.67,196.0
2024,KAB SLEMAN,8,36,-7.7145614,110.3544861,0.62,71.0,56.0,0.0,23.34,31.79,31.79,1011.0,4.24,196.0
2024,KOTA YOGYAKARTA,8,8,-7.7955798,110.3694896,0.613,69.0,59.0,0.47,24.3,31.76,31.76,1011.0,4.24,193.0
2024,KAB BANTUL,9,25,-7.902328,110.2862991,0.652,98.0,74.0,16.87,24.03,29.9,29.06,1009.0,3.33,249.0
2024,KAB GUNUNG KIDUL,9,35,-7.9930685,110.2704459,0.798,98.0,75.0,16.31,23.96,29.8,28.74,1009.0,3.66,233.0
2024,KAB KULON PROGO,9,19,-7.8186375,110.1613062,0.813,94.0,74.0,18.8,24.45,29.92,29.43,1010.0,3.18,246.0
2024,KAB SLEMAN,9,30,-7.7145614,110.3544861,0.62,95.0,72.0,22.79,23.36,29.56,29.34,1010.0,2.38,222.0
2024,KOTA YOGYAKARTA,9,5,-7.7955798,110.3694896,0.613,96.0,72.0,22.72,23.87,29.82,29.45,1009.0,2.84,236.0
2024,KAB BANTUL,10,29,-7.902328,110.2862991,0.652,99.0,74.0,37.36,25.37,29.48,29.42,1010.0,3.2,242.0
2024,KAB GUNUNG KIDUL,10,66,-7.9930685,110.2704459,0.798,99.0,74.0,38.33,25.45,29.35,29.32,1010.0,3.34,242.0
2024,KAB KULON PROGO,10,22,-7.8186375,110.1613062,0.813,98.0,76.0,7.34,25.54,30.42,29.47,1010.0,3.0,217.0
2024,KAB SLEMAN,10,30,-7.7145614,110.3544861,0.62,100.0,77.0,12.76,23.94,29.01,28.65,1010.0,2.52,240.0
2024,KOTA YOGYAKARTA,10,3,-7.7955798,110.3694896,0.613,100.0,75.0,25.42,24.82,29.51,29.32,1010.0,2.95,242.0
2024,KAB BANTUL,11,28,-7.902328,110.2862991,0.66,100.0,73.0,12.31,24.4,28.08,28.08,1009.0,2.58,288.0
2024,KAB GUNUNG KIDUL,11,59,-7.9930685,110.2704459,0.798,100.0,74.0,11.77,24.43,27.93,27.93,1009.0,2.99,285.0
2024,KAB KULON PROGO,11,24,-7.8186375,110.1613062,0.778,100.0,75.0,7.42,24.32,28.34,28.13,1009.0,1.53,54.0
2024,KAB SLEMAN,11,33,-7.7145614,110.3544861,0.628,100.0,73.0,21.67,23.05,27.79,27.5,1009.0,1.67,58.0
2024,KOTA YOGYAKARTA,11,10,-7.7955798,110.3694896,0.687,100.0,72.0,18.59,23.85,28.04,28.04,1009.0,1.83,58.0
2024,KAB BANTUL,12,25,-7.902328,110.2862991,0.66,68.0,71.0,0.0,24.48,29.67,29.64,1009.0,6.9,251.0
2024,KAB GUNUNG KIDUL,12,61,-7.9930685,110.2704459,0.798,67.0,72.0,0.0,24.61,29.34,29.34,1009.0,7.28,252.0
2024,KAB KULON PROGO,12,29,-7.8186375,110.1613062,0.778,75.0,70.0,0.0,24.63,30.0,30.0,1009.0,5.69,245.0
2024,KAB SLEMAN,12,34,-7.7145614,110.3544861,0.628,72.0,66.0,0.0,22.9,30.21,29.77,1009.0,5.27,242.0
2024,KOTA YOGYAKARTA,12,6,-7.7955798,110.3694896,0.687,70.0,68.0,0.0,23.81,30.19,29.98,1008.0,6.22,248.0
2024,KAB BANTUL,13,25,-7.902328,110.2862991,0.672,94.0,65.0,0.56,25.23,30.61,30.61,1010.0,4.25,167.0
2024,KAB GUNUNG KIDUL,13,36,-7.9930685,110.2704459,0.727,92.0,67.0,0.24,25.34,30.31,30.21,1010.0,4.54,163.0
2024,KAB KULON PROGO,13,30,-7.8186375,110.1613062,0.786,99.0,61.0,0.0,24.86,31.65,31.65,1010.0,3.72,179.0
2024,KAB SLEMAN,13,40,-7.7145614,110.3544861,0.628,99.0,60.0,2.73,23.72,31.01,31.01,1010.0,3.12,187.0
2024,KOTA YOGYAKARTA,13,8,-7.7955798,110.3694896,0.632,97.0,62.0,1.38,24.61,31.09,31.09,1010.0,3.68,177.0
2024,KAB BANTUL,14,17,-7.902328,110.2862991,0.672,100.0,63.0,0.0,26.03,30.1,30.05,1012.0,4.05,154.0
2024,KAB GUNUNG KIDUL,14,14,-7.9930685,110.2704459,0.727,100.0,63.0,0.0,26.24,29.89,29.86,1012.0,4.39,152.0
2024,KAB KULON PROGO,14,30,-7.8186375,110.1613062,0.786,100.0,61.0,0.0,25.5,31.09,31.09,1012.0,3.61,163.0
2024,KAB SLEMAN,14,25,-7.7145614,110.3544861,0.628,100.0,63.0,0.0,23.98,29.91,29.91,1012.0,3.3,182.0
2024,KOTA YOGYAKARTA,14,5,-7.7955798,110.3694896,0.632,100.0,63.0,0.0,25.18,30.21,30.16,1012.0,3.56,170.0
2024,KAB BANTUL,15,31,-7.902328,110.2862991,0.683,48.0,65.0,4.44,24.06,31.04,31.04,1006.0,4.23,226.0
2024,KAB GUNUNG KIDUL,15,42,-7.9930685,110.2704459,0.766,46.0,68.0,4.39,24.21,30.46,30.46,1006.0,4.21,229.0
2024,KAB KULON PROGO,15,31,-7.8186375,110.1613062,0.743,58.0,60.0,0.95,24.05,31.95,31.95,1007.0,4.34,224.0
2024,KAB SLEMAN,15,56,-7.7145614,110.3544861,0.707,59.0,55.0,15.45,22.42,32.1,32.1,1006.0,4.13,209.0
2024,KOTA YOGYAKARTA,15,12,-7.7955798,110.3694896,0.739,52.0,60.0,7.54,23.39,31.92,31.92,1006.0,4.31,217.0
2024,KAB BANTUL,16,31,-7.902328,110.2862991,0.683,58.0,70.0,0.72,25.08,30.89,30.81,1010.0,5.27,146.0
2024,KAB GUNUNG KIDUL,16,36,-7.9930685,110.2704459,0.766,59.0,71.0,0.45,25.17,30.62,30.57,1010.0,6.06,145.0
2024,KAB KULON PROGO,16,37,-7.8186375,110.1613062,0.743,75.0,74.0,4.42,25.02,30.97,30.19,1010.0,3.29,136.0
2024,KAB SLEMAN,16,61,-7.7145614,110.3544861,0.707,46.0,66.0,5.41,23.69,31.0,30.69,1010.0,2.42,185.0
2024,KOTA YOGYAKARTA,16,6,-7.7955798,110.3694896,0.739,53.0,67.0,2.86,24.53,31.14,31.05,1010.0,3.75,150.0
2024,KAB BANTUL,17,21,-7.902328,110.2862991,0.632,100.0,70.0,10.85,24.7,30.82,30.82,1008.0,5.29,149.0
2024,KAB GUNUNG KIDUL,17,29,-7.9930685,110.2704459,0.707,100.0,72.0,9.21,24.83,30.4,30.4,1008.0,5.91,146.0
2024,KAB KULON PROGO,17,32,-7.8186375,110.1613062,0.746,98.0,72.0,5.93,25.21,31.22,30.78,1008.0,3.27,182.0
2024,KAB SLEMAN,17,77,-7.7145614,110.3544861,0.589,98.0,64.0,13.52,23.19,31.31,31.31,1008.0,3.05,189.0
2024,KOTA YOGYAKARTA,17,11,-7.7955798,110.3694896,0.597,99.0,66.0,12.05,24.05,31.38,31.38,1008.0,4.04,163.0
2024,KAB BANTUL,18,35,-7.902328,110.2862991,0.632,90.0,73.0,0.11,25.39,30.38,30.38,1009.0,4.21,154.0
2024,KAB GUNUNG KIDUL,18,37,-7.9930685,110.2704459,0.707,88.0,75.0,0.0,25.56,29.94,29.93,1009.0,4.76,151.0
2024,KAB KULON PROGO,18,30,-7.8186375,110.1613062,0.746,80.0,71.0,2.47,25.13,31.3,30.83,1009.0,3.43,174.0
2024,KAB SLEMAN,18,44,-7.7145614,110.3544861,0.589,93.0,65.0,5.17,23.64,30.97,30.97,1009.0,2.47,204.0
2024,KOTA YOGYAKARTA,18,3,-7.7955798,110.3694896,0.597,95.0,68.0,0.23,24.66,31.04,31.04,1009.0,3.04,180.0
2024,KAB BANTUL,19,39,-7.902328,110.2862991,0.632,75.0,69.0,0.16,23.8,29.2,29.02,1010.0,5.03,154.0
2024,KAB GUNUNG KIDUL,19,24,-7.9930685,110.2704459,0.707,73.0,71.0,0.21,23.89,28.87,28.63,1010.0,5.48,151.0
2024,KAB KULON PROGO,19,52,-7.8186375,110.1613062,0.746,68.0,66.0,0.0,23.73,30.27,29.79,1010.0,4.26,162.0
2024,KAB SLEMAN,19,70,-7.7145614,110.3544861,0.589,86.0,61.0,0.0,22.13,29.9,29.6,1010.0,3.99,176.0
2024,KOTA YOGYAKARTA,19,4,-7.7955798,110.3694896,0.597,81.0,64.0,0.0,23.23,29.82,29.59,1010.0,4.39,164.0
2024,KAB BANTUL,20,26,-7.902328,110.2862991,0.632,47.0,71.0,0.0,24.31,30.07,29.73,1010.0,5.29,150.0
2024,KAB GUNUNG KIDUL,20,48,-7.9930685,110.2704459,0.703,49.0,74.0,0.0,24.4,29.56,29.13,1010.0,6.16,147.0
2024,KAB KULON PROGO,20,43,-7.8186375,110.1613062,0.727,60.0,67.0,0.0,24.58,30.85,30.69,1010.0,3.64,173.0
2024,KAB SLEMAN,20,67,-7.7145614,110.3544861,0.593,41.0,60.0,0.0,22.96,31.16,31.09,1010.0,2.01,177.0
2024,KOTA YOGYAKARTA,20,2,-7.7955798,110.3694896,0.581,42.0,64.0,0.0,23.79,31.03,30.73,1010.0,3.4,157.0
2024,KAB BANTUL,21,23,-7.902328,110.2862991,0.632,100.0,61.0,0.0,24.22,29.66,29.62,1008.0,6.91,136.0
2024,KAB GUNUNG KIDUL,21,55,-7.9930685,110.2704459,0.703,100.0,63.0,0.0,24.52,29.29,29.29,1008.0,7.63,136.0
2024,KAB KULON PROGO,21,60,-7.8186375,110.1613062,0.727,97.0,57.0,0.0,23.71,31.08,30.9,1008.0,5.67,152.0
2024,KAB SLEMAN,21,69,-7.7145614,110.3544861,0.593,100.0,57.0,0.0,22.06,30.41,29.91,1008.0,4.19,156.0
2024,KOTA YOGYAKARTA,21,1,-7.7955798,110.3694896,0.581,100.0,59.0,0.0,23.16,30.32,29.99,1008.0,5.41,143.0
2024,KAB BANTUL,22,28,-7.902328,110.2862991,0.66,73.0,69.0,0.0,24.25,29.47,29.3,1011.0,6.3,143.0
2024,KAB GUNUNG KIDUL,22,36,-7.9930685,110.2704459,0.66,73.0,71.0,0.0,24.47,28.97,28.82,1011.0,7.01,140.0
2024,KAB KULON PROGO,22,68,-7.8186375,110.1613062,0.754,89.0,62.0,0.0,23.79,30.44,30.42,1011.0,4.86,153.0
2024,KAB SLEMAN,22,53,-7.7145614,110.3544861,0.605,75.0,60.0,0.0,22.44,30.38,30.12,1011.0,3.65,172.0
2024,KOTA YOGYAKARTA,22,3,-7.7955798,110.3694896,0.589,74.0,64.0,0.11,23.43,30.27,30.03,1010.0,4.74,153.0
2024,KAB BANTUL,23,18,-7.902328,110.2862991,0.66,74.0,75.0,0.0,24.52,29.12,29.1,1011.0,5.14,148.0
2024,KAB GUNUNG KIDUL,23,47,-7.9930685,110.2704459,0.66,72.0,75.0,0.0,24.6,28.95,28.91,1011.0,5.78,146.0
2024,KAB KULON PROGO,23,60,-7.8186375,110.1613062,0.754,80.0,77.0,0.99,24.64,29.32,29.29,1011.0,3.4,149.0
2024,KAB SLEMAN,23,47,-7.7145614,110.3544861,0.605,77.0,72.0,1.0,23.16,29.1,29.1,1011.0,2.99,188.0
2024,KOTA YOGYAKARTA,23,5,-7.7955798,110.3694896,0.589,77.0,73.0,0.0,23.92,29.28,29.28,1011.0,3.75,156.0
2024,KAB BANTUL,24,26,-7.902328,110.2862991,0.652,85.0,75.0,0.0,24.29,29.08,29.01,1011.0,5.04,150.0
2024,KAB GUNUNG KIDUL,24,35,-7.9930685,110.2704459,0.644,85.0,76.0,0.0,24.42,28.8,28.66,1011.0,5.64,147.0
2024,KAB KULON PROGO,24,46,-7.8186375,110.1613062,0.746,52.0,69.0,0.0,24.48,30.48,30.31,1011.0,3.8,146.0
2024,KAB SLEMAN,24,35,-7.7145614,110.3544861,0.605,90.0,68.0,0.0,22.89,29.47,29.47,1011.0,2.84,181.0
2024,KOTA YOGYAKARTA,24,5,-7.7955798,110.3694896,0.565,87.0,71.0,0.0,23.68,29.53,29.53,1011.0,3.78,160.0
2024,KAB BANTUL,25,38,-7.902328,110.2862991,0.652,37.0,64.0,0.0,23.36,29.98,29.98,1010.0,5.11,165.0
2024,KAB GUNUNG KIDUL,25,45,-7.9930685,110.2704459,0.644,36.0,65.0,0.0,23.49,29.53,29.53,1010.0,5.54,160.0
2024,KAB KULON PROGO,25,60,-7.8186375,110.1613062,0.746,18.0,60.0,0.0,23.48,30.98,30.98,1010.0,4.1,180.0
2024,KAB SLEMAN,25,45,-7.7145614,110.3544861,0.605,45.0,57.0,0.0,21.89,30.87,30.56,1010.0,4.38,197.0
2024,KOTA YOGYAKARTA,25,11,-7.7955798,110.3694896,0.565,42.0,60.0,0.0,22.75,30.65,30.57,1010.0,4.7,182.0
2024,KAB BANTUL,26,22,-7.902328,110.2862991,0.652,84.0,72.0,0.0,22.5,28.32,28.04,1011.0,7.56,137.0
2024,KAB GUNUNG KIDUL,26,30,-7.9930685,110.2704459,0.644,85.0,72.0,0.0,22.74,28.17,27.95,1011.0,8.28,135.0
2024,KAB KULON PROGO,26,56,-7.8186375,110.1613062,0.746,90.0,71.0,0.0,21.77,28.66,28.15,1011.0,5.55,142.0
2024,KAB SLEMAN,26,50,-7.7145614,110.3544861,0.605,79.0,68.0,0.0,20.5,28.29,27.74,1011.0,4.64,150.0
2024,KOTA YOGYAKARTA,26,4,-7.7955798,110.3694896,0.565,82.0,70.0,0.0,21.65,28.46,27.98,1011.0,6.07,143.0
2024,KAB BANTUL,27,27,-7.902328,110.2862991,0.656,66.0,69.0,0.0,24.05,29.53,29.13,1011.0,5.84,156.0
2024,KAB GUNUNG KIDUL,27,28,-7.9930685,110.2704459,0.585,61.0,70.0,0.0,24.17,29.0,28.78,1011.0,6.47,150.0
2024,KAB KULON PROGO,27,45,-7.8186375,110.1613062,0.703,84.0,69.0,0.0,23.63,29.87,29.46,1011.0,4.44,157.0
2024,KAB SLEMAN,27,45,-7.7145614,110.3544861,0.597,86.0,62.0,0.0,22.3,30.58,29.55,1011.0,3.88,193.0
2024,KOTA YOGYAKARTA,27,4,-7.7955798,110.3694896,0.554,76.0,65.0,0.0,23.31,30.41,29.65,1011.0,4.67,173.0
2024,KAB BANTUL,28,13,-7.902328,110.2862991,0.656,91.0,68.0,0.0,23.46,29.42,28.9,1010.0,5.07,141.0
2024,KAB GUNUNG KIDUL,28,39,-7.9930685,110.2704459,0.585,89.0,69.0,0.0,23.61,28.97,28.9,1010.0,5.97,142.0
2024,KAB KULON PROGO,28,37,-7.8186375,110.1613062,0.703,89.0,69.0,0.0,23.24,29.17,28.88,1010.0,2.86,187.0
2024,KAB SLEMAN,28,43,-7.7145614,110.3544861,0.597,99.0,67.0,0.0,21.95,29.81,28.21,1010.0,1.97,78.0
2024,KOTA YOGYAKARTA,28,6,-7.7955798,110.3694896,0.554,95.0,67.0,0.0,22.82,30.05,28.74,1010.0,3.08,136.0
2024,KAB BANTUL,29,22,-7.902328,110.2862991,0.672,15.0,53.0,0.0,21.88,28.34,28.23,1010.0,7.97,138.0
2024,KAB GUNUNG KIDUL,29,50,-7.9930685,110.2704459,0.644,14.0,55.0,0.0,22.43,27.94,27.87,1010.0,8.54,137.0
2024,KAB KULON PROGO,29,35,-7.8186375,110.1613062,0.715,34.0,50.0,0.0,20.21,28.99,28.89,1010.0,6.28,148.0
2024,KAB SLEMAN,29,43,-7.7145614,110.3544861,0.624,21.0,47.0,0.0,18.27,28.98,28.58,1010.0,5.3,150.0
2024,KOTA YOGYAKARTA,29,5,-7.7955798,110.3694896,0.573,17.0,49.0,0.0,20.13,28.93,28.7,1010.0,6.71,142.0
2024,KAB BANTUL,30,16,-7.902328,110.2862991,0.672,5.0,57.0,0.0,21.57,28.92,28.79,1012.0,6.72,151.0
2024,KAB GUNUNG KIDUL,30,25,-7.9930685,110.2704459,0.644,5.0,59.0,0.0,21.76,28.29,28.21,1013.0,7.18,148.0
2024,KAB KULON PROGO,30,31,-7.8186375,110.1613062,0.715,10.0,53.0,0.0,21.15,29.99,29.99,1012.0,5.94,162.0
2024,KAB SLEMAN,30,39,-7.7145614,110.3544861,0.624,5.0,48.0,0.0,19.88,30.44,30.0,1012.0,5.27,175.0
2024,KOTA YOGYAKARTA,30,5,-7.7955798,110.3694896,0.573,5.0,52.0,0.0,20.84,29.99,29.7,1012.0,5.91,162.0
2024,KAB BANTUL,31,21,-7.902328,110.2862991,0.628,56.0,64.0,0.0,22.43,28.54,28.36,1012.0,7.13,151.0
2024,KAB GUNUNG KIDUL,31,16,-7.9930685,110.2704459,0.534,51.0,66.0,0.0,22.62,28.06,27.93,1012.0,7.77,147.0
2024,KAB KULON PROGO,31,33,-7.8186375,110.1613062,0.668,68.0,61.0,0.0,20.28,31.39,29.02,1012.0,5.71,154.0
2024,KAB SLEMAN,31,42,-7.7145614,110.3544861,0.593,66.0,55.0,0.0,19.09,30.2,29.44,1012.0,5.14,173.0
2024,KOTA YOGYAKARTA,31,1,-7.7955798,110.3694896,0.546,64.0,59.0,0.0,21.65,29.29,29.08,1012.0,5.94,160.0
2024,KAB BANTUL,32,23,-7.902328,110.2862991,0.628,22.0,65.0,0.0,22.75,28.58,28.58,1013.0,5.56,155.0
2024,KAB GUNUNG KIDUL,32,14,-7.9930685,110.2704459,0.534,20.0,67.0,0.0,22.86,28.05,28.05,1013.0,5.84,153.0
2024,KAB KULON PROGO,32,26,-7.8186375,110.1613062,0.668,42.0,63.0,0.0,22.5,30.83,30.83,1013.0,4.79,154.0
2024,KAB SLEMAN,32,27,-7.7145614,110.3544861,0.593,25.0,55.0,0.0,21.31,29.64,29.64,1013.0,4.74,169.0
2024,KOTA YOGYAKARTA,32,3,-7.7955798,110.3694896,0.546,25.0,59.0,0.0,22.19,29.46,29.46,1013.0,5.12,161.0
2024,KAB BANTUL,33,13,-7.902328,110.2862991,0.617,33.0,55.0,0.0,21.44,28.57,28.57,1011.0,8.22,146.0
2024,KAB GUNUNG KIDUL,33,17,-7.9930685,110.2704459,0.518,36.0,59.0,0.0,21.67,27.81,27.78,1011.0,8.65,145.0
2024,KAB KULON PROGO,33,26,-7.8186375,110.1613062,0.652,27.0,50.0,0.0,20.81,30.83,29.61,1011.0,7.01,153.0
2024,KAB SLEMAN,33,20,-7.7145614,110.3544861,0.55,20.0,40.0,0.0,19.29,30.62,30.62,1010.0,6.46,160.0
2024,KOTA YOGYAKARTA,33,7,-7.7955798,110.3694896,0.522,26.0,46.0,0.0,20.56,30.0,30.0,1010.0,7.38,152.0
2024,KAB BANTUL,34,22,-7.902328,110.2862991,0.617,3.0,60.0,0.0,21.23,30.48,28.33,1011.0,6.52,156.0
2024,KAB GUNUNG KIDUL,34,18,-7.9930685,110.2704459,0.518,4.0,63.0,0.0,21.31,30.48,27.41,1011.0,6.81,152.0
2024,KAB KULON PROGO,34,28,-7.8186375,110.1613062,0.652,0.0,52.0,0.0,21.71,31.94,30.1,1011.0,5.97,167.0
2024,KAB SLEMAN,34,21,-7.7145614,110.3544861,0.55,1.0,44.0,0.0,20.61,31.31,31.31,1011.0,5.79,177.0
2024,KOTA YOGYAKARTA,34,2,-7.7955798,110.3694896,0.522,1.0,51.0,0.0,20.75,30.14,30.09,1011.0,6.0,166.0
2024,KAB BANTUL,35,27,-7.902328,110.2862991,0.617,55.0,65.0,0.0,22.03,28.02,27.53,1012.0,7.3,155.0
2024,KAB GUNUNG KIDUL,35,15,-7.9930685,110.2704459,0.518,48.0,67.0,0.0,22.12,27.53,27.15,1012.0,7.73,152.0
2024,KAB KULON PROGO,35,28,-7.8186375,110.1613062,0.652,82.0,63.0,0.0,23.61,32.5,32.5,1012.0,5.74,153.0
2024,KAB SLEMAN,35,22,-7.7145614,110.3544861,0.55,76.0,55.0,0.0,22.21,31.31,31.31,1012.0,5.88,175.0
2024,KOTA YOGYAKARTA,35,5,-7.7955798,110.3694896,0.522,68.0,60.0,0.0,21.45,29.02,28.22,1012.0,6.44,162.0
2024,KAB BANTUL,36,18,-7.902328,110.2862991,0.577,91.0,67.0,0.0,22.05,28.25,27.79,1011.0,5.33,160.0
2024,KAB GUNUNG KIDUL,36,9,-7.9930685,110.2704459,0.439,90.0,68.0,0.0,22.2,27.77,27.42,1011.0,5.75,156.0
2024,KAB KULON PROGO,36,27,-7.8186375,110.1613062,0.593,87.0,63.0,0.0,21.7,34.17,33.61,1011.0,4.98,162.0
2024,KAB SLEMAN,36,20,-7.7145614,110.3544861,0.475,94.0,59.0,0.0,20.34,32.98,32.42,1011.0,4.24,177.0
2024,KOTA YOGYAKARTA,36,2,-7.7955798,110.3694896,0.487,93.0,63.0,0.0,21.39,28.95,28.29,1011.0,4.67,164.0
2024,KAB BANTUL,37,22,-7.902328,110.2862991,0.577,61.0,73.0,1.44,24.12,28.63,28.44,1012.0,6.27,151.0
2024,KAB GUNUNG KIDUL,37,12,-7.9930685,110.2704459,0.439,56.0,74.0,1.46,24.29,28.13,28.02,1012.0,6.95,149.0
2024,KAB KULON PROGO,37,29,-7.8186375,110.1613062,0.593,72.0,71.0,1.94,24.66,30.28,29.17,1012.0,4.97,149.0
2024,KAB SLEMAN,37,16,-7.7145614,110.3544861,0.475,77.0,65.0,0.98,23.21,29.09,27.98,1012.0,3.9,175.0
2024,KOTA YOGYAKARTA,37,3,-7.7955798,110.3694896,0.487,71.0,68.0,1.82,23.41,29.47,29.15,1012.0,4.96,162.0
2024,KAB BANTUL,38,22,-7.902328,110.2862991,0.605,5.0,53.0,0.0,23.23,35.48,29.75,1009.0,7.06,161.0
2024,KAB GUNUNG KIDUL,38,6,-7.9930685,110.2704459,0.479,5.0,58.0,0.0,23.46,35.48,28.82,1009.0,7.42,156.0
2024,KAB KULON PROGO,38,45,-7.8186375,110.1613062,0.593,16.0,47.0,0.0,22.86,31.15,31.06,1009.0,5.92,161.0
2024,KAB SLEMAN,38,22,-7.7145614,110.3544861,0.506,11.0,36.0,0.0,21.75,34.38,32.41,1009.0,6.26,182.0
2024,KOTA YOGYAKARTA,38,4,-7.7955798,110.3694896,0.498,6.0,43.0,0.0,22.4,35.14,31.57,1009.0,6.64,172.0
2024,KAB BANTUL,39,18,-7.902328,110.2862991,0.605,99.0,59.0,0.0,23.07,37.15,31.1,1009.0,5.36,180.0
2024,KAB GUNUNG KIDUL,39,6,-7.9930685,110.2704459,0.479,99.0,64.0,0.0,23.18,37.15,30.05,1009.0,5.71,175.0
2024,KAB KULON PROGO,39,39,-7.8186375,110.1613062,0.593,91.0,53.0,0.0,24.72,34.17,34.17,1009.0,4.95,193.0
2024,KAB SLEMAN,39,17,-7.7145614,110.3544861,0.506,99.0,43.0,0.0,23.37,36.05,32.98,1008.0,4.37,202.0
2024,KOTA YOGYAKARTA,39,5,-7.7955798,110.3694896,0.498,99.0,49.0,0.0,22.52,36.81,33.1,1009.0,5.07,191.0
2024,KAB BANTUL,40,32,-7.902328,110.2862991,0.601,53.0,60.0,0.0,25.11,32.06,31.46,1009.0,7.35,156.0
2024,KAB GUNUNG KIDUL,40,13,-7.9930685,110.2704459,0.412,55.0,64.0,0.0,25.3,31.36,30.54,1009.0,8.23,152.0
2024,KAB KULON PROGO,40,36,-7.8186375,110.1613062,0.573,62.0,56.0,0.0,25.37,33.05,32.5,1009.0,5.55,166.0
2024,KAB SLEMAN,40,35,-7.7145614,110.3544861,0.53,44.0,48.0,0.0,24.39,31.86,31.31,1009.0,5.08,184.0
2024,KOTA YOGYAKARTA,40,5,-7.7955798,110.3694896,0.483,46.0,52.0,0.0,24.38,33.22,33.12,1009.0,6.29,169.0
2024,KAB BANTUL,41,27,-7.902328,110.2862991,0.601,55.0,61.0,0.0,24.32,30.9,30.9,1009.0,6.95,158.0
2024,KAB GUNUNG KIDUL,41,16,-7.9930685,110.2704459,0.412,56.0,65.0,0.0,24.38,29.97,29.97,1010.0,7.4,150.0
2024,KAB KULON PROGO,41,39,-7.8186375,110.1613062,0.573,61.0,58.0,0.0,24.72,32.5,31.94,1010.0,5.35,170.0
2024,KAB SLEMAN,41,19,-7.7145614,110.3544861,0.53,47.0,47.0,0.0,23.53,31.31,30.75,1009.0,4.83,180.0
2024,KOTA YOGYAKARTA,41,1,-7.7955798,110.3694896,0.483,52.0,53.0,0.0,23.79,32.61,32.61,1009.0,6.01,168.0
2024,KAB BANTUL,42,29,-7.902328,110.2862991,0.601,80.0,52.0,0.0,24.73,32.89,32.67,1008.0,7.99,157.0
2024,KAB GUNUNG KIDUL,42,13,-7.9930685,110.2704459,0.412,83.0,60.0,0.0,25.03,31.55,31.1,1008.0,8.81,154.0
2024,KAB KULON PROGO,42,38,-7.8186375,110.1613062,0.573,69.0,49.0,0.0,25.82,33.56,33.56,1008.0,6.63,165.0
2024,KAB SLEMAN,42,18,-7.7145614,110.3544861,0.53,77.0,38.0,0.0,24.45,35.08,35.08,1008.0,6.12,182.0
2024,KOTA YOGYAKARTA,42,3,-7.7955798,110.3694896,0.483,75.0,40.0,0.0,23.9,35.15,35.05,1008.0,6.65,172.0
2024,KAB BANTUL,43,30,-7.902328,110.2862991,0.569,99.0,74.0,0.57,23.46,27.87,27.68,1013.0,2.92,150.0
2024,KAB GUNUNG KIDUL,43,8,-7.9930685,110.2704459,0.42,100.0,75.0,0.4,23.62,27.91,27.48,1013.0,4.22,144.0
2024,KAB KULON PROGO,43,48,-7.8186375,110.1613062,0.561,94.0,76.0,0.34,23.61,29.17,28.61,1013.0,3.61,204.0
2024,KAB SLEMAN,43,28,-7.7145614,110.3544861,0.538,97.0,76.0,2.42,22.42,27.98,27.42,1013.0,3.65,228.0
2024,KOTA YOGYAKARTA,43,4,-7.7955798,110.3694896,0.491,98.0,73.0,0.88,22.97,27.68,27.68,1013.0,3.06,217.0
2024,KAB BANTUL,44,38,-7.902328,110.2862991,0.569,45.0,53.0,0.0,24.73,31.62,31.62,1009.0,6.39,175.0
2024,KAB GUNUNG KIDUL,44,22,-7.9930685,110.2704459,0.42,44.0,56.0,0.0,25.1,30.66,30.66,1009.0,6.24,171.0
2024,KAB KULON PROGO,44,42,-7.8186375,110.1613062,0.561,77.0,51.0,0.0,23.05,33.61,33.05,1009.0,5.53,185.0
2024,KAB SLEMAN,44,55,-7.7145614,110.3544861,0.538,47.0,42.0,0.0,21.86,32.42,31.86,1008.0,6.4,186.0
2024,KOTA YOGYAKARTA,44,6,-7.7955798,110.3694896,0.491,47.0,45.0,0.0,23.73,33.4,33.38,1008.0,6.6,182.0
2024,KAB BANTUL,45,39,-7.902328,110.2862991,0.628,98.0,64.0,12.62,24.41,34.37,34.37,1010.0,3.15,206.0
2024,KAB GUNUNG KIDUL,45,28,-7.9930685,110.2704459,0.546,99.0,67.0,13.7,24.7,34.37,34.37,1010.0,3.38,172.0
2024,KAB KULON PROGO,45,39,-7.8186375,110.1613062,0.687,100.0,70.0,20.03,26.39,31.39,31.39,1010.0,3.15,96.0
2024,KAB SLEMAN,45,21,-7.7145614,110.3544861,0.617,94.0,54.0,7.67,25.2,33.27,33.27,1010.0,3.2,266.0
2024,KOTA YOGYAKARTA,45,3,-7.7955798,110.3694896,0.506,96.0,54.0,9.82,23.93,34.03,34.03,1009.0,2.28,220.0
2024,KAB BANTUL,46,25,-7.902328,110.2862991,0.628,92.0,68.0,18.71,25.01,30.47,30.37,1009.0,4.26,165.0
2024,KAB GUNUNG KIDUL,46,32,-7.9930685,110.2704459,0.546,95.0,70.0,18.6,25.29,30.05,30.01,1009.0,4.6,160.0
2024,KAB KULON PROGO,46,37,-7.8186375,110.1613062,0.687,84.0,68.0,46.46,25.29,30.71,30.54,1009.0,3.5,179.0
2024,KAB SLEMAN,46,45,-7.7145614,110.3544861,0.617,91.0,67.0,24.05,23.81,30.59,29.99,1010.0,2.58,185.0
2024,KOTA YOGYAKARTA,46,5,-7.7955798,110.3694896,0.506,89.0,66.0,21.78,24.46,30.96,30.62,1009.0,3.25,177.0
2024,KAB BANTUL,47,38,-7.902328,110.2862991,0.695,66.0,64.0,14.12,24.91,31.92,31.24,1006.0,4.3,186.0
2024,KAB GUNUNG KIDUL,47,23,-7.9930685,110.2704459,0.55,71.0,68.0,13.46,25.11,31.33,30.37,1006.0,4.84,188.0
2024,KAB KULON PROGO,47,44,-7.8186375,110.1613062,0.735,68.0,70.0,7.43,26.94,33.61,33.61,1006.0,2.96,197.0
2024,KAB SLEMAN,47,26,-7.7145614,110.3544861,0.66,56.0,57.0,4.24,25.75,32.42,32.42,1006.0,2.75,95.0
2024,KOTA YOGYAKARTA,47,6,-7.7955798,110.3694896,0.538,60.0,58.0,13.75,24.46,32.49,32.49,1006.0,3.11,195.0
2024,KAB BANTUL,48,37,-7.902328,110.2862991,0.695,100.0,71.0,17.28,24.8,29.69,29.5,1008.0,3.74,228.0
2024,KAB GUNUNG KIDUL,48,36,-7.9930685,110.2704459,0.55,100.0,72.0,16.84,25.03,29.26,29.22,1008.0,3.65,232.0
2024,KAB KULON PROGO,48,51,-7.8186375,110.1613062,0.735,100.0,73.0,20.17,25.28,30.83,30.28,1008.0,3.58,235.0
2024,KAB SLEMAN,48,34,-7.7145614,110.3544861,0.66,100.0,73.0,15.94,24.09,29.64,29.09,1008.0,3.53,222.0
2024,KOTA YOGYAKARTA,48,9,-7.7955798,110.3694896,0.538,100.0,71.0,20.78,24.15,30.08,29.58,1008.0,3.78,226.0
2024,KAB BANTUL,49,64,-7.902328,110.2862991,0.715,100.0,69.0,5.16,24.76,30.31,29.86,1007.0,4.78,258.0
2024,KAB GUNUNG KIDUL,49,45,-7.9930685,110.2704459,0.802,100.0,71.0,6.11,25.1,29.84,29.5,1007.0,4.99,261.0
2024,KAB KULON PROGO,49,40,-7.8186375,110.1613062,0.735,100.0,73.0,5.85,25.1,33.05,29.08,1007.0,3.88,240.0
2024,KAB SLEMAN,49,36,-7.7145614,110.3544861,0.676,100.0,63.0,4.53,23.42,31.86,29.83,1007.0,4.82,233.0
2024,KOTA YOGYAKARTA,49,3,-7.7955798,110.3694896,0.687,100.0,64.0,3.47,24.12,31.07,30.29,1007.0,4.94,235.0
2024,KAB BANTUL,50,57,-7.902328,110.2862991,0.715,98.0,70.0,6.94,25.1,29.78,29.78,1006.0,3.6,202.0
2024,KAB GUNUNG KIDUL,50,46,-7.9930685,110.2704459,0.802,99.0,72.0,5.31,25.39,29.32,29.22,1006.0,3.55,199.0
2024,KAB KULON PROGO,50,68,-7.8186375,110.1613062,0.735,98.0,68.0,33.45,25.96,33.05,33.05,1006.0,4.2,191.0
2024,KAB SLEMAN,50,53,-7.7145614,110.3544861,0.676,96.0,67.0,34.37,24.07,31.86,31.86,1007.0,3.19,214.0
2024,KOTA YOGYAKARTA,50,9,-7.7955798,110.3694896,0.687,96.0,66.0,19.0,24.47,30.49,30.49,1006.0,3.54,209.0
2024,KAB BANTUL,51,48,-7.902328,110.2862991,0.715,100.0,81.0,103.43,23.7,28.35,26.79,1009.0,3.79,272.0
2024,KAB GUNUNG KIDUL,51,42,-7.9930685,110.2704459,0.802,100.0,81.0,104.25,23.79,28.21,26.78,1009.0,4.52,283.0
2024,KAB KULON PROGO,51,85,-7.8186375,110.1613062,0.735,100.0,75.0,28.98,24.33,30.83,30.28,1009.0,2.64,267.0
2024,KAB SLEMAN,51,58,-7.7145614,110.3544861,0.676,99.0,77.0,33.39,23.92,29.64,29.09,1009.0,2.5,258.0
2024,KOTA YOGYAKARTA,51,11,-7.7955798,110.3694896,0.687,100.0,80.0,77.8,23.36,28.34,26.73,1009.0,2.81,260.0
2024,KAB BANTUL,52,0,-7.902328,110.2862991,0.703,63.0,70.0,34.33,24.98,31.41,30.3,1008.0,3.77,184.0
2024,KAB GUNUNG KIDUL,52,0,-7.9930685,110.2704459,0.817,63.0,71.0,32.93,25.29,30.96,30.01,1008.0,3.87,184.0
2024,KAB KULON PROGO,52,0,-7.8186375,110.1613062,0.746,70.0,69.0,46.01,27.5,31.94,31.94,1008.0,3.44,194.0
2024,KAB SLEMAN,52,0,-7.7145614,110.3544861,0.687,65.0,71.0,37.63,26.31,30.75,30.75,1009.0,2.64,194.0
2024,KOTA YOGYAKARTA,52,0,-7.7955798,110.3694896,0.683,64.0,69.0,41.72,24.31,31.59,30.25,1008.0,3.28,188.0
2025,KAB BANTUL,1,50,-7.902328,110.2862991,0.703,100.0,84.0,55.84,23.86,25.68,25.31,1010.0,3.88,259.0
2025,KAB GUNUNG KIDUL,1,52,-7.9930685,110.2704459,0.817,100.0,83.0,53.99,24.04,25.67,25.38,1010.0,4.61,255.0
2025,KAB KULON PROGO,1,109,-7.8186375,110.1613062,0.746,100.0,84.0,25.13,25.83,27.5,27.5,1010.0,2.31,292.0
2025,KAB SLEMAN,1,40,-7.7145614,110.3544861,0.687,100.0,83.0,36.74,24.64,26.31,26.31,1011.0,2.79,240.0
2025,KOTA YOGYAKARTA,1,10,-7.7955798,110.3694896,0.683,100.0,85.0,51.1,23.52,25.54,24.98,1010.0,2.7,246.0
2025,KAB BANTUL,2,38,-7.902328,110.2862991,0.636,100.0,91.0,13.94,23.37,25.5,24.88,1010.0,3.46,266.0
2025,KAB GUNUNG KIDUL,2,65,-7.9930685,110.2704459,0.707,100.0,91.0,19.22,23.57,25.48,24.97,1010.0,3.91,272.0
2025,KAB KULON PROGO,2,133,-7.8186375,110.1613062,0.817,100.0,89.0,6.14,24.47,29.17,28.61,1010.0,2.61,274.0
2025,KAB SLEMAN,2,64,-7.7145614,110.3544861,0.589,100.0,87.0,0.49,23.68,27.98,27.42,1010.0,2.99,250.0
2025,KOTA YOGYAKARTA,2,19,-7.7955798,110.3694896,0.64,100.0,89.0,4.42,22.92,25.44,24.86,1010.0,2.86,250.0
2025,KAB BANTUL,3,39,-7.902328,110.2862991,0.636,93.0,69.0,8.01,24.15,29.63,29.11,1010.0,6.26,266.0
2025,KAB GUNUNG KIDUL,3,73,-7.9930685,110.2704459,0.707,94.0,72.0,7.88,24.33,29.11,28.6,1010.0,6.36,268.0
2025,KAB KULON PROGO,3,121,-7.8186375,110.1613062,0.817,100.0,87.0,13.89,26.39,28.05,28.05,1010.0,2.65,259.0
2025,KAB SLEMAN,3,70,-7.7145614,110.3544861,0.589,93.0,65.0,7.57,25.2,26.86,26.86,1010.0,5.27,261.0
2025,KOTA YOGYAKARTA,3,13,-7.7955798,110.3694896,0.64,92.0,64.0,6.65,23.8,30.27,29.87,1010.0,5.88,263.0
2025,KAB BANTUL,4,56,-7.902328,110.2862991,0.601,88.0,69.0,11.07,24.32,29.98,29.95,1006.0,6.48,259.0
2025,KAB GUNUNG KIDUL,4,47,-7.9930685,110.2704459,0.758,86.0,71.0,11.12,24.57,29.58,29.51,1006.0,6.63,261.0
2025,KAB KULON PROGO,4,105,-7.8186375,110.1613062,0.821,92.0,72.0,12.87,25.51,30.28,29.72,1006.0,5.07,237.0
2025,KAB SLEMAN,4,61,-7.7145614,110.3544861,0.715,100.0,59.0,15.28,24.06,29.09,28.53,1006.0,5.61,247.0
2025,KOTA YOGYAKARTA,4,15,-7.7955798,110.3694896,0.723,96.0,62.0,9.99,23.8,30.75,30.75,1006.0,6.03,255.0
2025,KAB BANTUL,5,26,-7.902328,110.2862991,0.601,96.0,71.0,0.75,24.36,29.68,29.57,1008.0,4.29,224.0
2025,KAB GUNUNG KIDUL,5,30,-7.9930685,110.2704459,0.758,97.0,73.0,0.58,24.64,29.3,29.06,1008.0,4.19,225.0
2025,KAB KULON PROGO,5,107,-7.8186375,110.1613062,0.821,100.0,72.0,2.98,24.38,31.39,29.48,1008.0,3.68,226.0
2025,KAB SLEMAN,5,38,-7.7145614,110.3544861,0.715,97.0,64.0,7.51,23.14,30.3,30.2,1007.0,4.15,226.0
2025,KOTA YOGYAKARTA,5,7,-7.7955798,110.3694896,0.723,96.0,66.0,1.71,23.78,30.53,30.38,1007.0,4.39,226.0
2025,KAB BANTUL,6,38,-7.902328,110.2862991,0.695,99.0,57.0,33.75,23.97,32.27,32.27,1005.0,4.52,193.0
2025,KAB GUNUNG KIDUL,6,37,-7.9930685,110.2704459,0.743,100.0,58.0,28.33,24.2,31.74,31.74,1005.0,4.9,195.0
2025,KAB KULON PROGO,6,118,-7.8186375,110.1613062,0.794,100.0,53.0,11.76,25.32,33.23,33.23,1005.0,4.01,221.0
2025,KAB SLEMAN,6,79,-7.7145614,110.3544861,0.723,97.0,57.0,23.16,23.43,31.63,31.63,1005.0,2.29,156.0
2025,KOTA YOGYAKARTA,6,5,-7.7955798,110.3694896,0.727,98.0,54.0,32.36,23.41,32.63,32.63,1005.0,3.43,178.0
2025,KAB BANTUL,7,24,-7.902328,110.2862991,0.695,73.0,67.0,0.21,24.85,30.39,30.39,1008.0,5.3,252.0
2025,KAB GUNUNG KIDUL,7,44,-7.9930685,110.2704459,0.743,75.0,69.0,0.28,25.2,29.88,29.88,1008.0,5.38,255.0
2025,KAB KULON PROGO,7,111,-7.8186375,110.1613062,0.794,75.0,66.0,0.54,25.83,30.47,30.47,1009.0,4.48,234.0
2025,KAB SLEMAN,7,77,-7.7145614,110.3544861,0.723,80.0,56.0,0.35,24.64,31.2,31.2,1008.0,5.4,236.0
2025,KOTA YOGYAKARTA,7,8,-7.7955798,110.3694896,0.727,73.0,59.0,0.0,24.06,31.36,31.32,1008.0,5.39,242.0
2025,KAB BANTUL,8,36,-7.902328,110.2862991,0.695,100.0,66.0,12.46,24.17,30.78,30.57,1009.0,3.82,207.0
2025,KAB GUNUNG KIDUL,8,21,-7.9930685,110.2704459,0.743,96.0,68.0,13.14,24.27,30.4,30.11,1009.0,4.13,211.0
2025,KAB KULON PROGO,8,66,-7.8186375,110.1613062,0.794,52.0,70.0,24.72,24.22,32.24,30.43,1009.0,3.29,209.0
2025,KAB SLEMAN,8,54,-7.7145614,110.3544861,0.723,100.0,62.0,7.33,22.97,30.73,30.53,1009.0,2.8,204.0
2025,KOTA YOGYAKARTA,8,6,-7.7955798,110.3694896,0.727,100.0,62.0,9.98,23.73,31.04,30.99,1009.0,3.08,200.0
2025,KAB BANTUL,9,21,-7.902328,110.2862991,0.711,67.0,64.0,18.2,23.82,31.94,31.19,1010.0,2.76,35.0
2025,KAB GUNUNG KIDUL,9,29,-7.9930685,110.2704459,0.743,64.0,67.0,19.3,23.95,31.41,30.56,1010.0,3.29,39.0
2025,KAB KULON PROGO,9,81,-7.8186375,110.1613062,0.762,72.0,66.0,18.08,23.89,31.82,31.19,1010.0,3.04,225.0
2025,KAB SLEMAN,9,59,-7.7145614,110.3544861,0.699,76.0,65.0,14.55,22.94,31.07,30.83,1010.0,2.27,97.0
2025,KOTA YOGYAKARTA,9,7,-7.7955798,110.3694896,0.695,72.0,61.0,14.73,23.47,32.26,31.8,1010.0,2.32,108.0
2025,KAB BANTUL,10,22,-7.902328,110.2862991,0.711,50.5,70.0,0.79,24.35,30.45,30.22,1008.0,5.39,147.0
2025,KAB GUNUNG KIDUL,10,22,-7.9930685,110.2704459,0.743,54.5,71.5,0.11,24.68,30.13,29.91,1008.0,6.27,144.0
2025,KAB KULON PROGO,10,78,-7.8186375,110.1613062,0.762,61.5,74.5,2.96,24.75,30.28,30.16,1008.0,3.91,148.0
2025,KAB SLEMAN,10,49,-7.7145614,110.3544861,0.699,54.5,70.5,5.02,23.45,29.6,29.58,1008.0,2.62,103.0
2025,KOTA YOGYAKARTA,10,2,-7.7955798,110.3694896,0.695,34.5,68.5,1.08,23.86,30.32,30.26,1008.0,3.11,157.0
2025,KAB BANTUL,11,18,-7.902328,110.2862991,0.695,100.0,62.0,5.94,22.89,31.17,31.17,1009.0,2.99,108.0
2025,KAB GUNUNG KIDUL,11,21,-7.9930685,110.2704459,0.77,100.0,62.0,4.71,23.17,30.83,30.83,1009.0,3.75,111.0
2025,KAB KULON PROGO,11,66,-7.8186375,110.1613062,0.723,100.0,63.0,10.59,23.08,31.14,30.23,1009.0,2.4,236.0
2025,KAB SLEMAN,11,37,-7.7145614,110.3544861,0.683,100.0,66.0,10.99,21.9,30.04,30.04,1009.0,3.12,83.0
2025,KOTA YOGYAKARTA,11,2,-7.7955798,110.3694896,0.648,100.0,63.0,11.26,22.37,30.97,30.97,1009.0,3.05,88.0
2025,KAB BANTUL,12,12,-7.902328,110.2862991,0.695,100.0,89.0,23.01,23.48,25.82,24.68,1009.0,2.09,313.0
2025,KAB GUNUNG KIDUL,12,19,-7.9930685,110.2704459,0.77,100.0,88.0,24.63,23.76,25.81,24.87,1009.0,2.86,300.0
2025,KAB KULON PROGO,12,68,-7.8186375,110.1613062,0.723,100.0,87.0,25.0,23.82,26.87,25.64,1009.0,2.18,283.0
2025,KAB SLEMAN,12,31,-7.7145614,110.3544861,0.683,100.0,93.0,14.55,22.52,25.42,23.65,1009.0,2.42,288.0
2025,KOTA YOGYAKARTA,12,2,-7.7955798,110.3694896,0.648,100.0,91.0,17.56,22.84,25.78,24.23,1009.0,2.01,293.0
2025,KAB BANTUL,13,10,-7.902328,110.2862991,0.683,100.0,66.0,11.25,24.37,30.43,30.18,1009.0,4.89,250.0
2025,KAB GUNUNG KIDUL,13,13,-7.9930685,110.2704459,0.766,100.0,69.0,9.61,24.66,29.92,29.76,1009.0,5.04,255.0
2025,KAB KULON PROGO,13,31,-7.8186375,110.1613062,0.739,100.0,64.0,3.26,24.62,30.66,30.66,1009.0,4.01,217.0
2025,KAB SLEMAN,13,18,-7.7145614,110.3544861,0.656,100.0,55.0,8.09,22.84,31.67,30.98,1009.0,5.39,212.0
2025,KOTA YOGYAKARTA,13,5,-7.7955798,110.3694896,0.652,100.0,59.0,11.49,23.61,31.48,30.94,1009.0,5.02,221.0
2025,KAB BANTUL,14,12,-7.902328,110.2862991,0.683,100.0,69.0,0.0,27.37,33.57,30.34,1009.0,5.37,251.0
2025,KAB GUNUNG KIDUL,14,14,-7.9930685,110.2704459,0.766,100.0,71.0,0.0,27.53,33.12,30.01,1009.0,5.38,254.0
2025,KAB KULON PROGO,14,38,-7.8186375,110.1613062,0.739,100.0,70.0,0.25,27.57,32.44,30.58,1009.0,4.39,244.0
2025,KAB SLEMAN,14,20,-7.7145614,110.3544861,0.656,100.0,62.0,1.6,26.35,34.9,30.55,1009.0,5.04,240.0
2025,KOTA YOGYAKARTA,14,4,-7.7955798,110.3694896,0.652,100.0,64.0,0.0,26.95,34.46,30.83,1009.0,5.33,243.0
2025,KAB BANTUL,15,19,-7.902328,110.2862991,0.648,48.0,62.0,0.0,25.42,32.64,31.09,1009.0,4.6,162.0
2025,KAB GUNUNG KIDUL,15,16,-7.9930685,110.2704459,0.786,44.0,64.0,0.0,25.68,32.27,30.65,1010.0,4.94,160.0
2025,KAB KULON PROGO,15,52,-7.8186375,110.1613062,0.746,48.0,60.0,0.0,25.75,31.76,31.76,1009.0,4.18,182.0
2025,KAB SLEMAN,15,65,-7.7145614,110.3544861,0.628,51.0,56.0,0.0,24.02,33.24,31.24,1009.0,3.79,186.0
2025,KOTA YOGYAKARTA,15,3,-7.7955798,110.3694896,0.62,53.0,57.0,0.0,24.83,33.16,31.59,1009.0,3.72,175.0
2025,KAB BANTUL,16,16,-7.902328,110.2862991,0.648,100.0,90.0,3.69,25.4,30.69,27.58,1010.0,3.77,129.0
2025,KAB GUNUNG KIDUL,16,8,-7.9930685,110.2704459,0.786,100.0,90.0,3.73,25.57,30.57,27.49,1010.0,4.39,124.0
2025,KAB KULON PROGO,16,48,-7.8186375,110.1613062,0.746,99.0,78.0,1.42,25.42,29.9,29.32,1010.0,3.35,159.0
2025,KAB SLEMAN,16,48,-7.7145614,110.3544861,0.628,100.0,87.0,1.48,24.45,30.41,27.7,1010.0,1.97,155.0
2025,KOTA YOGYAKARTA,16,4,-7.7955798,110.3694896,0.62,100.0,89.0,2.69,25.1,30.75,27.73,1010.0,2.66,145.0
2025,KAB BANTUL,17,36,-7.902328,110.2862991,0.648,58.0,69.0,0.16,26.92,33.63,30.73,1009.0,3.75,225.0
2025,KAB GUNUNG KIDUL,17,16,-7.9930685,110.2704459,0.786,56.0,71.0,0.33,27.08,33.14,30.48,1009.0,3.52,227.0
2025,KAB KULON PROGO,17,29,-7.8186375,110.1613062,0.746,92.0,70.0,1.3,27.15,31.59,31.24,1009.0,3.85,222.0
2025,KAB SLEMAN,17,27,-7.7145614,110.3544861,0.628,64.0,64.0,0.0,25.99,35.24,30.42,1009.0,4.29,225.0
2025,KOTA YOGYAKARTA,17,8,-7.7955798,110.3694896,0.62,57.0,66.0,0.0,26.55,34.59,30.96,1008.0,4.21,223.0
2025,KAB BANTUL,18,18,-7.902328,110.2862991,0.648,1.0,60.0,0.0,25.18,31.58,31.44,1010.0,5.05,157.0
2025,KAB GUNUNG KIDUL,18,10,-7.9930685,110.2704459,0.786,1.0,62.0,0.0,25.45,31.26,31.16,1010.0,5.34,153.0
2025,KAB KULON PROGO,18,52,-7.8186375,110.1613062,0.746,16.0,56.0,0.0,26.03,32.26,32.19,1009.0,4.75,171.0
2025,KAB SLEMAN,18,21,-7.7145614,110.3544861,0.628,12.0,53.0,0.0,24.23,31.74,31.22,1010.0,4.75,181.0
2025,KOTA YOGYAKARTA,18,3,-7.7955798,110.3694896,0.62,4.0,55.0,0.0,24.73,32.06,31.73,1009.0,4.93,173.0
2025,KAB BANTUL,19,18,-7.902328,110.2862991,0.648,47.0,58.0,0.0,26.15,33.96,32.6,1007.0,4.36,132.0
2025,KAB GUNUNG KIDUL,19,17,-7.9930685,110.2704459,0.786,46.0,59.0,0.11,26.35,33.6,32.4,1007.0,4.77,140.0
2025,KAB KULON PROGO,19,38,-7.8186375,110.1613062,0.746,79.0,63.0,0.19,26.5,32.73,32.73,1008.0,3.56,203.0
2025,KAB SLEMAN,19,29,-7.7145614,110.3544861,0.628,56.0,56.0,0.0,24.88,34.59,31.74,1008.0,3.81,94.0
2025,KOTA YOGYAKARTA,19,4,-7.7955798,110.3694896,0.62,51.0,55.0,0.0,25.62,34.44,32.47,1007.0,3.87,111.0
2025,KAB BANTUL,20,14,-7.902328,110.2862991,0.632,88.0,66.0,3.55,26.39,33.81,31.53,1007.0,4.28,205.0
2025,KAB GUNUNG KIDUL,20,12,-7.9930685,110.2704459,0.782,90.0,68.0,3.06,26.52,33.36,31.16,1007.0,4.2,208.0
2025,KAB KULON PROGO,20,30,-7.8186375,110.1613062,0.794,68.0,64.0,5.21,26.53,32.95,32.42,1007.0,4.11,211.0
2025,KAB SLEMAN,20,23,-7.7145614,110.3544861,0.593,65.0,59.0,6.13,25.12,34.62,31.61,1007.0,3.72,215.0
2025,KOTA YOGYAKARTA,20,3,-7.7955798,110.3694896,0.648,75.0,60.0,9.98,25.91,34.52,32.14,1007.0,3.98,200.0
2025,KAB BANTUL,21,17,-7.902328,110.2862991,0.632,66.0,68.0,7.71,27.57,32.57,32.57,1009.0,5.04,141.0
2025,KAB GUNUNG KIDUL,21,17,-7.9930685,110.2704459,0.782,68.0,69.0,6.65,27.57,32.57,32.57,1009.0,5.83,136.0
2025,KAB KULON PROGO,21,36,-7.8186375,110.1613062,0.794,81.0,71.0,3.6,27.4,32.5,32.5,1009.0,3.4,173.0
2025,KAB SLEMAN,21,31,-7.7145614,110.3544861,0.593,68.0,67.0,3.38,26.48,31.48,31.48,1009.0,2.79,201.0
2025,KOTA YOGYAKARTA,21,3,-7.7955798,110.3694896,0.648,64.0,67.0,8.63,27.23,32.23,32.23,1009.0,3.43,176.0
2025,KAB BANTUL,22,16,-7.902328,110.2862991,0.676,34.0,66.0,0.15,26.46,33.78,30.89,1008.0,2.52,187.0
2025,KAB GUNUNG KIDUL,22,9,-7.9930685,110.2704459,0.77,35.0,67.0,0.32,26.46,33.49,30.67,1008.0,3.11,200.0
2025,KAB KULON PROGO,22,49,-7.8186375,110.1613062,0.833,40.0,74.0,12.19,27.52,32.49,30.89,1008.0,3.28,212.0
2025,KAB SLEMAN,22,28,-7.7145614,110.3544861,0.624,34.0,65.0,0.0,25.37,34.14,30.05,1008.0,2.18,104.0
2025,KOTA YOGYAKARTA,22,7,-7.7955798,110.3694896,0.609,33.0,65.0,0.0,26.12,34.25,30.78,1008.0,2.03,150.0
2025,KAB BANTUL,23,16,-7.902328,110.2862991,0.676,94.0,70.0,0.0,25.73,29.62,28.51,1012.0,3.75,180.0
2025,KAB GUNUNG KIDUL,23,16,-7.9930685,110.2704459,0.77,93.0,71.0,0.0,25.73,29.62,28.51,1012.0,4.06,39.0
2025,KAB KULON PROGO,23,28,-7.8186375,110.1613062,0.833,89.0,71.0,0.0,26.07,32.06,29.26,1012.0,3.17,351.0
2025,KAB SLEMAN,23,36,-7.7145614,110.3544861,0.624,95.0,69.0,0.0,24.64,28.53,27.42,1012.0,3.22,186.0
2025,KOTA YOGYAKARTA,23,6,-7.7955798,110.3694896,0.609,95.0,69.0,0.0,25.4,29.29,28.18,1012.0,3.52,182.0
2025,KAB BANTUL,24,16,-7.902328,110.2862991,0.676,98.0,64.0,0.0,25.9,30.17,29.62,1009.0,5.7,147.0
2025,KAB GUNUNG KIDUL,24,17,-7.9930685,110.2704459,0.77,97.0,65.0,0.0,25.9,30.17,29.62,1009.0,6.05,145.0
2025,KAB KULON PROGO,24,27,-7.8186375,110.1613062,0.833,76.0,63.0,0.0,26.8,31.96,31.4,1009.0,4.21,149.0
2025,KAB SLEMAN,24,44,-7.7145614,110.3544861,0.624,100.0,65.0,0.0,24.25,29.08,28.53,1010.0,3.68,159.0
2025,KOTA YOGYAKARTA,24,10,-7.7955798,110.3694896,0.609,100.0,65.0,0.0,25.56,29.84,29.29,1009.0,4.66,152.0
2025,KAB BANTUL,25,25,-7.902328,110.2862991,0.66,66.0,65.0,0.0,26.29,31.29,30.73,1010.0,5.46,150.0
2025,KAB GUNUNG KIDUL,25,14,-7.9930685,110.2704459,0.719,63.0,67.0,0.0,26.29,31.29,30.73,1010.0,6.23,145.0
2025,KAB KULON PROGO,25,27,-7.8186375,110.1613062,0.794,44.0,69.0,0.0,26.59,34.54,31.62,1010.0,4.23,167.0
2025,KAB SLEMAN,25,29,-7.7145614,110.3544861,0.613,72.0,62.0,0.0,25.37,30.37,29.64,1010.0,2.22,162.0
2025,KOTA YOGYAKARTA,25,9,-7.7955798,110.3694896,0.573,67.0,62.0,0.12,25.96,30.96,30.4,1009.0,3.42,160.0
2025,KAB BANTUL,26,15,-7.902328,110.2862991,0.66,66.0,66.0,0.0,26.39,30.17,29.62,1010.0,6.92,132.0
2025,KAB GUNUNG KIDUL,26,7,-7.9930685,110.2704459,0.719,61.0,67.0,0.0,26.44,30.17,29.62,1010.0,8.0,133.0
2025,KAB KULON PROGO,26,18,-7.8186375,110.1613062,0.794,86.0,73.0,0.0,26.33,32.2,30.64,1010.0,4.64,127.0
2025,KAB SLEMAN,26,32,-7.7145614,110.3544861,0.613,70.0,64.0,0.21,25.26,29.08,28.53,1011.0,4.09,156.0
2025,KOTA YOGYAKARTA,26,11,-7.7955798,110.3694896,0.573,73.0,64.0,0.0,26.06,29.84,29.29,1010.0,5.16,143.0
2025,KAB BANTUL,27,11,-7.902328,110.2862991,0.691,56.0,62.0,0.0,26.29,30.17,30.17,1009.0,7.48,129.0
2025,KAB GUNUNG KIDUL,27,16,-7.9930685,110.2704459,0.746,52.0,63.0,0.0,26.29,30.17,30.17,1009.0,8.57,129.0
2025,KAB KULON PROGO,27,26,-7.8186375,110.1613062,0.727,62.0,67.0,0.0,26.87,33.67,32.26,1009.0,5.53,137.0
2025,KAB SLEMAN,27,33,-7.7145614,110.3544861,0.66,67.0,60.0,0.0,25.2,29.08,29.08,1009.0,3.41,115.0
2025,KOTA YOGYAKARTA,27,6,-7.7955798,110.3694896,0.613,65.0,60.0,0.0,25.96,29.84,29.84,1009.0,4.98,124.0
2025,KAB BANTUL,28,7,-7.902328,110.2862991,0.691,62.0,92.0,0.0,25.73,32.79,29.06,1011.0,4.31,146.0
2025,KAB GUNUNG KIDUL,28,12,-7.9930685,110.2704459,0.746,65.0,91.0,0.0,25.73,32.71,29.06,1011.0,5.29,141.0
2025,KAB KULON PROGO,28,20,-7.8186375,110.1613062,0.727,56.0,87.0,0.0,26.62,32.64,31.74,1011.0,2.88,168.0
2025,KAB SLEMAN,28,31,-7.7145614,110.3544861,0.66,50.0,64.0,0.0,24.64,32.04,27.97,1011.0,1.78,305.0
2025,KOTA YOGYAKARTA,28,6,-7.7955798,110.3694896,0.613,51.0,64.0,0.0,25.4,32.64,28.73,1011.0,2.33,177.0
2025,KAB BANTUL,29,19,-7.902328,110.2862991,0.664,42.0,84.0,0.0,22.55,29.15,28.51,1011.0,5.04,162.0
2025,KAB GUNUNG KIDUL,29,6,-7.9930685,110.2704459,0.676,39.0,83.0,0.0,22.55,28.96,28.51,1011.0,5.36,154.0
2025,KAB KULON PROGO,29,18,-7.8186375,110.1613062,0.703,47.0,77.0,0.0,25.52,32.34,30.97,1011.0,3.35,159.0
2025,KAB SLEMAN,29,40,-7.7145614,110.3544861,0.613,48.0,66.0,0.0,21.45,29.49,27.42,1011.0,3.97,191.0
2025,KOTA YOGYAKARTA,29,5,-7.7955798,110.3694896,0.589,46.0,66.0,0.0,22.21,28.66,28.18,1011.0,4.43,181.0
2025,KAB BANTUL,30,18,-7.902328,110.2862991,0.664,1.0,58.0,0.0,22.57,29.62,28.73,1010.0,6.16,152.0
2025,KAB GUNUNG KIDUL,30,3,-7.9930685,110.2704459,0.676,1.0,58.0,0.0,22.57,29.62,28.73,1010.0,6.56,145.0
2025,KAB KULON PROGO,30,22,-7.8186375,110.1613062,0.703,4.0,55.0,0.0,23.13,30.28,30.12,1010.0,5.12,162.0
2025,KAB SLEMAN,30,35,-7.7145614,110.3544861,0.613,3.0,49.0,0.0,21.48,28.53,27.42,1009.0,4.7,179.0
2025,KOTA YOGYAKARTA,30,6,-7.7955798,110.3694896,0.589,3.0,58.0,0.0,22.23,29.29,28.39,1009.0,5.19,170.0
2025,KAB BANTUL,31,7,-7.902328,110.2862991,0.683,35.0,62.0,0.0,26.84,31.51,30.4,1011.0,6.3,156.0
2025,KAB GUNUNG KIDUL,31,4,-7.9930685,110.2704459,0.66,29.0,62.0,0.0,26.84,31.51,30.4,1012.0,6.64,152.0
2025,KAB KULON PROGO,31,18,-7.8186375,110.1613062,0.687,57.0,65.0,0.0,27.03,31.84,31.74,1011.0,5.53,161.0
2025,KAB SLEMAN,31,28,-7.7145614,110.3544861,0.593,62.0,59.0,1.27,25.75,30.2,29.08,1011.0,4.89,174.0
2025,KOTA YOGYAKARTA,31,7,-7.7955798,110.3694896,0.573,52.0,62.0,0.22,26.51,31.17,30.06,1011.0,5.52,168.0
2025,KAB BANTUL,32,16,-7.902328,110.2862991,0.683,67.0,69.0,0.0,26.84,31.51,30.73,1011.0,6.29,157.0
2025,KAB GUNUNG KIDUL,32,6,-7.9930685,110.2704459,0.66,68.0,70.0,0.0,26.84,31.51,30.73,1011.0,6.88,153.0
2025,KAB KULON PROGO,32,22,-7.8186375,110.1613062,0.687,84.0,69.0,0.0,27.42,32.08,32.08,1011.0,4.59,156.0
2025,KAB SLEMAN,32,22,-7.7145614,110.3544861,0.593,40.0,58.0,0.0,25.75,30.2,29.64,1011.0,3.67,203.0
2025,KOTA YOGYAKARTA,32,3,-7.7955798,110.3694896,0.573,54.0,58.0,0.0,26.51,31.17,30.4,1011.0,4.55,166.0
2025,KAB BANTUL,33,8,-7.902328,110.2862991,0.683,96.0,75.0,0.0,27.4,30.73,30.17,1011.0,6.25,160.0
2025,KAB GUNUNG KIDUL,33,7,-7.9930685,110.2704459,0.66,94.0,75.0,0.0,27.4,30.73,30.17,1011.0,6.57,155.0
2025,KAB KULON PROGO,33,16,-7.8186375,110.1613062,0.687,77.0,73.0,0.0,27.41,31.99,31.99,1011.0,5.15,155.0
2025,KAB SLEMAN,33,32,-7.7145614,110.3544861,0.593,98.0,59.0,0.0,26.31,29.64,29.08,1011.0,4.54,184.0
2025,KOTA YOGYAKARTA,33,6,-7.7955798,110.3694896,0.573,99.0,59.0,0.0,27.07,30.52,29.84,1011.0,5.34,174.0
2025,KAB BANTUL,34,10,-7.902328,110.2862991,0.636,46.0,60.0,0.0,22.44,31.84,30.17,1010.0,7.99,150.0
2025,KAB GUNUNG KIDUL,34,6,-7.9930685,110.2704459,0.581,53.0,61.0,0.0,22.44,31.84,30.17,1010.0,9.11,148.0
2025,KAB KULON PROGO,34,19,-7.8186375,110.1613062,0.719,49.0,58.0,0.0,25.49,31.88,31.88,1010.0,6.45,164.0
2025,KAB SLEMAN,34,26,-7.7145614,110.3544861,0.554,25.0,58.0,0.0,21.34,30.75,30.21,1010.0,4.42,172.0
2025,KOTA YOGYAKARTA,34,5,-7.7955798,110.3694896,0.565,30.0,50.0,0.0,22.1,31.51,29.84,1010.0,5.77,163.0
2025,KAB BANTUL,35,8,-7.902328,110.2862991,0.636,56.0,65.0,0.0,24.1,31.07,29.95,1011.0,5.0,172.0
2025,KAB GUNUNG KIDUL,35,6,-7.9930685,110.2704459,0.581,58.0,65.0,0.0,24.1,31.07,29.95,1011.0,5.29,166.0
2025,KAB KULON PROGO,35,17,-7.8186375,110.1613062,0.719,32.0,65.0,0.15,26.22,30.43,30.05,1011.0,3.85,194.0
2025,KAB SLEMAN,35,23,-7.7145614,110.3544861,0.554,42.0,61.0,0.53,23.0,29.64,28.53,1011.0,5.09,203.0
2025,KOTA YOGYAKARTA,35,3,-7.7955798,110.3694896,0.565,47.0,61.0,0.1,23.76,30.4,29.29,1010.0,5.01,185.0
2025,KAB BANTUL,36,7,-7.902328,110.2862991,0.664,76.0,66.0,0.57,24.53,30.51,29.4,1011.0,7.33,147.0
2025,KAB GUNUNG KIDUL,36,17,-7.9930685,110.2704459,0.605,75.0,66.0,0.34,24.51,30.51,29.4,1011.0,8.15,142.0
2025,KAB KULON PROGO,36,15,-7.8186375,110.1613062,0.743,67.0,70.0,1.23,25.44,33.33,31.86,1011.0,5.14,145.0
2025,KAB SLEMAN,36,31,-7.7145614,110.3544861,0.577,57.0,59.0,2.1,23.92,29.08,28.53,1011.0,4.43,194.0
2025,KOTA YOGYAKARTA,36,5,-7.7955798,110.3694896,0.569,66.0,59.0,0.73,24.29,29.84,29.29,1011.0,5.08,161.0
2025,KAB BANTUL,37,13,-7.902328,110.2862991,0.664,83.0,56.0,0.0,24.27,30.51,30.51,1012.0,6.98,151.0
2025,KAB GUNUNG KIDUL,37,10,-7.9930685,110.2704459,0.605,81.0,54.0,0.0,24.27,30.51,30.51,1012.0,7.32,146.0
2025,KAB KULON PROGO,37,12,-7.8186375,110.1613062,0.743,87.0,58.0,0.0,24.69,31.05,30.06,1012.0,5.44,149.0
2025,KAB SLEMAN,37,19,-7.7145614,110.3544861,0.577,100.0,49.0,0.0,23.17,29.08,29.08,1012.0,5.2,171.0
2025,KOTA YOGYAKARTA,37,4,-7.7955798,110.3694896,0.569,93.0,49.0,0.0,23.93,29.84,29.84,1012.0,5.78,161.0
2025,KAB BANTUL,38,18,-7.902328,110.2862991,0.648,54.0,54.0,0.0,22.44,32.73,31.07,1011.0,7.31,150.0
2025,KAB GUNUNG KIDUL,38,18,-7.9930685,110.2704459,0.62,54.0,55.0,0.0,22.44,32.73,31.07,1012.0,7.44,148.0
2025,KAB KULON PROGO,38,10,-7.8186375,110.1613062,0.743,68.0,55.0,0.0,25.72,32.65,31.21,1011.0,6.55,154.0
2025,KAB SLEMAN,38,28,-7.7145614,110.3544861,0.577,63.0,50.0,0.0,21.34,30.75,29.08,1011.0,5.62,155.0
2025,KOTA YOGYAKARTA,38,6,-7.7955798,110.3694896,0.601,59.0,50.0,0.0,22.1,31.51,29.84,1011.0,6.57,153.0
2025,KAB BANTUL,39,13,-7.902328,110.2862991,0.648,52.0,61.0,2.08,22.44,32.26,31.62,1010.0,6.58,161.0
2025,KAB GUNUNG KIDUL,39,6,-7.9930685,110.2704459,0.62,53.0,61.0,1.52,22.44,32.26,31.62,1010.0,7.41,155.0
2025,KAB KULON PROGO,39,10,-7.8186375,110.1613062,0.743,47.0,59.0,0.26,26.44,32.59,32.59,1010.0,4.78,177.0
2025,KAB SLEMAN,39,29,-7.7145614,110.3544861,0.577,46.0,54.0,3.96,21.34,31.43,30.2,1010.0,4.43,218.0
2025,KOTA YOGYAKARTA,39,1,-7.7955798,110.3694896,0.601,50.0,54.0,3.31,22.1,32.05,30.96,1010.0,4.94,190.0
2025,KAB BANTUL,40,5,-7.902328,110.2862991,0.648,83.0,51.0,0.66,22.44,34.62,33.29,1011.0,6.73,150.0
2025,KAB GUNUNG KIDUL,40,13,-7.9930685,110.2704459,0.62,82.0,68.0,0.0,22.44,34.62,33.29,1011.0,7.88,148.0
2025,KAB KULON PROGO,40,11,-7.8186375,110.1613062,0.743,80.0,73.0,1.39,28.2,34.49,33.78,1011.0,4.63,173.0
2025,KAB SLEMAN,40,23,-7.7145614,110.3544861,0.577,91.0,46.0,0.48,21.34,33.53,31.31,1010.0,2.79,216.0
2025,KOTA YOGYAKARTA,40,2,-7.7955798,110.3694896,0.601,86.0,46.0,0.63,22.1,34.29,32.07,1010.0,3.72,139.0
2025,KAB BANTUL,41,20,-7.902328,110.2862991,0.648,54.0,62.0,0.0,22.44,31.84,31.07,1012.0,4.78,180.0
2025,KAB GUNUNG KIDUL,41,8,-7.9930685,110.2704459,0.687,59.0,57.0,0.0,22.44,31.84,31.07,1012.0,4.76,184.0
2025,KAB KULON PROGO,41,16,-7.8186375,110.1613062,0.766,71.0,58.0,0.24,26.23,32.49,32.02,1012.0,4.9,221.0
2025,KAB SLEMAN,41,32,-7.7145614,110.3544861,0.593,39.0,48.0,0.12,21.34,30.75,30.2,1012.0,4.18,108.0
2025,KOTA YOGYAKARTA,41,2,-7.7955798,110.3694896,0.589,44.0,48.0,0.2,22.1,31.51,30.96,1011.0,4.69,194.0
2025,KAB BANTUL,42,17,-7.902328,110.2862991,0.648,94.0,53.0,0.52,25.77,33.29,32.95,1010.0,6.08,161.0
2025,KAB GUNUNG KIDUL,42,9,-7.9930685,110.2704459,0.687,94.0,56.0,0.32,25.77,33.29,32.95,1010.0,6.92,156.0
2025,KAB KULON PROGO,42,12,-7.8186375,110.1613062,0.766,99.0,60.0,2.08,27.65,32.85,31.94,1010.0,4.73,170.0
2025,KAB SLEMAN,42,18,-7.7145614,110.3544861,0.593,94.0,48.0,1.66,24.11,32.45,31.86,1009.0,4.22,200.0
2025,KOTA YOGYAKARTA,42,1,-7.7955798,110.3694896,0.589,93.0,48.0,1.08,25.43,32.62,32.62,1009.0,4.76,187.0
2025,KAB BANTUL,43,16,-7.902328,110.2862991,0.644,48.0,62.0,0.11,26.33,32.05,31.84,1006.0,4.87,175.0
2025,KAB GUNUNG KIDUL,43,14,-7.9930685,110.2704459,0.652,48.0,63.0,0.2,26.33,31.84,31.84,1006.0,5.01,166.0
2025,KAB KULON PROGO,43,22,-7.8186375,110.1613062,0.743,56.0,63.0,0.11,27.08,31.73,31.11,1006.0,4.09,185.0
2025,KAB SLEMAN,43,16,-7.7145614,110.3544861,0.632,44.0,62.0,0.0,25.92,31.87,30.75,1006.0,3.43,210.0
2025,KOTA YOGYAKARTA,43,1,-7.7955798,110.3694896,0.554,47.0,62.0,0.0,25.99,31.53,31.51,1006.0,4.11,195.0
2025,KAB BANTUL,44,26,-7.902328,110.2862991,0.644,100.0,88.0,2.83,25.1,28.51,26.93,1010.0,3.99,187.0
2025,KAB GUNUNG KIDUL,44,17,-7.9930685,110.2704459,0.652,100.0,88.0,1.63,25.17,28.51,26.84,1010.0,4.07,182.0
2025,KAB KULON PROGO,44,12,-7.8186375,110.1613062,0.743,100.0,85.0,2.77,25.0,30.13,28.26,1011.0,3.02,174.0
2025,KAB SLEMAN,44,22,-7.7145614,110.3544861,0.632,100.0,91.0,3.26,24.03,27.42,25.84,1011.0,3.06,206.0
2025,KOTA YOGYAKARTA,44,5,-7.7955798,110.3694896,0.554,100.0,89.0,3.5,24.79,28.18,26.56,1010.0,3.38,198.0
2025,KAB BANTUL,45,14,-7.902328,110.2862991,0.672,100.0,100.0,2.81,26.22,30.41,30.41,1011.0,4.8,151.0
2025,KAB GUNUNG KIDUL,45,19,-7.9930685,110.2704459,0.557,100.0,100.0,3.53,26.29,30.94,30.94,1011.0,5.41,149.0
2025,KAB KULON PROGO,45,8,-7.8186375,110.1613062,0.672,99.0,80.0,4.16,25.78,30.48,29.98,1011.0,3.57,156.0
2025,KAB SLEMAN,45,23,-7.7145614,110.3544861,0.624,98.0,81.0,0.63,25.22,28.1,28.1,1011.0,2.53,168.0
2025,KOTA YOGYAKARTA,45,0,-7.7955798,110.3694896,0.577,99.0,91.0,2.61,25.91,29.98,29.98,1011.0,3.31,161.0
2025,KAB BANTUL,46,12,-7.902328,110.2862991,0.672,100.0,86.0,6.09,24.66,32.24,31.29,1009.0,4.69,283.0
2025,KAB GUNUNG KIDUL,46,24,-7.9930685,110.2704459,0.557,100.0,87.0,6.42,24.66,32.36,31.29,1009.0,5.06,287.0
2025,KAB KULON PROGO,46,12,-7.8186375,110.1613062,0.672,100.0,88.0,10.95,26.16,30.36,30.17,1009.0,2.19,281.0
2025,KAB SLEMAN,46,13,-7.7145614,110.3544861,0.624,100.0,62.0,5.97,24.25,30.2,30.2,1009.0,3.96,234.0
2025,KOTA YOGYAKARTA,46,2,-7.7955798,110.3694896,0.577,100.0,62.0,4.93,24.32,31.84,30.96,1009.0,4.06,276.0
2025,KAB BANTUL,47,14,-7.902328,110.2862991,0.695,75.0,100.0,0.0,24.94,31.43,30.48,1009.0,4.1,222.0
2025,KAB GUNUNG KIDUL,47,14,-7.9930685,110.2704459,0.782,73.0,100.0,0.27,25.17,31.49,30.38,1009.0,3.82,222.0
2025,KAB KULON PROGO,47,9,-7.8186375,110.1613062,0.77,92.0,86.0,0.6,26.05,30.74,30.74,1009.0,3.58,217.0
2025,KAB SLEMAN,47,14,-7.7145614,110.3544861,0.66,86.0,70.0,0.55,24.03,30.27,29.88,1009.0,4.56,220.0
2025,KOTA YOGYAKARTA,47,7,-7.7955798,110.3694896,0.538,83.0,86.0,0.0,24.69,31.09,30.16,1009.0,4.56,223.0
2025,KAB BANTUL,48,6,-7.902328,110.2862991,0.695,98.0,100.0,3.78,25.21,32.05,32.05,1008.0,4.43,225.0
2025,KAB GUNUNG KIDUL,48,21,-7.9930685,110.2704459,0.782,99.0,100.0,5.52,25.21,32.05,32.05,1008.0,4.43,226.0
2025,KAB KULON PROGO,48,8,-7.8186375,110.1613062,0.77,100.0,89.0,0.48,25.95,31.18,30.72,1008.0,3.76,214.0
2025,KAB SLEMAN,48,15,-7.7145614,110.3544861,0.66,94.0,76.0,2.42,24.25,30.39,28.53,1008.0,4.2,218.0
2025,KOTA YOGYAKARTA,48,4,-7.7955798,110.3694896,0.538,95.0,100.0,2.08,24.87,31.71,31.71,1008.0,4.55,219.0
2025,KAB BANTUL,49,8,-7.902328,110.2862991,0.695,100.0,100.0,0.0,24.66,31.63,30.96,1011.0,4.42,191.0
2025,KAB GUNUNG KIDUL,49,5,-7.9930685,110.2704459,0.782,100.0,100.0,0.0,24.66,31.81,31.49,1011.0,4.27,184.0
2025,KAB KULON PROGO,49,9,-7.8186375,110.1613062,0.77,100.0,77.0,0.0,25.48,31.51,31.51,1011.0,3.66,199.0
2025,KAB SLEMAN,49,10,-7.7145614,110.3544861,0.66,100.0,73.0,1.06,24.11,29.8,28.66,1011.0,4.88,203.0
2025,KOTA YOGYAKARTA,49,3,-7.7955798,110.3694896,0.538,100.0,87.0,0.84,24.32,31.25,30.53,1011.0,4.83,200.0
2025,KAB BANTUL,50,8,-7.902328,110.2862991,0.687,100.0,95.0,0.84,24.94,30.17,28.52,1010.0,3.25,192.0
2025,KAB GUNUNG KIDUL,50,10,-7.9930685,110.2704459,0.802,100.0,100.0,1.19,25.17,30.59,30.04,1010.0,3.24,188.0
2025,KAB KULON PROGO,50,14,-7.8186375,110.1613062,0.735,100.0,86.0,0.82,25.47,30.97,30.21,1010.0,3.04,198.0
2025,KAB SLEMAN,50,18,-7.7145614,110.3544861,0.676,100.0,86.0,1.08,23.89,29.08,27.44,1010.0,3.17,210.0
2025,KOTA YOGYAKARTA,50,2,-7.7955798,110.3694896,0.664,100.0,85.0,1.6,24.69,29.84,28.18,1010.0,3.16,202.0
2025,KAB BANTUL,51,8,-7.902328,110.2862991,0.687,100.0,100.0,0.0,25.21,32.05,31.01,1007.0,5.86,249.0
2025,KAB GUNUNG KIDUL,51,13,-7.9930685,110.2704459,0.802,100.0,100.0,0.11,25.21,32.05,31.04,1007.0,6.09,251.0
2025,KAB KULON PROGO,51,12,-7.8186375,110.1613062,0.735,100.0,83.0,0.19,27.1,31.34,30.96,1007.0,4.68,240.0
2025,KAB SLEMAN,51,24,-7.7145614,110.3544861,0.676,97.0,83.0,0.1,25.36,30.95,27.97,1007.0,5.38,239.0
2025,KOTA YOGYAKARTA,51,0,-7.7955798,110.3694896,0.664,100.0,93.0,0.0,24.87,31.71,30.48,1007.0,5.39,243.0
2025,KAB BANTUL,52,6,-7.902328,110.2862991,0.68,100.0,74.0,1.76,25.5,32.95,31.29,1007.0,3.75,186.0
2025,KAB GUNUNG KIDUL,52,4,-7.9930685,110.2704459,0.798,100.0,73.0,1.27,25.73,32.95,31.29,1006.0,4.05,188.0
2025,KAB KULON PROGO,52,9,-7.8186375,110.1613062,0.813,100.0,71.0,1.32,26.38,31.03,30.58,1006.0,3.57,197.0
2025,KAB SLEMAN,52,12,-7.7145614,110.3544861,0.605,100.0,60.0,12.62,24.45,31.86,30.2,1007.0,2.3,313.0
2025,KOTA YOGYAKARTA,52,1,-7.7955798,110.3694896,0.64,100.0,60.0,5.54,25.25,32.62,30.96,1007.0,2.82,176.0
