Epi_Year,Epi_Week,Region,Temperature_Min,Temperature_Max,Temperature_Avg,Humidity,Precipitation_Total,Pressure,Wind_Speed,Wind_Direction,Cloud_Cover,Data_Source
2021,1,KAB BANTUL,24.6,30.34,30.34,62.0,9.82,1008.0,4.1,248.0,99.0,openweather_backfill
2021,1,KAB GUNUNG KIDUL,24.68,29.94,29.94,64.0,12.85,1008.0,4.13,249.0,98.0,openweather_backfill
2021,1,KAB KULON PROGO,9.44,30.11,16.11,70.0,27.99,796.0,3.88,240.0,97.0,openweather_backfill
2021,1,KAB SLEMAN,23.48,30.91,30.91,58.0,11.86,1008.0,4.02,239.0,100.0,openweather_backfill
2021,1,KOTA YOGYAKARTA,24.18,30.83,30.83,60.0,10.7,1008.0,4.13,244.0,99.0,openweather_backfill
2021,2,KAB BANTUL,24.56,28.42,28.24,79.0,77.32,1007.0,4.44,272.0,98.0,openweather_backfill
2021,2,KAB GUNUNG KIDUL,24.73,28.23,28.08,79.0,95.67,1007.0,4.85,272.0,98.0,openweather_backfill
2021,2,KAB KULON PROGO,13.33,26.76,17.22,77.0,86.43,796.0,3.31,246.0,100.0,openweather_backfill
2021,2,KAB SLEMAN,22.94,28.16,27.87,79.0,34.15,1007.0,3.41,226.0,99.0,openweather_backfill
2021,2,KOTA YOGYAKARTA,23.86,28.52,28.3,78.0,78.32,1007.0,3.92,237.0,99.0,openweather_backfill
2021,3,KAB BANTUL,24.19,30.86,30.86,58.0,19.04,1007.0,5.24,244.0,96.0,openweather_backfill
2021,3,KAB GUNUNG KIDUL,24.35,30.43,30.43,60.0,17.39,1007.0,5.36,245.0,96.0,openweather_backfill
2021,3,KAB KULON PROGO,9.44,31.0,20.0,60.0,34.44,795.0,4.81,242.0,97.0,openweather_backfill
2021,3,KAB SLEMAN,22.78,31.45,31.45,53.0,44.18,1007.0,4.65,235.0,97.0,openweather_backfill
2021,3,KOTA YOGYAKARTA,23.57,31.5,31.5,55.0,25.35,1007.0,5.04,240.0,96.0,openweather_backfill
2021,4,KAB BANTUL,24.67,31.13,29.55,68.0,6.66,1009.0,2.85,178.0,67.0,openweather_backfill
2021,4,KAB GUNUNG KIDUL,24.78,30.88,29.32,69.0,5.81,1009.0,3.19,193.0,66.0,openweather_backfill
2021,4,KAB KULON PROGO,13.89,31.33,29.82,71.0,26.64,1009.0,2.59,186.0,63.0,openweather_backfill
2021,4,KAB SLEMAN,23.2,30.62,29.27,68.0,19.49,1009.0,1.56,133.0,71.0,openweather_backfill
2021,4,KOTA YOGYAKARTA,24.09,31.46,29.77,67.0,4.88,1009.0,1.96,182.0,69.0,openweather_backfill
2021,5,KAB BANTUL,23.85,31.09,30.74,62.0,94.21,1008.0,3.66,218.0,100.0,openweather_backfill
2021,5,KAB GUNUNG KIDUL,23.92,30.65,30.21,65.0,94.86,1008.0,3.76,220.0,100.0,openweather_backfill
2021,5,KAB KULON PROGO,14.44,31.69,31.28,62.0,50.92,1009.0,3.24,228.0,91.0,openweather_backfill
2021,5,KAB SLEMAN,22.44,31.26,31.17,59.0,55.81,1009.0,2.99,213.0,95.0,openweather_backfill
2021,5,KOTA YOGYAKARTA,23.29,31.57,31.44,59.0,85.41,1009.0,3.49,215.0,100.0,openweather_backfill
2021,6,KAB BANTUL,23.99,31.24,30.26,67.0,31.8,1007.0,5.66,251.0,65.0,openweather_backfill
2021,6,KAB GUNUNG KIDUL,24.14,31.03,30.06,68.0,47.05,1007.0,6.4,254.0,63.0,openweather_backfill
2021,6,KAB KULON PROGO,24.08,31.87,31.09,64.0,12.41,1007.0,4.93,272.0,63.0,openweather_backfill
2021,6,KAB SLEMAN,22.43,30.49,29.91,69.0,10.96,1007.0,3.45,255.0,70.0,openweather_backfill
2021,6,KOTA YOGYAKARTA,24.34,27.83,25.89,89.06,22.26,990.07,2.44,,,openweather_backfill
2021,7,KAB BANTUL,24.11,30.01,29.68,68.0,5.68,1011.0,3.81,206.0,85.0,openweather_backfill
2021,7,KAB GUNUNG KIDUL,24.22,29.59,29.28,68.0,5.42,1011.0,3.86,201.0,87.0,openweather_backfill
2021,7,KAB KULON PROGO,24.12,30.81,29.8,70.0,9.07,1011.0,2.98,213.0,52.0,openweather_backfill
2021,7,KAB SLEMAN,22.78,30.1,29.99,66.0,21.95,1011.0,3.26,217.0,73.0,openweather_backfill
2021,7,KOTA YOGYAKARTA,23.57,30.49,30.2,64.0,7.12,1011.0,3.63,212.0,79.0,openweather_backfill
2021,8,KAB BANTUL,24.82,31.82,31.82,59.0,9.02,1010.0,4.08,179.0,42.0,openweather_backfill
2021,8,KAB GUNUNG KIDUL,24.94,31.17,31.17,61.0,8.24,1010.0,4.21,177.0,39.0,openweather_backfill
2021,8,KAB KULON PROGO,24.58,33.6,33.59,52.0,2.27,1010.0,3.38,190.0,70.0,openweather_backfill
2021,8,KAB SLEMAN,23.17,33.17,32.26,54.0,5.13,1010.0,3.09,184.0,62.0,openweather_backfill
2021,8,KOTA YOGYAKARTA,24.13,32.91,32.65,55.0,5.69,1010.0,3.79,181.0,51.0,openweather_backfill
2021,9,KAB BANTUL,25.16,32.79,32.79,55.0,28.25,1009.0,3.86,210.0,79.0,openweather_backfill
2021,9,KAB GUNUNG KIDUL,25.35,32.16,32.16,58.0,33.31,1009.0,3.67,209.0,78.0,openweather_backfill
2021,9,KAB KULON PROGO,24.65,33.84,33.84,49.0,16.32,1009.0,3.7,211.0,77.0,openweather_backfill
2021,9,KAB SLEMAN,23.47,33.55,33.45,50.0,20.03,1009.0,4.87,220.0,83.0,openweather_backfill
2021,9,KOTA YOGYAKARTA,24.45,33.62,33.62,52.0,20.93,1009.0,4.57,216.0,81.0,openweather_backfill
2021,10,KAB BANTUL,24.02,31.03,30.66,61.0,2.23,1010.0,4.71,237.0,74.0,openweather_backfill
2021,10,KAB GUNUNG KIDUL,24.12,30.63,30.38,62.0,1.0,1010.0,4.89,237.0,72.0,openweather_backfill
2021,10,KAB KULON PROGO,23.94,31.72,31.34,59.0,14.69,1010.0,4.4,237.0,51.0,openweather_backfill
2021,10,KAB SLEMAN,22.67,31.45,30.75,58.0,22.15,1010.0,3.86,235.0,84.0,openweather_backfill
2021,10,KOTA YOGYAKARTA,23.49,31.56,30.99,59.0,7.56,1010.0,4.38,238.0,79.0,openweather_backfill
2021,11,KAB BANTUL,24.0,30.39,27.0,78.0,20.99,1010.0,3.79,248.0,75.0,openweather_backfill
2021,11,KAB GUNUNG KIDUL,24.35,30.45,30.45,59.0,17.9,1009.0,4.47,248.0,76.0,openweather_backfill
2021,11,KAB KULON PROGO,24.05,31.92,31.84,52.0,24.7,1009.0,4.64,232.0,83.0,openweather_backfill
2021,11,KAB SLEMAN,22.96,30.77,27.0,78.0,26.46,1010.0,3.24,240.0,75.0,openweather_backfill
2021,11,KOTA YOGYAKARTA,23.76,30.88,27.0,78.0,24.94,1010.0,3.65,245.0,75.0,openweather_backfill
2021,12,KAB BANTUL,24.42,30.29,30.15,65.0,0.47,1007.0,5.13,233.0,15.0,openweather_backfill
2021,12,KAB GUNUNG KIDUL,24.55,29.86,29.77,67.0,0.0,1007.0,5.18,234.0,12.0,openweather_backfill
2021,12,KAB KULON PROGO,24.18,30.74,30.63,62.0,0.46,1007.0,4.24,232.0,50.0,openweather_backfill
2021,12,KAB SLEMAN,22.73,31.01,30.65,60.0,1.8,1007.0,4.78,224.0,30.0,openweather_backfill
2021,12,KOTA YOGYAKARTA,23.72,30.9,30.66,62.0,0.37,1007.0,5.12,228.0,24.0,openweather_backfill
2021,13,KAB BANTUL,24.46,30.7,30.63,63.0,0.55,1007.0,3.71,187.0,80.0,openweather_backfill
2021,13,KAB GUNUNG KIDUL,24.57,30.24,30.13,64.0,0.23,1007.0,3.71,187.0,83.0,openweather_backfill
2021,13,KAB KULON PROGO,24.49,31.55,31.49,61.0,0.0,1007.0,3.19,199.0,58.0,openweather_backfill
2021,13,KAB SLEMAN,23.04,31.2,31.2,58.0,0.13,1007.0,3.71,192.0,72.0,openweather_backfill
2021,13,KOTA YOGYAKARTA,23.9,31.36,31.36,59.0,0.59,1007.0,3.8,190.0,76.0,openweather_backfill
2021,14,KAB BANTUL,24.24,30.38,30.12,69.0,3.77,1007.0,3.54,186.0,71.0,openweather_backfill
2021,14,KAB GUNUNG KIDUL,24.27,29.91,29.58,71.0,3.5,1007.0,3.91,160.0,69.0,openweather_backfill
2021,14,KAB KULON PROGO,24.18,31.81,31.81,60.0,29.36,1007.0,3.8,201.0,82.0,openweather_backfill
2021,14,KAB SLEMAN,23.0,30.87,30.83,62.0,19.82,1007.0,2.97,208.0,80.0,openweather_backfill
2021,14,KOTA YOGYAKARTA,23.85,30.99,30.94,64.0,10.34,1007.0,3.43,198.0,76.0,openweather_backfill
2021,15,KAB BANTUL,25.22,31.09,31.06,64.0,5.09,1010.0,4.18,178.0,42.0,openweather_backfill
2021,15,KAB GUNUNG KIDUL,25.4,30.79,30.58,66.0,5.62,1010.0,4.48,177.0,44.0,openweather_backfill
2021,15,KAB KULON PROGO,24.36,31.84,31.84,61.0,5.71,1010.0,3.72,200.0,66.0,openweather_backfill
2021,15,KAB SLEMAN,23.54,31.71,31.71,57.0,4.1,1010.0,3.34,195.0,33.0,openweather_backfill
2021,15,KOTA YOGYAKARTA,24.53,31.73,31.73,60.0,5.1,1010.0,3.59,192.0,36.0,openweather_backfill
2021,16,KAB BANTUL,23.78,30.28,30.08,64.0,0.42,1011.0,4.13,171.0,75.0,openweather_backfill
2021,16,KAB GUNUNG KIDUL,23.9,29.85,29.49,67.0,0.1,1011.0,4.35,169.0,74.0,openweather_backfill
2021,16,KAB KULON PROGO,23.68,31.24,31.18,59.0,0.53,1011.0,3.91,203.0,78.0,openweather_backfill
2021,16,KAB SLEMAN,22.26,31.01,31.01,55.0,0.0,1011.0,2.75,179.0,79.0,openweather_backfill
2021,16,KOTA YOGYAKARTA,23.18,30.96,30.96,58.0,0.39,1011.0,3.55,177.0,77.0,openweather_backfill
2021,17,KAB BANTUL,23.52,30.49,30.49,60.0,0.15,1010.0,4.59,155.0,43.0,openweather_backfill
2021,17,KAB GUNUNG KIDUL,23.64,29.96,29.96,63.0,0.1,1011.0,5.14,154.0,45.0,openweather_backfill
2021,17,KAB KULON PROGO,23.53,31.7,31.7,54.0,0.0,1010.0,4.15,191.0,63.0,openweather_backfill
2021,17,KAB SLEMAN,21.87,31.39,31.21,53.0,0.0,1011.0,2.48,183.0,30.0,openweather_backfill
2021,17,KOTA YOGYAKARTA,22.9,31.27,31.27,55.0,0.24,1010.0,3.4,166.0,36.0,openweather_backfill
2021,18,KAB BANTUL,24.26,31.01,31.01,61.0,0.32,1010.0,4.61,153.0,32.0,openweather_backfill
2021,18,KAB GUNUNG KIDUL,24.41,30.49,30.44,64.0,0.0,1010.0,5.06,147.0,32.0,openweather_backfill
2021,18,KAB KULON PROGO,11.11,20.56,20.0,89.0,0.93,890.0,4.07,188.0,46.0,openweather_backfill
2021,18,KAB SLEMAN,22.76,32.21,31.98,52.0,0.22,1010.0,2.78,150.0,37.0,openweather_backfill
2021,18,KOTA YOGYAKARTA,23.65,31.97,31.85,56.0,0.4,1010.0,3.66,158.0,33.0,openweather_backfill
2021,19,KAB BANTUL,22.66,29.98,29.97,54.0,0.15,1009.0,5.09,150.0,8.0,openweather_backfill
2021,19,KAB GUNUNG KIDUL,22.76,29.64,29.64,56.0,0.0,1009.0,5.42,150.0,7.0,openweather_backfill
2021,19,KAB KULON PROGO,10.56,24.98,20.56,73.0,0.0,888.0,4.79,160.0,6.0,openweather_backfill
2021,19,KAB SLEMAN,21.03,30.53,30.17,47.0,0.0,1009.0,3.96,176.0,15.0,openweather_backfill
2021,19,KOTA YOGYAKARTA,22.03,30.54,30.33,51.0,0.16,1009.0,4.51,162.0,11.0,openweather_backfill
2021,20,KAB BANTUL,23.94,29.87,29.87,65.0,0.13,1008.0,6.93,146.0,36.0,openweather_backfill
2021,20,KAB GUNUNG KIDUL,24.12,29.53,29.29,68.0,0.0,1008.0,7.65,143.0,38.0,openweather_backfill
2021,20,KAB KULON PROGO,11.67,29.17,18.89,99.0,0.0,888.0,5.32,166.0,23.0,openweather_backfill
2021,20,KAB SLEMAN,22.17,31.01,31.01,55.0,0.33,1008.0,4.22,182.0,25.0,openweather_backfill
2021,20,KOTA YOGYAKARTA,23.18,30.79,30.79,59.0,0.18,1008.0,6.65,147.0,29.0,openweather_backfill
2021,21,KAB BANTUL,24.08,30.59,30.59,63.0,0.42,1009.0,4.15,160.0,100.0,openweather_backfill
2021,21,KAB GUNUNG KIDUL,24.23,30.07,30.07,65.0,0.62,1009.0,4.52,156.0,100.0,openweather_backfill
2021,21,KAB KULON PROGO,15.32,23.33,20.86,74.0,0.0,890.0,3.52,184.0,99.0,openweather_backfill
2021,21,KAB SLEMAN,22.59,31.1,31.1,59.0,0.0,1010.0,1.82,189.0,100.0,openweather_backfill
2021,21,KOTA YOGYAKARTA,23.41,31.32,31.32,59.0,0.37,1009.0,2.85,170.0,100.0,openweather_backfill
2021,22,KAB BANTUL,15.56,29.71,29.71,66.0,0.16,1009.0,4.92,156.0,78.0,openweather_backfill
2021,22,KAB GUNUNG KIDUL,15.56,29.19,29.19,68.0,0.0,1009.0,5.38,154.0,79.0,openweather_backfill
2021,22,KAB KULON PROGO,14.03,21.07,20.02,83.0,0.0,884.0,4.08,171.0,58.0,openweather_backfill
2021,22,KAB SLEMAN,15.56,30.42,30.42,58.0,0.0,1009.0,3.04,178.0,69.0,openweather_backfill
2021,22,KOTA YOGYAKARTA,15.56,30.45,30.45,61.0,0.2,1009.0,3.94,166.0,74.0,openweather_backfill
2021,23,KAB BANTUL,13.89,30.22,30.22,66.0,0.15,1010.0,4.52,180.0,27.0,openweather_backfill
2021,23,KAB GUNUNG KIDUL,13.89,29.66,29.66,69.0,0.0,1010.0,4.59,176.0,28.0,openweather_backfill
2021,23,KAB KULON PROGO,13.89,20.78,20.29,83.0,3.85,886.0,3.51,196.0,33.0,openweather_backfill
2021,23,KAB SLEMAN,13.89,31.28,31.28,55.0,0.49,1010.0,4.41,194.0,21.0,openweather_backfill
2021,23,KOTA YOGYAKARTA,13.89,31.09,31.09,60.0,0.24,1010.0,4.55,188.0,24.0,openweather_backfill
2021,24,KAB BANTUL,12.78,29.65,29.65,67.0,0.0,1011.0,4.83,147.0,66.0,openweather_backfill
2021,24,KAB GUNUNG KIDUL,12.78,29.39,29.25,69.0,0.0,1011.0,5.32,144.0,64.0,openweather_backfill
2021,24,KAB KULON PROGO,11.38,25.04,16.67,74.0,0.0,798.0,3.74,177.0,50.0,openweather_backfill
2021,24,KAB SLEMAN,12.78,30.18,30.18,60.0,0.0,1011.0,2.71,163.0,78.0,openweather_backfill
2021,24,KOTA YOGYAKARTA,12.78,30.16,30.16,63.0,0.0,1011.0,3.71,153.0,72.0,openweather_backfill
2021,25,KAB BANTUL,12.78,29.24,29.24,66.0,25.89,1011.0,3.12,185.0,99.0,openweather_backfill
2021,25,KAB GUNUNG KIDUL,12.78,28.85,28.85,68.0,27.42,1011.0,3.32,183.0,99.0,openweather_backfill
2021,25,KAB KULON PROGO,12.78,30.07,30.04,62.0,4.67,1011.0,2.97,191.0,99.0,openweather_backfill
2021,25,KAB SLEMAN,12.78,29.5,29.35,63.0,1.79,1011.0,2.12,343.0,99.0,openweather_backfill
2021,25,KOTA YOGYAKARTA,12.78,29.73,29.68,64.0,15.93,1011.0,2.64,192.0,99.0,openweather_backfill
2021,26,KAB BANTUL,12.78,29.68,29.68,70.0,2.08,1010.0,4.32,150.0,41.0,openweather_backfill
2021,26,KAB GUNUNG KIDUL,12.78,29.27,29.27,71.0,2.68,1010.0,4.9,147.0,38.0,openweather_backfill
2021,26,KAB KULON PROGO,12.78,24.92,17.78,75.0,0.0,798.0,3.16,181.0,67.0,openweather_backfill
2021,26,KAB SLEMAN,12.78,30.12,30.12,63.0,0.0,1011.0,1.86,162.0,49.0,openweather_backfill
2021,26,KOTA YOGYAKARTA,12.78,30.25,30.25,65.0,0.56,1010.0,3.01,158.0,44.0,openweather_backfill
2021,27,KAB BANTUL,12.56,21.45,20.89,64.0,0.0,1010.0,5.31,140.0,87.0,openweather_backfill
2021,27,KAB GUNUNG KIDUL,12.56,21.45,20.89,65.0,0.0,1010.0,6.03,138.0,90.0,openweather_backfill
2021,27,KAB KULON PROGO,12.64,21.55,20.99,63.0,0.0,1010.0,4.18,147.0,82.0,openweather_backfill
2021,27,KAB SLEMAN,11.46,20.35,19.79,62.0,0.0,1010.0,3.19,175.0,71.0,openweather_backfill
2021,27,KOTA YOGYAKARTA,12.22,21.11,20.55,63.0,0.0,1010.0,4.02,155.0,78.0,openweather_backfill
2021,28,KAB BANTUL,13.11,31.74,22.0,54.0,0.0,1008.0,5.02,96.0,85.0,openweather_backfill
2021,28,KAB GUNUNG KIDUL,13.11,31.33,22.0,57.0,0.0,1008.0,5.33,110.0,84.0,openweather_backfill
2021,28,KAB KULON PROGO,13.19,33.27,22.08,52.0,0.0,1008.0,3.24,203.0,96.0,openweather_backfill
2021,28,KAB SLEMAN,12.01,31.93,20.9,46.0,0.42,1008.0,4.7,64.0,89.0,openweather_backfill
2021,28,KOTA YOGYAKARTA,12.77,32.19,21.66,49.0,0.0,1008.0,4.74,80.0,87.0,openweather_backfill
2021,29,KAB BANTUL,22.71,29.06,28.65,65.0,0.24,1010.0,6.28,148.0,34.0,openweather_backfill
2021,29,KAB GUNUNG KIDUL,22.9,28.53,28.16,68.0,0.0,1010.0,7.02,145.0,34.0,openweather_backfill
2021,29,KAB KULON PROGO,22.16,32.71,32.16,63.0,0.0,1010.0,5.58,161.0,63.0,openweather_backfill
2021,29,KAB SLEMAN,20.95,30.38,29.58,57.0,0.0,1010.0,4.81,173.0,31.0,openweather_backfill
2021,29,KOTA YOGYAKARTA,21.93,30.02,29.4,60.0,0.27,1009.0,5.44,160.0,32.0,openweather_backfill
2021,30,KAB BANTUL,21.47,29.33,29.33,57.0,0.17,1012.0,6.97,143.0,31.0,openweather_backfill
2021,30,KAB GUNUNG KIDUL,21.58,28.87,28.87,59.0,0.25,1013.0,7.49,142.0,33.0,openweather_backfill
2021,30,KAB KULON PROGO,21.34,31.6,31.6,56.0,0.0,1012.0,6.12,153.0,39.0,openweather_backfill
2021,30,KAB SLEMAN,19.79,30.49,30.25,50.0,0.0,1012.0,5.15,165.0,19.0,openweather_backfill
2021,30,KOTA YOGYAKARTA,20.84,30.12,30.03,53.0,0.0,1012.0,5.99,153.0,25.0,openweather_backfill
2021,31,KAB BANTUL,24.33,27.99,27.93,68.0,0.21,1012.0,6.7,145.0,79.0,openweather_backfill
2021,31,KAB GUNUNG KIDUL,24.55,27.9,27.9,68.0,0.15,1012.0,7.28,136.0,76.0,openweather_backfill
2021,31,KAB KULON PROGO,21.05,32.16,29.38,75.0,0.1,1013.0,5.31,144.0,92.0,openweather_backfill
2021,31,KAB SLEMAN,22.36,27.49,27.2,68.0,0.0,1012.0,4.95,161.0,86.0,openweather_backfill
2021,31,KOTA YOGYAKARTA,23.51,27.99,27.77,67.0,0.25,1012.0,5.8,152.0,84.0,openweather_backfill
2021,32,KAB BANTUL,23.81,29.92,29.36,70.0,0.2,1011.0,5.57,150.0,38.0,openweather_backfill
2021,32,KAB GUNUNG KIDUL,23.9,29.36,28.52,74.0,0.0,1011.0,6.22,147.0,37.0,openweather_backfill
2021,32,KAB KULON PROGO,23.59,31.01,30.82,62.0,3.35,1011.0,3.84,183.0,47.0,openweather_backfill
2021,32,KAB SLEMAN,22.59,31.77,31.77,52.0,2.75,1011.0,4.03,187.0,38.0,openweather_backfill
2021,32,KOTA YOGYAKARTA,23.33,30.92,30.92,60.0,0.26,1011.0,4.6,173.0,37.0,openweather_backfill
2021,33,KAB BANTUL,23.01,31.56,31.47,55.0,0.24,1009.0,7.87,144.0,6.0,openweather_backfill
2021,33,KAB GUNUNG KIDUL,23.14,30.86,30.86,58.0,0.0,1009.0,9.02,144.0,6.0,openweather_backfill
2021,33,KAB KULON PROGO,22.8,32.26,32.26,52.0,0.0,1010.0,4.92,176.0,3.0,openweather_backfill
2021,33,KAB SLEMAN,21.54,33.48,32.69,43.0,0.0,1010.0,3.81,185.0,4.0,openweather_backfill
2021,33,KOTA YOGYAKARTA,22.42,32.96,32.41,48.0,0.21,1009.0,5.16,140.0,6.0,openweather_backfill
2021,34,KAB BANTUL,23.12,28.1,27.98,68.0,0.19,1011.0,5.67,156.0,100.0,openweather_backfill
2021,34,KAB GUNUNG KIDUL,23.23,27.8,27.65,70.0,0.45,1011.0,6.32,153.0,100.0,openweather_backfill
2021,34,KAB KULON PROGO,22.74,28.47,28.03,69.0,0.65,1012.0,4.37,150.0,100.0,openweather_backfill
2021,34,KAB SLEMAN,21.56,28.45,28.45,61.0,0.0,1011.0,4.21,176.0,100.0,openweather_backfill
2021,34,KOTA YOGYAKARTA,22.5,28.49,28.49,64.0,0.17,1011.0,4.86,164.0,100.0,openweather_backfill
2021,35,KAB BANTUL,23.25,28.92,28.92,66.0,0.2,1010.0,7.14,156.0,81.0,openweather_backfill
2021,35,KAB GUNUNG KIDUL,23.47,28.35,28.35,69.0,0.0,1010.0,7.75,152.0,79.0,openweather_backfill
2021,35,KAB KULON PROGO,23.4,29.48,28.97,66.0,0.0,1010.0,5.33,159.0,87.0,openweather_backfill
2021,35,KAB SLEMAN,21.48,30.56,30.56,54.0,0.0,1009.0,5.17,180.0,85.0,openweather_backfill
2021,35,KOTA YOGYAKARTA,22.43,30.0,30.0,59.0,0.22,1009.0,6.04,167.0,85.0,openweather_backfill
2021,36,KAB BANTUL,23.37,28.0,27.82,68.0,0.28,1011.0,6.12,151.0,93.0,openweather_backfill
2021,36,KAB GUNUNG KIDUL,23.55,27.81,27.45,70.0,0.0,1011.0,6.82,148.0,93.0,openweather_backfill
2021,36,KAB KULON PROGO,23.24,28.56,28.51,65.0,0.0,1011.0,4.22,146.0,93.0,openweather_backfill
2021,36,KAB SLEMAN,21.34,28.53,28.03,62.0,0.0,1011.0,3.55,183.0,95.0,openweather_backfill
2021,36,KOTA YOGYAKARTA,22.58,28.63,28.31,64.0,0.28,1011.0,4.68,164.0,94.0,openweather_backfill
2021,37,KAB BANTUL,23.42,27.87,26.4,77.0,7.69,1009.0,6.28,154.0,99.0,openweather_backfill
2021,37,KAB GUNUNG KIDUL,23.42,27.58,26.19,77.0,5.35,1009.0,7.16,150.0,99.0,openweather_backfill
2021,37,KAB KULON PROGO,23.92,28.36,26.81,78.0,6.29,1010.0,4.72,154.0,100.0,openweather_backfill
2021,37,KAB SLEMAN,22.57,28.46,26.83,74.0,6.68,1010.0,3.11,189.0,98.0,openweather_backfill
2021,37,KOTA YOGYAKARTA,23.13,28.24,26.79,75.0,5.66,1009.0,4.46,142.0,98.0,openweather_backfill
2021,38,KAB BANTUL,23.77,29.48,29.15,63.0,0.15,1011.0,7.49,153.0,59.0,openweather_backfill
2021,38,KAB GUNUNG KIDUL,23.99,28.95,28.62,65.0,0.0,1011.0,8.14,149.0,58.0,openweather_backfill
2021,38,KAB KULON PROGO,23.38,29.88,28.7,66.0,0.13,1011.0,5.38,156.0,57.0,openweather_backfill
2021,38,KAB SLEMAN,21.97,30.52,30.52,52.0,0.12,1011.0,5.35,165.0,57.0,openweather_backfill
2021,38,KOTA YOGYAKARTA,22.95,30.37,30.18,57.0,0.15,1011.0,6.41,156.0,60.0,openweather_backfill
2021,39,KAB BANTUL,24.55,29.62,29.23,69.0,2.65,1008.0,6.3,149.0,80.0,openweather_backfill
2021,39,KAB GUNUNG KIDUL,24.73,29.29,28.64,71.0,1.58,1008.0,7.34,145.0,79.0,openweather_backfill
2021,39,KAB KULON PROGO,25.49,32.87,29.38,69.0,9.0,1008.0,4.57,154.0,72.0,openweather_backfill
2021,39,KAB SLEMAN,22.84,30.56,30.41,62.0,13.32,1008.0,3.22,175.0,85.0,openweather_backfill
2021,39,KOTA YOGYAKARTA,23.83,30.43,30.26,63.0,4.59,1008.0,4.44,159.0,82.0,openweather_backfill
2021,40,KAB BANTUL,14.78,28.81,28.04,63.0,0.13,1010.0,6.16,164.0,78.0,openweather_backfill
2021,40,KAB GUNUNG KIDUL,14.78,28.42,27.7,64.0,0.0,1011.0,6.47,160.0,79.0,openweather_backfill
2021,40,KAB KULON PROGO,14.88,32.31,29.53,61.0,0.0,1010.0,4.89,171.0,70.0,openweather_backfill
2021,40,KAB SLEMAN,13.68,30.03,29.0,55.0,0.0,1010.0,5.12,185.0,72.0,openweather_backfill
2021,40,KOTA YOGYAKARTA,14.44,29.62,28.61,59.0,0.0,1010.0,5.63,175.0,76.0,openweather_backfill
2021,41,KAB BANTUL,13.11,29.56,22.0,59.0,0.1,1010.0,6.42,170.0,82.0,openweather_backfill
2021,41,KAB GUNUNG KIDUL,13.11,28.97,22.0,62.0,0.0,1010.0,6.56,165.0,82.0,openweather_backfill
2021,41,KAB KULON PROGO,13.21,30.64,22.1,60.0,0.0,1010.0,5.29,171.0,77.0,openweather_backfill
2021,41,KAB SLEMAN,12.01,31.47,20.9,47.0,0.0,1009.0,6.18,189.0,79.0,openweather_backfill
2021,41,KOTA YOGYAKARTA,12.77,30.71,21.66,52.0,0.14,1009.0,6.32,180.0,81.0,openweather_backfill
2021,42,KAB BANTUL,15.89,29.81,29.81,63.0,16.46,1009.0,5.28,163.0,88.0,openweather_backfill
2021,42,KAB GUNUNG KIDUL,15.89,29.46,29.46,64.0,21.21,1009.0,5.68,159.0,86.0,openweather_backfill
2021,42,KAB KULON PROGO,15.99,31.2,31.2,58.0,10.61,1009.0,4.64,171.0,88.0,openweather_backfill
2021,42,KAB SLEMAN,14.79,30.99,30.62,57.0,13.69,1009.0,3.87,193.0,90.0,openweather_backfill
2021,42,KOTA YOGYAKARTA,15.55,30.76,30.34,60.0,16.24,1009.0,4.53,176.0,92.0,openweather_backfill
2021,43,KAB BANTUL,24.53,30.92,30.92,61.0,0.17,1010.0,5.19,181.0,28.0,openweather_backfill
2021,43,KAB GUNUNG KIDUL,24.67,30.24,30.14,64.0,0.0,1010.0,5.44,172.0,29.0,openweather_backfill
2021,43,KAB KULON PROGO,25.52,34.38,32.71,58.0,1.02,1010.0,4.45,189.0,41.0,openweather_backfill
2021,43,KAB SLEMAN,23.0,32.93,32.77,50.0,0.39,1009.0,5.25,196.0,27.0,openweather_backfill
2021,43,KOTA YOGYAKARTA,23.92,32.29,32.29,54.0,0.14,1009.0,5.39,190.0,26.0,openweather_backfill
2021,44,KAB BANTUL,24.8,29.23,29.13,73.0,12.17,1010.0,4.2,159.0,100.0,openweather_backfill
2021,44,KAB GUNUNG KIDUL,24.97,28.87,28.75,75.0,13.82,1010.0,4.78,155.0,100.0,openweather_backfill
2021,44,KAB KULON PROGO,22.71,30.49,30.49,72.0,19.6,1010.0,3.44,165.0,100.0,openweather_backfill
2021,44,KAB SLEMAN,23.21,29.89,29.79,67.0,33.87,1010.0,2.63,195.0,100.0,openweather_backfill
2021,44,KOTA YOGYAKARTA,24.12,29.86,29.74,69.0,16.48,1010.0,3.28,180.0,100.0,openweather_backfill
2021,45,KAB BANTUL,15.89,30.75,21.45,68.0,39.62,1006.0,3.95,285.0,100.0,openweather_backfill
2021,45,KAB GUNUNG KIDUL,15.89,30.5,21.45,70.0,41.52,1006.0,4.39,286.0,100.0,openweather_backfill
2021,45,KAB KULON PROGO,15.97,31.05,21.53,71.0,12.36,1006.0,2.95,264.0,100.0,openweather_backfill
2021,45,KAB SLEMAN,14.79,30.56,20.35,64.0,20.49,1006.0,2.26,282.0,100.0,openweather_backfill
2021,45,KOTA YOGYAKARTA,15.55,30.96,21.11,65.0,40.28,1006.0,3.06,284.0,100.0,openweather_backfill
2021,46,KAB BANTUL,17.0,24.89,20.89,83.0,18.08,1010.0,3.07,253.0,100.0,openweather_backfill
2021,46,KAB GUNUNG KIDUL,17.0,25.0,20.89,83.0,20.09,1010.0,3.67,260.0,100.0,openweather_backfill
2021,46,KAB KULON PROGO,17.1,26.6,20.97,81.0,40.03,1010.0,2.19,219.0,100.0,openweather_backfill
2021,46,KAB SLEMAN,15.9,23.32,19.79,86.0,36.02,1010.0,2.57,218.0,100.0,openweather_backfill
2021,46,KOTA YOGYAKARTA,16.66,24.3,20.55,84.0,16.14,1010.0,2.73,240.0,100.0,openweather_backfill
2021,47,KAB BANTUL,16.45,29.79,29.53,68.0,0.11,1008.0,3.03,210.0,85.0,openweather_backfill
2021,47,KAB GUNUNG KIDUL,16.45,29.45,29.29,68.0,0.0,1008.0,3.28,212.0,85.0,openweather_backfill
2021,47,KAB KULON PROGO,16.55,32.16,31.05,72.0,5.7,1008.0,2.71,166.0,91.0,openweather_backfill
2021,47,KAB SLEMAN,15.35,29.69,28.87,68.0,0.0,1008.0,2.07,178.0,85.0,openweather_backfill
2021,47,KOTA YOGYAKARTA,16.11,30.16,29.6,67.0,0.0,1008.0,2.56,194.0,84.0,openweather_backfill
2021,48,KAB BANTUL,24.29,26.19,26.19,82.0,0.63,1009.0,2.97,308.0,100.0,openweather_backfill
2021,48,KAB GUNUNG KIDUL,24.38,26.2,26.2,82.0,0.35,1009.0,3.2,309.0,100.0,openweather_backfill
2021,48,KAB KULON PROGO,23.79,25.93,25.93,86.0,6.98,1009.0,1.97,263.0,99.0,openweather_backfill
2021,48,KAB SLEMAN,22.92,25.41,25.41,81.0,0.0,1009.0,2.38,295.0,99.0,openweather_backfill
2021,48,KOTA YOGYAKARTA,23.8,25.84,25.84,82.0,0.6,1009.0,2.58,305.0,100.0,openweather_backfill
2021,49,KAB BANTUL,17.0,28.36,28.36,74.0,4.97,1009.0,4.72,259.0,100.0,openweather_backfill
2021,49,KAB GUNUNG KIDUL,17.0,28.11,28.0,75.0,4.73,1009.0,4.99,261.0,100.0,openweather_backfill
2021,49,KAB KULON PROGO,17.08,31.6,29.93,68.0,5.76,1009.0,3.72,239.0,99.0,openweather_backfill
2021,49,KAB SLEMAN,15.9,28.85,28.85,69.0,4.85,1009.0,3.67,244.0,100.0,openweather_backfill
2021,49,KOTA YOGYAKARTA,16.66,28.91,28.91,70.0,5.25,1009.0,4.23,253.0,100.0,openweather_backfill
2021,50,KAB BANTUL,17.56,30.27,25.89,63.0,0.0,1010.0,4.25,232.0,88.0,openweather_backfill
2021,50,KAB GUNUNG KIDUL,17.56,29.81,25.89,66.0,0.0,1010.0,4.38,254.0,91.0,openweather_backfill
2021,50,KAB KULON PROGO,17.65,32.87,25.97,62.0,0.56,1010.0,4.09,221.0,80.0,openweather_backfill
2021,50,KAB SLEMAN,16.46,31.05,24.79,54.0,0.0,1010.0,4.59,224.0,74.0,openweather_backfill
2021,50,KOTA YOGYAKARTA,17.22,30.99,25.55,58.0,0.1,1010.0,4.61,228.0,82.0,openweather_backfill
2021,51,KAB BANTUL,16.45,30.72,25.89,69.0,17.66,1009.0,2.91,173.0,100.0,openweather_backfill
2021,51,KAB GUNUNG KIDUL,16.45,30.35,25.89,72.0,12.44,1009.0,3.29,177.0,100.0,openweather_backfill
2021,51,KAB KULON PROGO,16.53,33.42,25.97,63.0,29.71,1009.0,3.51,198.0,99.0,openweather_backfill
2021,51,KAB SLEMAN,15.35,31.05,24.79,60.0,19.03,1009.0,2.39,176.0,99.0,openweather_backfill
2021,51,KOTA YOGYAKARTA,16.11,31.13,25.55,64.0,19.0,1009.0,2.82,185.0,100.0,openweather_backfill
2021,52,KAB BANTUL,25.08,30.4,30.4,64.0,3.23,1010.0,4.39,227.0,58.0,openweather_backfill
2021,52,KAB GUNUNG KIDUL,25.24,29.86,29.86,66.0,3.33,1011.0,4.78,277.0,58.0,openweather_backfill
2021,52,KAB KULON PROGO,23.98,33.98,31.75,60.0,8.88,1011.0,4.15,213.0,67.0,openweather_backfill
2021,52,KAB SLEMAN,23.29,31.45,31.45,55.0,10.94,1010.0,5.12,221.0,65.0,openweather_backfill
2021,52,KOTA YOGYAKARTA,24.37,31.29,31.29,58.0,4.19,1010.0,4.93,224.0,60.0,openweather_backfill
2022,1,KAB BANTUL,18.11,29.26,29.26,68.0,0.0,1010.0,4.33,233.0,97.0,openweather_backfill
2022,1,KAB GUNUNG KIDUL,18.11,28.91,28.91,70.0,3.48,1010.0,4.23,234.0,98.0,openweather_backfill
2022,1,KAB KULON PROGO,18.19,32.16,29.16,70.0,0.44,1010.0,3.2,235.0,67.0,openweather_backfill
2022,1,KAB SLEMAN,17.01,29.82,29.82,62.0,0.0,1010.0,4.72,225.0,92.0,openweather_backfill
2022,1,KOTA YOGYAKARTA,17.77,29.73,29.73,65.0,0.0,1010.0,4.66,228.0,96.0,openweather_backfill
2022,2,KAB BANTUL,24.87,30.1,30.1,66.0,8.05,1009.0,4.35,225.0,61.0,openweather_backfill
2022,2,KAB GUNUNG KIDUL,25.09,29.69,29.69,68.0,6.28,1009.0,4.37,225.0,58.0,openweather_backfill
2022,2,KAB KULON PROGO,24.29,33.83,33.83,68.0,24.37,1009.0,3.75,222.0,68.0,openweather_backfill
2022,2,KAB SLEMAN,23.06,30.78,30.78,60.0,15.54,1009.0,4.49,229.0,67.0,openweather_backfill
2022,2,KOTA YOGYAKARTA,24.06,30.73,30.73,62.0,13.97,1009.0,4.52,229.0,67.0,openweather_backfill
2022,3,KAB BANTUL,17.0,29.29,25.34,61.0,18.83,1008.0,4.92,240.0,61.0,openweather_backfill
2022,3,KAB GUNUNG KIDUL,17.0,29.13,25.34,63.0,17.55,1008.0,5.47,254.0,64.0,openweather_backfill
2022,3,KAB KULON PROGO,17.08,32.71,25.42,60.0,19.02,1008.0,4.42,225.0,50.0,openweather_backfill
2022,3,KAB SLEMAN,15.9,29.09,24.24,53.0,13.6,1008.0,4.3,219.0,55.0,openweather_backfill
2022,3,KOTA YOGYAKARTA,16.66,29.39,25.0,56.0,20.34,1008.0,4.86,240.0,55.0,openweather_backfill
2022,4,KAB BANTUL,17.56,28.37,28.37,73.0,0.49,1009.0,4.26,246.0,99.0,openweather_backfill
2022,4,KAB GUNUNG KIDUL,17.56,28.03,28.03,74.0,0.22,1008.0,4.37,250.0,99.0,openweather_backfill
2022,4,KAB KULON PROGO,17.65,32.31,32.31,74.0,1.13,1009.0,4.09,230.0,99.0,openweather_backfill
2022,4,KAB SLEMAN,16.46,28.89,28.89,67.0,1.85,1009.0,4.61,226.0,100.0,openweather_backfill
2022,4,KOTA YOGYAKARTA,17.22,28.78,28.78,70.0,0.42,1009.0,4.59,232.0,100.0,openweather_backfill
2022,5,KAB BANTUL,18.67,29.75,29.57,69.0,0.56,1009.0,3.84,230.0,84.0,openweather_backfill
2022,5,KAB GUNUNG KIDUL,18.67,29.38,29.38,69.0,0.42,1009.0,3.96,229.0,84.0,openweather_backfill
2022,5,KAB KULON PROGO,18.76,31.75,29.65,72.0,0.99,1009.0,3.5,232.0,91.0,openweather_backfill
2022,5,KAB SLEMAN,17.57,29.54,29.23,70.0,0.87,1009.0,3.07,238.0,85.0,openweather_backfill
2022,5,KOTA YOGYAKARTA,18.33,29.96,29.67,69.0,0.87,1009.0,3.58,233.0,84.0,openweather_backfill
2022,6,KAB BANTUL,16.45,26.4,23.67,67.0,22.27,1007.0,2.58,231.0,67.0,openweather_backfill
2022,6,KAB GUNUNG KIDUL,16.45,26.47,23.67,68.0,22.48,1007.0,2.8,310.0,71.0,openweather_backfill
2022,6,KAB KULON PROGO,16.53,27.71,23.75,67.0,33.43,1007.0,3.06,225.0,90.0,openweather_backfill
2022,6,KAB SLEMAN,15.35,25.16,22.57,65.0,17.88,1007.0,2.61,74.0,46.0,openweather_backfill
2022,6,KOTA YOGYAKARTA,16.11,25.93,23.33,65.0,27.16,1007.0,2.53,231.0,56.0,openweather_backfill
2022,7,KAB BANTUL,16.45,29.98,29.98,69.0,47.75,1006.0,2.39,77.0,93.0,openweather_backfill
2022,7,KAB GUNUNG KIDUL,16.45,29.8,29.8,69.0,50.11,1006.0,2.51,90.0,93.0,openweather_backfill
2022,7,KAB KULON PROGO,16.55,29.53,29.48,73.0,64.96,1006.0,1.82,72.0,97.0,openweather_backfill
2022,7,KAB SLEMAN,15.35,29.53,29.53,70.0,27.33,1006.0,2.09,72.0,96.0,openweather_backfill
2022,7,KOTA YOGYAKARTA,16.11,30.05,30.05,69.0,53.71,1006.0,2.33,80.0,95.0,openweather_backfill
2022,8,KAB BANTUL,15.89,30.53,24.22,76.0,5.2,1009.0,3.14,298.0,100.0,openweather_backfill
2022,8,KAB GUNUNG KIDUL,15.89,30.06,24.22,78.0,7.73,1009.0,3.59,297.0,100.0,openweather_backfill
2022,8,KAB KULON PROGO,15.99,34.53,24.3,65.0,35.36,1009.0,2.28,193.0,100.0,openweather_backfill
2022,8,KAB SLEMAN,14.79,30.7,23.12,71.0,11.34,1009.0,2.28,196.0,100.0,openweather_backfill
2022,8,KOTA YOGYAKARTA,15.55,31.15,23.88,73.0,3.54,1009.0,2.29,229.0,100.0,openweather_backfill
2022,9,KAB BANTUL,23.96,30.48,30.48,62.0,1.21,1008.0,4.91,262.0,86.0,openweather_backfill
2022,9,KAB GUNUNG KIDUL,23.96,30.03,30.03,63.0,0.95,1008.0,5.09,264.0,90.0,openweather_backfill
2022,9,KAB KULON PROGO,25.43,31.05,30.87,61.0,1.84,1009.0,4.94,244.0,80.0,openweather_backfill
2022,9,KAB SLEMAN,22.8,31.16,31.16,55.0,4.01,1008.0,3.72,249.0,71.0,openweather_backfill
2022,9,KOTA YOGYAKARTA,23.56,31.18,31.18,57.0,2.56,1008.0,4.46,256.0,78.0,openweather_backfill
2022,10,KAB BANTUL,23.52,32.41,32.41,76.0,1.0,1009.0,3.59,242.0,100.0,openweather_backfill
2022,10,KAB GUNUNG KIDUL,23.52,32.41,32.41,76.0,0.95,1009.0,3.6,243.0,100.0,openweather_backfill
2022,10,KAB KULON PROGO,23.61,32.87,32.5,78.0,0.64,1009.0,2.73,231.0,100.0,openweather_backfill
2022,10,KAB SLEMAN,22.42,31.31,31.31,75.0,0.4,1009.0,3.94,230.0,100.0,openweather_backfill
2022,10,KOTA YOGYAKARTA,23.18,32.07,32.07,75.0,0.69,1009.0,3.8,232.0,100.0,openweather_backfill
2022,11,KAB BANTUL,24.59,31.42,31.26,65.0,12.96,1007.0,4.92,144.0,55.0,openweather_backfill
2022,11,KAB GUNUNG KIDUL,24.69,31.24,30.96,66.0,11.36,1006.0,5.54,144.0,58.0,openweather_backfill
2022,11,KAB KULON PROGO,24.72,33.61,32.5,60.0,14.09,1006.0,4.05,172.0,55.0,openweather_backfill
2022,11,KAB SLEMAN,23.37,32.42,31.31,63.0,10.54,1007.0,2.66,89.0,45.0,openweather_backfill
2022,11,KOTA YOGYAKARTA,24.03,31.56,31.56,63.0,14.53,1007.0,3.61,139.0,49.0,openweather_backfill
2022,12,KAB BANTUL,24.42,30.42,30.31,67.0,1.88,1008.0,4.8,253.0,82.0,openweather_backfill
2022,12,KAB GUNUNG KIDUL,24.47,29.99,29.89,69.0,3.32,1008.0,4.93,255.0,82.0,openweather_backfill
2022,12,KAB KULON PROGO,23.99,30.77,30.73,67.0,1.92,1008.0,4.11,237.0,53.0,openweather_backfill
2022,12,KAB SLEMAN,23.07,30.9,30.79,62.0,1.55,1008.0,4.18,243.0,86.0,openweather_backfill
2022,12,KOTA YOGYAKARTA,23.91,31.05,30.92,63.0,1.87,1008.0,4.58,249.0,85.0,openweather_backfill
2022,13,KAB BANTUL,23.59,30.43,30.23,67.0,1.47,1009.0,3.2,220.0,61.0,openweather_backfill
2022,13,KAB GUNUNG KIDUL,23.59,29.93,29.76,69.0,3.27,1009.0,3.26,221.0,56.0,openweather_backfill
2022,13,KAB KULON PROGO,24.26,31.26,30.84,64.0,2.6,1009.0,3.56,214.0,82.0,openweather_backfill
2022,13,KAB SLEMAN,22.74,31.04,30.58,62.0,1.08,1009.0,2.36,213.0,85.0,openweather_backfill
2022,13,KOTA YOGYAKARTA,23.3,31.21,30.83,63.0,0.12,1009.0,2.97,217.0,73.0,openweather_backfill
2022,14,KAB BANTUL,24.21,30.22,30.07,67.0,9.49,1009.0,3.76,185.0,23.0,openweather_backfill
2022,14,KAB GUNUNG KIDUL,24.31,29.84,29.66,68.0,8.75,1010.0,3.83,186.0,21.0,openweather_backfill
2022,14,KAB KULON PROGO,21.39,31.22,30.85,65.0,12.3,1009.0,3.36,190.0,22.0,openweather_backfill
2022,14,KAB SLEMAN,20.2,30.58,30.57,62.0,16.91,1010.0,3.01,196.0,29.0,openweather_backfill
2022,14,KOTA YOGYAKARTA,23.6,30.67,30.64,63.0,9.4,1009.0,3.35,199.0,26.0,openweather_backfill
2022,15,KAB BANTUL,23.96,29.61,29.61,68.0,0.39,1009.0,3.79,175.0,94.0,openweather_backfill
2022,15,KAB GUNUNG KIDUL,24.07,29.42,29.32,69.0,0.83,1009.0,4.0,173.0,94.0,openweather_backfill
2022,15,KAB KULON PROGO,23.77,30.32,29.79,67.0,27.01,1010.0,3.08,185.0,82.0,openweather_backfill
2022,15,KAB SLEMAN,22.49,29.68,29.68,64.0,29.4,1010.0,2.84,185.0,94.0,openweather_backfill
2022,15,KOTA YOGYAKARTA,23.41,30.27,29.92,65.0,3.38,1009.0,3.36,181.0,94.0,openweather_backfill
2022,16,KAB BANTUL,24.52,31.19,31.08,65.0,0.68,1007.0,4.39,162.0,72.0,openweather_backfill
2022,16,KAB GUNUNG KIDUL,24.67,30.85,30.52,68.0,0.21,1007.0,4.89,166.0,75.0,openweather_backfill
2022,16,KAB KULON PROGO,24.23,32.46,32.46,59.0,0.31,1007.0,3.99,192.0,56.0,openweather_backfill
2022,16,KAB SLEMAN,22.92,32.09,32.06,56.0,1.6,1008.0,2.16,145.0,57.0,openweather_backfill
2022,16,KOTA YOGYAKARTA,23.87,31.93,31.93,60.0,0.26,1007.0,3.18,167.0,65.0,openweather_backfill
2022,17,KAB BANTUL,24.72,30.24,30.17,69.0,0.94,1007.0,3.43,191.0,92.0,openweather_backfill
2022,17,KAB GUNUNG KIDUL,24.84,29.83,29.64,71.0,0.84,1007.0,3.34,203.0,91.0,openweather_backfill
2022,17,KAB KULON PROGO,24.4,31.21,31.21,63.0,6.87,1007.0,3.42,203.0,67.0,openweather_backfill
2022,17,KAB SLEMAN,23.25,31.05,31.05,60.0,14.24,1007.0,3.48,199.0,96.0,openweather_backfill
2022,17,KOTA YOGYAKARTA,24.13,30.93,30.93,64.0,3.28,1007.0,3.61,196.0,95.0,openweather_backfill
2022,18,KAB BANTUL,24.64,31.76,31.76,59.0,0.76,1007.0,3.61,153.0,76.0,openweather_backfill
2022,18,KAB GUNUNG KIDUL,24.77,31.49,31.49,60.0,0.69,1007.0,4.09,151.0,75.0,openweather_backfill
2022,18,KAB KULON PROGO,24.4,31.91,31.91,61.0,12.28,1007.0,3.25,200.0,46.0,openweather_backfill
2022,18,KAB SLEMAN,23.22,31.53,31.53,58.0,1.09,1007.0,3.33,85.0,80.0,openweather_backfill
2022,18,KOTA YOGYAKARTA,24.07,31.95,31.95,58.0,1.7,1007.0,3.05,104.0,79.0,openweather_backfill
2022,19,KAB BANTUL,24.75,30.04,30.01,72.0,1.75,1007.0,3.11,242.0,96.0,openweather_backfill
2022,19,KAB GUNUNG KIDUL,24.84,29.78,29.78,73.0,0.77,1007.0,3.13,230.0,97.0,openweather_backfill
2022,19,KAB KULON PROGO,24.48,30.33,29.72,77.0,10.41,1008.0,3.23,247.0,91.0,openweather_backfill
2022,19,KAB SLEMAN,23.35,30.23,29.8,72.0,21.37,1007.0,3.12,231.0,93.0,openweather_backfill
2022,19,KOTA YOGYAKARTA,24.2,30.48,30.19,71.0,8.83,1007.0,3.24,240.0,94.0,openweather_backfill
2022,20,KAB BANTUL,25.19,30.56,30.17,68.0,0.11,1010.0,3.63,187.0,100.0,openweather_backfill
2022,20,KAB GUNUNG KIDUL,25.33,30.12,29.86,70.0,0.0,1010.0,3.74,188.0,100.0,openweather_backfill
2022,20,KAB KULON PROGO,25.04,31.63,31.63,64.0,0.0,1010.0,3.24,191.0,88.0,openweather_backfill
2022,20,KAB SLEMAN,23.65,31.18,30.26,64.0,0.0,1010.0,3.62,194.0,99.0,openweather_backfill
2022,20,KOTA YOGYAKARTA,24.58,31.21,30.46,66.0,0.0,1010.0,3.73,192.0,100.0,openweather_backfill
2022,21,KAB BANTUL,24.02,30.32,30.19,63.0,10.43,1008.0,1.81,65.0,58.0,openweather_backfill
2022,21,KAB GUNUNG KIDUL,24.07,30.39,30.3,62.0,13.31,1008.0,2.05,76.0,57.0,openweather_backfill
2022,21,KAB KULON PROGO,24.08,29.05,29.05,73.0,31.52,1008.0,2.1,226.0,80.0,openweather_backfill
2022,21,KAB SLEMAN,22.78,29.53,28.94,66.0,3.5,1008.0,2.18,58.0,58.0,openweather_backfill
2022,21,KOTA YOGYAKARTA,23.56,30.75,29.7,65.0,10.3,1008.0,1.98,61.0,57.0,openweather_backfill
2022,22,KAB BANTUL,23.89,30.64,30.6,62.0,0.92,1009.0,3.55,212.0,100.0,openweather_backfill
2022,22,KAB GUNUNG KIDUL,23.88,30.4,30.24,64.0,1.29,1009.0,3.93,215.0,100.0,openweather_backfill
2022,22,KAB KULON PROGO,23.88,31.27,31.27,61.0,3.9,1009.0,3.96,204.0,59.0,openweather_backfill
2022,22,KAB SLEMAN,22.71,30.61,30.61,59.0,0.0,1009.0,2.45,190.0,99.0,openweather_backfill
2022,22,KOTA YOGYAKARTA,23.62,30.98,30.98,59.0,0.25,1009.0,2.65,203.0,100.0,openweather_backfill
2022,23,KAB BANTUL,23.62,28.97,28.97,71.0,3.8,1010.0,3.1,179.0,66.0,openweather_backfill
2022,23,KAB GUNUNG KIDUL,23.74,28.69,28.57,73.0,10.19,1010.0,3.37,171.0,64.0,openweather_backfill
2022,23,KAB KULON PROGO,23.38,29.84,29.84,67.0,4.42,1010.0,2.92,185.0,71.0,openweather_backfill
2022,23,KAB SLEMAN,22.11,29.41,29.41,66.0,3.91,1010.0,2.95,182.0,71.0,openweather_backfill
2022,23,KOTA YOGYAKARTA,22.97,29.51,29.51,68.0,3.48,1010.0,3.19,177.0,71.0,openweather_backfill
2022,24,KAB BANTUL,23.83,29.42,29.07,73.0,10.44,1009.0,2.59,199.0,99.0,openweather_backfill
2022,24,KAB GUNUNG KIDUL,23.8,29.14,28.81,74.0,7.58,1009.0,2.71,180.0,99.0,openweather_backfill
2022,24,KAB KULON PROGO,24.06,29.9,29.54,72.0,3.03,1009.0,2.91,191.0,100.0,openweather_backfill
2022,24,KAB SLEMAN,22.66,29.3,29.08,71.0,10.78,1009.0,1.92,188.0,100.0,openweather_backfill
2022,24,KOTA YOGYAKARTA,23.43,29.67,29.35,71.0,12.21,1009.0,2.31,194.0,100.0,openweather_backfill
2022,25,KAB BANTUL,23.66,30.31,30.31,65.0,0.0,1009.0,5.72,140.0,56.0,openweather_backfill
2022,25,KAB GUNUNG KIDUL,23.8,30.07,30.07,66.0,0.0,1009.0,6.57,140.0,55.0,openweather_backfill
2022,25,KAB KULON PROGO,23.31,30.89,30.89,62.0,0.31,1009.0,4.09,163.0,71.0,openweather_backfill
2022,25,KAB SLEMAN,22.03,30.48,30.23,59.0,0.11,1009.0,3.39,176.0,69.0,openweather_backfill
2022,25,KOTA YOGYAKARTA,23.0,30.5,30.5,62.0,0.0,1009.0,4.19,162.0,61.0,openweather_backfill
2022,26,KAB BANTUL,24.88,28.73,28.1,73.0,0.23,1010.0,6.79,139.0,72.0,openweather_backfill
2022,26,KAB GUNUNG KIDUL,25.17,28.58,27.98,73.0,0.17,1010.0,7.48,137.0,69.0,openweather_backfill
2022,26,KAB KULON PROGO,23.85,29.15,28.55,74.0,0.25,1010.0,5.08,141.0,79.0,openweather_backfill
2022,26,KAB SLEMAN,22.55,28.23,27.53,74.0,0.49,1010.0,3.96,155.0,81.0,openweather_backfill
2022,26,KOTA YOGYAKARTA,23.84,28.75,28.05,73.0,0.97,1010.0,5.31,145.0,78.0,openweather_backfill
2022,27,KAB BANTUL,23.87,30.67,30.67,64.0,0.37,1007.0,2.67,179.0,54.0,openweather_backfill
2022,27,KAB GUNUNG KIDUL,24.0,30.25,30.25,66.0,0.23,1007.0,3.08,148.0,53.0,openweather_backfill
2022,27,KAB KULON PROGO,23.6,30.5,30.5,68.0,0.12,1008.0,3.18,209.0,61.0,openweather_backfill
2022,27,KAB SLEMAN,22.39,31.09,31.09,59.0,0.0,1008.0,2.31,97.0,53.0,openweather_backfill
2022,27,KOTA YOGYAKARTA,23.25,31.19,31.19,61.0,0.18,1007.0,2.13,128.0,55.0,openweather_backfill
2022,28,KAB BANTUL,22.89,28.36,28.16,67.0,0.13,1010.0,6.07,143.0,56.0,openweather_backfill
2022,28,KAB GUNUNG KIDUL,23.25,28.09,27.82,69.0,0.1,1010.0,6.67,142.0,53.0,openweather_backfill
2022,28,KAB KULON PROGO,21.91,28.92,28.7,66.0,0.0,1010.0,4.88,146.0,74.0,openweather_backfill
2022,28,KAB SLEMAN,20.35,28.66,28.66,60.0,0.0,1010.0,3.97,169.0,68.0,openweather_backfill
2022,28,KOTA YOGYAKARTA,21.73,28.63,28.63,63.0,0.0,1010.0,4.74,157.0,61.0,openweather_backfill
2022,29,KAB BANTUL,23.84,27.47,27.38,75.0,0.81,1011.0,5.59,128.0,89.0,openweather_backfill
2022,29,KAB GUNUNG KIDUL,24.06,27.37,27.29,75.0,0.52,1011.0,6.38,137.0,88.0,openweather_backfill
2022,29,KAB KULON PROGO,23.16,28.12,28.12,73.0,0.76,1011.0,3.74,132.0,97.0,openweather_backfill
2022,29,KAB SLEMAN,21.83,27.98,27.08,73.0,2.11,1011.0,3.05,142.0,92.0,openweather_backfill
2022,29,KOTA YOGYAKARTA,23.02,27.96,27.36,74.0,0.69,1011.0,4.25,129.0,92.0,openweather_backfill
2022,30,KAB BANTUL,22.42,27.1,26.73,69.0,0.11,1010.0,6.8,137.0,82.0,openweather_backfill
2022,30,KAB GUNUNG KIDUL,22.74,26.97,26.64,69.0,0.0,1010.0,7.58,135.0,81.0,openweather_backfill
2022,30,KAB KULON PROGO,21.61,27.71,26.97,72.0,0.0,1010.0,5.35,137.0,80.0,openweather_backfill
2022,30,KAB SLEMAN,20.02,26.67,26.36,68.0,0.0,1010.0,4.3,167.0,86.0,openweather_backfill
2022,30,KOTA YOGYAKARTA,21.36,27.12,26.7,69.0,0.0,1010.0,5.2,153.0,85.0,openweather_backfill
2022,31,KAB BANTUL,22.57,28.55,28.54,67.0,0.11,1009.0,5.19,163.0,91.0,openweather_backfill
2022,31,KAB GUNUNG KIDUL,22.62,27.91,27.88,70.0,0.0,1009.0,5.67,144.0,92.0,openweather_backfill
2022,31,KAB KULON PROGO,22.69,29.98,29.98,60.0,0.0,1009.0,4.07,185.0,63.0,openweather_backfill
2022,31,KAB SLEMAN,21.25,30.74,30.09,55.0,0.0,1008.0,3.66,194.0,84.0,openweather_backfill
2022,31,KOTA YOGYAKARTA,22.2,29.97,29.6,60.0,0.0,1009.0,4.36,180.0,88.0,openweather_backfill
2022,32,KAB BANTUL,23.53,26.98,26.73,73.0,0.18,1011.0,5.22,154.0,90.0,openweather_backfill
2022,32,KAB GUNUNG KIDUL,23.76,26.8,26.69,73.0,0.14,1011.0,5.67,152.0,89.0,openweather_backfill
2022,32,KAB KULON PROGO,22.33,27.56,26.91,74.0,0.0,1011.0,4.05,156.0,89.0,openweather_backfill
2022,32,KAB SLEMAN,21.3,26.85,26.24,73.0,0.0,1011.0,3.76,178.0,89.0,openweather_backfill
2022,32,KOTA YOGYAKARTA,22.51,27.11,26.56,74.0,0.15,1011.0,4.33,162.0,91.0,openweather_backfill
2022,33,KAB BANTUL,23.82,29.25,28.76,72.0,14.37,1010.0,4.03,168.0,78.0,openweather_backfill
2022,33,KAB GUNUNG KIDUL,23.95,28.84,28.22,74.0,23.19,1010.0,4.5,166.0,79.0,openweather_backfill
2022,33,KAB KULON PROGO,23.53,29.99,29.72,68.0,6.92,1010.0,3.28,187.0,79.0,openweather_backfill
2022,33,KAB SLEMAN,22.25,29.8,29.8,64.0,23.65,1010.0,2.38,202.0,79.0,openweather_backfill
2022,33,KOTA YOGYAKARTA,23.16,29.81,29.66,67.0,26.41,1010.0,3.03,183.0,78.0,openweather_backfill
2022,34,KAB BANTUL,23.78,27.85,27.13,71.0,0.0,1010.0,5.95,145.0,97.0,openweather_backfill
2022,34,KAB GUNUNG KIDUL,24.04,27.69,26.85,72.0,0.0,1010.0,6.61,141.0,98.0,openweather_backfill
2022,34,KAB KULON PROGO,23.66,28.98,28.25,68.0,0.0,1010.0,4.3,149.0,94.0,openweather_backfill
2022,34,KAB SLEMAN,21.75,27.83,27.24,68.0,0.0,1010.0,2.82,179.0,91.0,openweather_backfill
2022,34,KOTA YOGYAKARTA,22.87,27.94,27.49,69.0,0.0,1010.0,4.29,152.0,94.0,openweather_backfill
2022,35,KAB BANTUL,23.17,26.99,26.45,63.0,0.0,1010.0,5.54,151.0,99.0,openweather_backfill
2022,35,KAB GUNUNG KIDUL,23.44,26.7,26.3,64.0,0.0,1010.0,5.99,147.0,99.0,openweather_backfill
2022,35,KAB KULON PROGO,22.64,28.19,26.64,64.0,0.0,1010.0,4.86,154.0,100.0,openweather_backfill
2022,35,KAB SLEMAN,21.13,27.34,26.08,62.0,0.0,1010.0,4.23,173.0,99.0,openweather_backfill
2022,35,KOTA YOGYAKARTA,22.26,27.41,26.44,62.0,0.0,1010.0,4.7,160.0,99.0,openweather_backfill
2022,36,KAB BANTUL,22.46,29.47,29.33,60.0,0.0,1011.0,5.19,165.0,66.0,openweather_backfill
2022,36,KAB GUNUNG KIDUL,22.61,28.71,28.67,63.0,0.0,1011.0,5.32,167.0,63.0,openweather_backfill
2022,36,KAB KULON PROGO,21.8,30.8,30.8,55.0,0.0,1010.0,5.0,173.0,48.0,openweather_backfill
2022,36,KAB SLEMAN,20.79,31.5,30.88,48.0,0.0,1010.0,4.98,176.0,78.0,openweather_backfill
2022,36,KOTA YOGYAKARTA,21.8,30.85,30.46,53.0,0.0,1010.0,5.13,169.0,73.0,openweather_backfill
2022,37,KAB BANTUL,23.78,27.12,26.81,81.0,5.76,1011.0,5.77,141.0,93.0,openweather_backfill
2022,37,KAB GUNUNG KIDUL,23.81,26.89,26.74,81.0,8.53,1011.0,6.42,139.0,92.0,openweather_backfill
2022,37,KAB KULON PROGO,23.9,27.34,26.68,85.0,0.0,1011.0,4.06,137.0,96.0,openweather_backfill
2022,37,KAB SLEMAN,22.67,27.34,26.24,81.0,0.0,1011.0,3.14,166.0,92.0,openweather_backfill
2022,37,KOTA YOGYAKARTA,23.37,27.47,26.7,80.0,2.62,1011.0,4.37,147.0,93.0,openweather_backfill
2022,38,KAB BANTUL,24.31,28.83,28.83,64.0,0.0,1011.0,4.91,164.0,90.0,openweather_backfill
2022,38,KAB GUNUNG KIDUL,24.48,28.34,28.34,66.0,0.0,1011.0,5.23,159.0,89.0,openweather_backfill
2022,38,KAB KULON PROGO,24.08,29.43,29.43,66.0,0.0,1011.0,4.47,163.0,96.0,openweather_backfill
2022,38,KAB SLEMAN,22.43,29.67,29.67,58.0,0.0,1011.0,4.26,195.0,90.0,openweather_backfill
2022,38,KOTA YOGYAKARTA,23.57,29.6,29.6,60.0,0.0,1011.0,4.48,181.0,90.0,openweather_backfill
2022,39,KAB BANTUL,24.31,28.52,28.24,71.0,0.0,1011.0,6.05,149.0,64.0,openweather_backfill
2022,39,KAB GUNUNG KIDUL,24.42,28.3,28.1,72.0,0.0,1011.0,6.67,147.0,62.0,openweather_backfill
2022,39,KAB KULON PROGO,24.43,29.0,28.72,72.0,0.0,1011.0,4.64,152.0,58.0,openweather_backfill
2022,39,KAB SLEMAN,22.72,28.86,27.97,69.0,0.0,1011.0,4.17,178.0,71.0,openweather_backfill
2022,39,KOTA YOGYAKARTA,23.68,28.93,28.26,70.0,0.0,1010.0,4.82,163.0,68.0,openweather_backfill
2022,40,KAB BANTUL,24.53,28.11,28.11,76.0,3.91,1009.0,4.64,174.0,72.0,openweather_backfill
2022,40,KAB GUNUNG KIDUL,24.67,27.85,27.85,77.0,3.14,1009.0,4.92,171.0,74.0,openweather_backfill
2022,40,KAB KULON PROGO,24.0,28.6,28.19,79.0,6.14,1009.0,3.64,176.0,67.0,openweather_backfill
2022,40,KAB SLEMAN,22.92,28.38,28.16,74.0,6.48,1009.0,3.42,197.0,59.0,openweather_backfill
2022,40,KOTA YOGYAKARTA,23.87,28.4,28.38,75.0,5.89,1008.0,4.11,185.0,66.0,openweather_backfill
2022,41,KAB BANTUL,24.16,28.66,28.59,71.0,12.4,1011.0,4.18,165.0,100.0,openweather_backfill
2022,41,KAB GUNUNG KIDUL,24.17,28.19,28.12,73.0,12.79,1011.0,4.35,162.0,100.0,openweather_backfill
2022,41,KAB KULON PROGO,24.06,29.73,29.73,70.0,16.35,1011.0,3.83,166.0,100.0,openweather_backfill
2022,41,KAB SLEMAN,22.89,29.41,29.41,64.0,7.81,1011.0,3.45,178.0,100.0,openweather_backfill
2022,41,KOTA YOGYAKARTA,23.76,29.31,29.3,67.0,10.48,1011.0,3.82,171.0,100.0,openweather_backfill
2022,42,KAB BANTUL,24.4,28.1,27.88,75.0,0.25,1011.0,4.72,162.0,100.0,openweather_backfill
2022,42,KAB GUNUNG KIDUL,24.54,27.84,27.72,76.0,0.12,1011.0,5.04,153.0,100.0,openweather_backfill
2022,42,KAB KULON PROGO,23.41,28.59,28.24,74.0,0.0,1011.0,3.93,167.0,100.0,openweather_backfill
2022,42,KAB SLEMAN,22.64,28.2,27.7,73.0,0.0,1011.0,3.81,184.0,100.0,openweather_backfill
2022,42,KOTA YOGYAKARTA,23.68,28.24,27.95,74.0,0.0,1011.0,4.26,173.0,100.0,openweather_backfill
2022,43,KAB BANTUL,25.23,30.25,30.25,64.0,8.9,1010.0,4.17,224.0,100.0,openweather_backfill
2022,43,KAB GUNUNG KIDUL,25.34,29.73,29.73,66.0,9.94,1010.0,4.08,236.0,100.0,openweather_backfill
2022,43,KAB KULON PROGO,25.04,30.52,30.52,65.0,21.28,1010.0,4.16,230.0,100.0,openweather_backfill
2022,43,KAB SLEMAN,23.9,30.97,30.97,59.0,21.9,1010.0,4.52,218.0,100.0,openweather_backfill
2022,43,KOTA YOGYAKARTA,24.71,31.05,31.05,60.0,12.06,1009.0,4.6,221.0,100.0,openweather_backfill
2022,44,KAB BANTUL,23.81,27.41,27.37,64.0,0.0,1010.0,4.2,189.0,99.0,openweather_backfill
2022,44,KAB GUNUNG KIDUL,24.06,27.29,27.23,64.0,0.1,1010.0,4.32,184.0,98.0,openweather_backfill
2022,44,KAB KULON PROGO,23.52,27.45,27.41,66.0,0.0,1010.0,3.45,186.0,94.0,openweather_backfill
2022,44,KAB SLEMAN,21.71,27.12,27.12,65.0,0.0,1010.0,4.05,206.0,96.0,openweather_backfill
2022,44,KOTA YOGYAKARTA,22.87,27.41,27.41,64.0,0.0,1010.0,4.12,198.0,99.0,openweather_backfill
2022,45,KAB BANTUL,24.57,27.98,27.77,78.0,16.77,1012.0,4.04,169.0,96.0,openweather_backfill
2022,45,KAB GUNUNG KIDUL,24.61,27.86,27.67,78.0,15.7,1012.0,4.35,165.0,96.0,openweather_backfill
2022,45,KAB KULON PROGO,24.19,28.01,27.63,81.0,22.38,1012.0,2.88,180.0,97.0,openweather_backfill
2022,45,KAB SLEMAN,23.36,27.7,27.33,79.0,22.95,1012.0,3.05,196.0,97.0,openweather_backfill
2022,45,KOTA YOGYAKARTA,24.14,28.01,27.73,78.0,18.09,1012.0,3.46,182.0,97.0,openweather_backfill
2022,46,KAB BANTUL,24.31,28.63,28.62,75.0,12.31,1008.0,4.09,158.0,100.0,openweather_backfill
2022,46,KAB GUNUNG KIDUL,24.39,28.39,28.17,77.0,11.07,1008.0,4.48,152.0,100.0,openweather_backfill
2022,46,KAB KULON PROGO,24.39,29.31,29.31,72.0,12.34,1008.0,3.19,168.0,100.0,openweather_backfill
2022,46,KAB SLEMAN,23.11,29.26,29.26,69.0,5.98,1008.0,2.49,181.0,100.0,openweather_backfill
2022,46,KOTA YOGYAKARTA,23.84,29.3,29.3,71.0,7.65,1008.0,3.3,169.0,100.0,openweather_backfill
2022,47,KAB BANTUL,24.0,30.44,29.43,69.0,19.0,1007.0,6.08,260.0,39.0,openweather_backfill
2022,47,KAB GUNUNG KIDUL,24.15,30.0,29.04,71.0,19.58,1007.0,6.64,263.0,42.0,openweather_backfill
2022,47,KAB KULON PROGO,23.68,30.75,29.46,71.0,2.85,1007.0,4.92,246.0,44.0,openweather_backfill
2022,47,KAB SLEMAN,22.4,30.94,29.98,63.0,11.0,1007.0,4.43,222.0,31.0,openweather_backfill
2022,47,KOTA YOGYAKARTA,23.37,31.03,30.0,65.0,18.61,1007.0,5.2,233.0,33.0,openweather_backfill
2022,48,KAB BANTUL,23.29,27.51,26.63,78.0,7.32,1009.0,3.39,178.0,100.0,openweather_backfill
2022,48,KAB GUNUNG KIDUL,23.34,27.23,26.32,79.0,7.26,1009.0,3.64,175.0,100.0,openweather_backfill
2022,48,KAB KULON PROGO,22.75,27.27,27.21,77.0,17.0,1009.0,2.32,178.0,100.0,openweather_backfill
2022,48,KAB SLEMAN,22.02,27.62,27.05,75.0,6.34,1009.0,3.18,200.0,100.0,openweather_backfill
2022,48,KOTA YOGYAKARTA,22.8,27.76,27.06,76.0,7.89,1009.0,3.28,196.0,100.0,openweather_backfill
2022,49,KAB BANTUL,24.19,28.07,27.62,74.0,6.47,1008.0,2.98,194.0,100.0,openweather_backfill
2022,49,KAB GUNUNG KIDUL,24.37,28.05,27.55,74.0,5.7,1008.0,3.05,186.0,100.0,openweather_backfill
2022,49,KAB KULON PROGO,24.07,28.08,28.08,76.0,5.81,1009.0,2.21,189.0,100.0,openweather_backfill
2022,49,KAB SLEMAN,22.48,27.28,26.77,77.0,5.66,1009.0,2.97,215.0,100.0,openweather_backfill
2022,49,KOTA YOGYAKARTA,23.46,27.8,27.45,75.0,8.53,1009.0,3.02,206.0,100.0,openweather_backfill
2022,50,KAB BANTUL,24.21,29.29,29.29,68.0,1.54,1009.0,3.61,171.0,74.0,openweather_backfill
2022,50,KAB GUNUNG KIDUL,24.4,29.06,29.06,68.0,1.15,1009.0,3.76,169.0,73.0,openweather_backfill
2022,50,KAB KULON PROGO,23.61,29.92,29.92,66.0,7.6,1009.0,3.04,183.0,74.0,openweather_backfill
2022,50,KAB SLEMAN,22.43,29.25,29.2,65.0,2.83,1009.0,3.37,195.0,79.0,openweather_backfill
2022,50,KOTA YOGYAKARTA,23.46,29.62,29.47,66.0,2.72,1009.0,3.51,183.0,76.0,openweather_backfill
2022,51,KAB BANTUL,24.0,30.31,30.16,62.0,0.1,1006.0,3.95,194.0,6.0,openweather_backfill
2022,51,KAB GUNUNG KIDUL,24.11,29.79,29.59,64.0,0.1,1006.0,3.83,194.0,6.0,openweather_backfill
2022,51,KAB KULON PROGO,24.11,31.27,31.21,58.0,0.0,1006.0,3.7,196.0,6.0,openweather_backfill
2022,51,KAB SLEMAN,22.51,31.31,31.31,53.0,0.0,1006.0,4.33,199.0,6.0,openweather_backfill
2022,51,KOTA YOGYAKARTA,23.43,31.13,31.08,57.0,0.0,1006.0,4.29,196.0,6.0,openweather_backfill
2022,52,KAB BANTUL,24.34,25.82,25.33,87.0,15.33,1009.0,4.62,278.0,100.0,openweather_backfill
2022,52,KAB GUNUNG KIDUL,24.45,26.0,25.44,87.0,15.8,1009.0,5.6,276.0,100.0,openweather_backfill
2022,52,KAB KULON PROGO,23.88,26.33,25.76,84.0,10.84,1009.0,2.39,268.0,100.0,openweather_backfill
2022,52,KAB SLEMAN,22.28,24.48,24.15,88.0,12.71,1009.0,1.66,300.0,100.0,openweather_backfill
2022,52,KOTA YOGYAKARTA,23.5,25.26,24.79,88.0,15.38,1009.0,2.71,290.0,100.0,openweather_backfill
2023,1,KAB BANTUL,23.83,29.15,28.82,70.0,4.77,1009.0,5.9,263.0,99.0,openweather_backfill
2023,1,KAB GUNUNG KIDUL,23.96,28.81,28.37,72.0,4.06,1010.0,6.62,265.0,99.0,openweather_backfill
2023,1,KAB KULON PROGO,24.02,30.45,30.22,62.0,12.93,1009.0,4.05,251.0,100.0,openweather_backfill
2023,1,KAB SLEMAN,22.3,29.45,29.45,64.0,6.24,1009.0,3.51,240.0,97.0,openweather_backfill
2023,1,KOTA YOGYAKARTA,23.19,29.54,29.48,66.0,6.31,1009.0,4.4,254.0,98.0,openweather_backfill
2023,2,KAB BANTUL,23.81,29.37,29.37,66.0,3.35,1010.0,4.61,225.0,34.0,openweather_backfill
2023,2,KAB GUNUNG KIDUL,24.03,28.87,28.8,68.0,2.13,1010.0,4.54,226.0,32.0,openweather_backfill
2023,2,KAB KULON PROGO,23.24,29.92,29.89,65.0,0.48,1010.0,4.04,219.0,34.0,openweather_backfill
2023,2,KAB SLEMAN,22.02,30.61,30.61,57.0,8.89,1010.0,4.97,223.0,45.0,openweather_backfill
2023,2,KOTA YOGYAKARTA,23.0,30.29,30.29,61.0,5.42,1010.0,4.92,223.0,38.0,openweather_backfill
2023,3,KAB BANTUL,24.54,30.05,29.96,64.0,5.27,1008.0,4.62,233.0,76.0,openweather_backfill
2023,3,KAB GUNUNG KIDUL,24.8,29.61,29.45,66.0,3.77,1008.0,4.52,236.0,73.0,openweather_backfill
2023,3,KAB KULON PROGO,23.66,30.76,30.63,62.0,7.13,1008.0,4.55,229.0,78.0,openweather_backfill
2023,3,KAB SLEMAN,22.62,31.0,31.0,56.0,19.42,1007.0,4.87,222.0,84.0,openweather_backfill
2023,3,KOTA YOGYAKARTA,23.67,30.79,30.79,59.0,11.75,1007.0,4.97,227.0,80.0,openweather_backfill
2023,4,KAB BANTUL,24.23,29.67,29.67,66.0,4.68,1007.0,4.95,228.0,33.0,openweather_backfill
2023,4,KAB GUNUNG KIDUL,24.33,29.24,29.24,68.0,4.66,1008.0,4.92,228.0,30.0,openweather_backfill
2023,4,KAB KULON PROGO,23.95,29.87,29.87,68.0,1.88,1008.0,4.2,227.0,46.0,openweather_backfill
2023,4,KAB SLEMAN,22.85,30.27,30.27,62.0,3.28,1007.0,4.99,224.0,41.0,openweather_backfill
2023,4,KOTA YOGYAKARTA,23.68,30.31,30.31,63.0,5.29,1007.0,5.13,226.0,37.0,openweather_backfill
2023,5,KAB BANTUL,24.0,28.58,27.11,81.0,14.32,1007.0,2.62,189.0,100.0,openweather_backfill
2023,5,KAB GUNUNG KIDUL,24.08,27.37,26.89,82.0,10.98,1007.0,2.92,217.0,100.0,openweather_backfill
2023,5,KAB KULON PROGO,23.89,29.26,27.34,82.0,13.73,1007.0,2.14,218.0,100.0,openweather_backfill
2023,5,KAB SLEMAN,22.75,28.07,26.57,80.0,21.76,1007.0,1.34,207.0,100.0,openweather_backfill
2023,5,KOTA YOGYAKARTA,23.48,28.67,27.16,80.0,19.45,1007.0,1.94,192.0,100.0,openweather_backfill
2023,6,KAB BANTUL,24.24,30.34,30.01,64.0,12.23,1007.0,5.88,251.0,99.0,openweather_backfill
2023,6,KAB GUNUNG KIDUL,24.34,29.93,29.64,66.0,10.39,1007.0,6.23,249.0,99.0,openweather_backfill
2023,6,KAB KULON PROGO,23.73,30.63,30.53,59.0,8.58,1007.0,4.72,234.0,95.0,openweather_backfill
2023,6,KAB SLEMAN,22.58,31.02,30.24,54.0,2.99,1007.0,5.75,236.0,100.0,openweather_backfill
2023,6,KOTA YOGYAKARTA,23.63,30.96,30.43,58.0,7.69,1007.0,6.15,242.0,100.0,openweather_backfill
2023,7,KAB BANTUL,23.18,30.86,30.2,66.0,34.6,1009.0,6.15,295.0,19.0,openweather_backfill
2023,7,KAB GUNUNG KIDUL,23.16,30.46,29.79,68.0,32.24,1009.0,6.86,299.0,18.0,openweather_backfill
2023,7,KAB KULON PROGO,22.94,30.57,29.51,73.0,20.37,1009.0,4.08,237.0,29.0,openweather_backfill
2023,7,KAB SLEMAN,21.87,30.88,30.25,63.0,16.32,1009.0,3.72,267.0,31.0,openweather_backfill
2023,7,KOTA YOGYAKARTA,22.68,31.29,30.71,63.0,32.74,1009.0,4.85,280.0,21.0,openweather_backfill
2023,8,KAB BANTUL,23.99,29.94,29.94,64.0,0.0,1009.0,5.84,253.0,59.0,openweather_backfill
2023,8,KAB GUNUNG KIDUL,24.2,29.44,29.44,66.0,0.0,1009.0,5.97,256.0,58.0,openweather_backfill
2023,8,KAB KULON PROGO,23.35,30.49,30.44,63.0,0.12,1010.0,4.9,241.0,68.0,openweather_backfill
2023,8,KAB SLEMAN,22.16,30.92,30.92,55.0,0.46,1009.0,5.26,240.0,64.0,openweather_backfill
2023,8,KOTA YOGYAKARTA,23.2,30.77,30.71,59.0,0.0,1009.0,5.71,246.0,61.0,openweather_backfill
2023,9,KAB BANTUL,24.0,29.11,26.93,80.0,40.75,1010.0,4.64,280.0,100.0,openweather_backfill
2023,9,KAB GUNUNG KIDUL,24.16,28.82,26.8,80.0,35.73,1010.0,5.47,280.0,100.0,openweather_backfill
2023,9,KAB KULON PROGO,23.74,30.25,27.12,82.0,18.39,1010.0,2.99,273.0,100.0,openweather_backfill
2023,9,KAB SLEMAN,22.39,28.97,26.82,79.0,21.57,1011.0,2.05,226.0,100.0,openweather_backfill
2023,9,KOTA YOGYAKARTA,23.32,28.2,27.0,80.0,40.11,1010.0,2.91,262.0,100.0,openweather_backfill
2023,10,KAB BANTUL,24.48,29.87,29.87,65.0,6.63,1012.0,5.69,247.0,65.0,openweather_backfill
2023,10,KAB GUNUNG KIDUL,24.68,29.44,29.44,67.0,5.51,1012.0,5.96,249.0,61.0,openweather_backfill
2023,10,KAB KULON PROGO,23.55,30.3,30.3,62.0,8.32,1012.0,4.56,231.0,72.0,openweather_backfill
2023,10,KAB SLEMAN,22.57,30.48,30.48,57.0,17.15,1012.0,5.15,224.0,83.0,openweather_backfill
2023,10,KOTA YOGYAKARTA,23.71,30.47,30.47,60.0,8.11,1012.0,5.48,236.0,74.0,openweather_backfill
2023,11,KAB BANTUL,23.74,30.82,30.73,58.0,0.12,1010.0,3.98,185.0,17.0,openweather_backfill
2023,11,KAB GUNUNG KIDUL,23.91,30.17,30.12,61.0,0.0,1010.0,3.97,186.0,17.0,openweather_backfill
2023,11,KAB KULON PROGO,23.51,32.16,32.16,50.0,0.0,1010.0,4.11,190.0,15.0,openweather_backfill
2023,11,KAB SLEMAN,22.06,32.35,32.01,45.0,0.0,1010.0,4.66,188.0,16.0,openweather_backfill
2023,11,KOTA YOGYAKARTA,23.06,31.94,31.71,51.0,0.0,1010.0,4.48,187.0,17.0,openweather_backfill
2023,12,KAB BANTUL,24.33,31.07,31.07,64.0,4.55,1008.0,4.46,148.0,25.0,openweather_backfill
2023,12,KAB GUNUNG KIDUL,24.43,30.69,30.69,66.0,3.31,1008.0,5.18,147.0,24.0,openweather_backfill
2023,12,KAB KULON PROGO,24.38,31.37,31.1,66.0,9.97,1008.0,2.82,186.0,47.0,openweather_backfill
2023,12,KAB SLEMAN,22.9,31.53,31.44,59.0,19.43,1008.0,2.57,96.0,27.0,openweather_backfill
2023,12,KOTA YOGYAKARTA,23.77,31.58,31.58,61.0,9.7,1008.0,3.02,131.0,27.0,openweather_backfill
2023,13,KAB BANTUL,24.29,30.6,30.6,62.0,10.39,1008.0,3.67,235.0,100.0,openweather_backfill
2023,13,KAB GUNUNG KIDUL,24.39,30.19,30.19,64.0,8.66,1008.0,3.82,237.0,100.0,openweather_backfill
2023,13,KAB KULON PROGO,24.05,31.0,31.0,61.0,8.42,1008.0,3.58,225.0,87.0,openweather_backfill
2023,13,KAB SLEMAN,22.98,30.73,30.73,58.0,10.57,1008.0,2.61,218.0,100.0,openweather_backfill
2023,13,KOTA YOGYAKARTA,23.77,31.06,31.06,59.0,17.63,1008.0,3.25,227.0,100.0,openweather_backfill
2023,14,KAB BANTUL,23.76,28.9,28.45,75.0,7.56,1008.0,3.69,249.0,97.0,openweather_backfill
2023,14,KAB GUNUNG KIDUL,23.83,28.68,28.14,76.0,7.22,1008.0,3.97,252.0,98.0,openweather_backfill
2023,14,KAB KULON PROGO,23.32,29.28,29.28,73.0,11.29,1008.0,3.46,222.0,90.0,openweather_backfill
2023,14,KAB SLEMAN,22.31,29.01,28.63,72.0,9.28,1008.0,3.02,219.0,97.0,openweather_backfill
2023,14,KOTA YOGYAKARTA,23.19,29.04,28.84,73.0,8.85,1008.0,3.41,237.0,96.0,openweather_backfill
2023,15,KAB BANTUL,23.36,30.14,30.14,62.0,1.09,1011.0,4.51,233.0,35.0,openweather_backfill
2023,15,KAB GUNUNG KIDUL,23.53,29.59,29.59,65.0,0.95,1011.0,4.4,234.0,27.0,openweather_backfill
2023,15,KAB KULON PROGO,23.3,30.68,30.68,59.0,0.0,1011.0,4.5,225.0,60.0,openweather_backfill
2023,15,KAB SLEMAN,21.72,31.33,31.23,50.0,5.03,1010.0,5.21,220.0,66.0,openweather_backfill
2023,15,KOTA YOGYAKARTA,22.66,31.05,31.01,55.0,2.31,1010.0,5.06,224.0,53.0,openweather_backfill
2023,16,KAB BANTUL,23.89,30.62,30.62,61.0,0.0,1008.0,4.16,214.0,90.0,openweather_backfill
2023,16,KAB GUNUNG KIDUL,24.09,29.97,29.97,64.0,0.0,1008.0,4.09,215.0,92.0,openweather_backfill
2023,16,KAB KULON PROGO,24.0,31.5,31.5,58.0,0.0,1008.0,4.13,214.0,60.0,openweather_backfill
2023,16,KAB SLEMAN,22.18,31.97,31.97,52.0,0.11,1008.0,4.58,208.0,83.0,openweather_backfill
2023,16,KOTA YOGYAKARTA,23.11,31.71,31.71,55.0,0.0,1008.0,4.61,211.0,85.0,openweather_backfill
2023,17,KAB BANTUL,24.63,30.96,30.45,68.0,3.89,1008.0,3.53,148.0,42.0,openweather_backfill
2023,17,KAB GUNUNG KIDUL,24.82,30.54,29.96,70.0,2.07,1008.0,4.09,135.0,43.0,openweather_backfill
2023,17,KAB KULON PROGO,24.35,31.8,31.7,63.0,9.1,1008.0,3.52,188.0,54.0,openweather_backfill
2023,17,KAB SLEMAN,23.0,31.35,31.15,60.0,10.88,1008.0,2.6,103.0,37.0,openweather_backfill
2023,17,KOTA YOGYAKARTA,23.93,31.48,31.2,63.0,4.14,1008.0,2.38,131.0,40.0,openweather_backfill
2023,18,KAB BANTUL,24.07,30.5,30.5,66.0,0.0,1007.0,3.48,191.0,37.0,openweather_backfill
2023,18,KAB GUNUNG KIDUL,24.16,30.02,30.0,69.0,0.0,1007.0,3.67,193.0,36.0,openweather_backfill
2023,18,KAB KULON PROGO,23.93,31.21,31.21,63.0,0.42,1007.0,3.44,210.0,75.0,openweather_backfill
2023,18,KAB SLEMAN,22.71,31.19,31.19,59.0,0.11,1007.0,2.17,167.0,48.0,openweather_backfill
2023,18,KOTA YOGYAKARTA,23.54,31.16,31.16,62.0,0.0,1007.0,2.83,182.0,40.0,openweather_backfill
2023,19,KAB BANTUL,24.97,30.04,30.04,69.0,4.57,1007.0,4.89,157.0,96.0,openweather_backfill
2023,19,KAB GUNUNG KIDUL,25.17,29.74,29.58,71.0,2.99,1007.0,5.57,154.0,97.0,openweather_backfill
2023,19,KAB KULON PROGO,24.55,30.84,30.84,68.0,4.71,1007.0,3.71,166.0,95.0,openweather_backfill
2023,19,KAB SLEMAN,23.12,30.66,30.66,64.0,6.99,1007.0,3.5,198.0,86.0,openweather_backfill
2023,19,KOTA YOGYAKARTA,24.14,30.72,30.72,66.0,5.07,1007.0,3.97,177.0,92.0,openweather_backfill
2023,20,KAB BANTUL,22.76,28.34,28.23,69.0,0.0,1013.0,6.33,141.0,43.0,openweather_backfill
2023,20,KAB GUNUNG KIDUL,22.93,28.18,28.15,70.0,0.0,1013.0,6.81,139.0,39.0,openweather_backfill
2023,20,KAB KULON PROGO,22.39,28.48,28.01,71.0,0.0,1013.0,4.7,141.0,64.0,openweather_backfill
2023,20,KAB SLEMAN,21.01,28.13,27.71,67.0,0.0,1013.0,4.59,157.0,61.0,openweather_backfill
2023,20,KOTA YOGYAKARTA,22.03,28.5,28.2,68.0,0.0,1013.0,5.4,147.0,51.0,openweather_backfill
2023,21,KAB BANTUL,22.72,30.15,30.15,59.0,0.1,1012.0,6.4,143.0,7.0,openweather_backfill
2023,21,KAB GUNUNG KIDUL,22.72,29.77,29.77,61.0,0.0,1012.0,7.25,141.0,6.0,openweather_backfill
2023,21,KAB KULON PROGO,22.83,31.41,31.41,51.0,0.0,1012.0,4.92,160.0,7.0,openweather_backfill
2023,21,KAB SLEMAN,21.26,30.83,30.55,50.0,0.0,1012.0,3.75,167.0,10.0,openweather_backfill
2023,21,KOTA YOGYAKARTA,22.26,30.71,30.59,54.0,0.0,1012.0,4.8,154.0,9.0,openweather_backfill
2023,22,KAB BANTUL,23.28,29.29,29.13,58.0,0.0,1010.0,6.13,148.0,87.0,openweather_backfill
2023,22,KAB GUNUNG KIDUL,23.52,28.79,28.71,60.0,0.0,1010.0,6.73,147.0,89.0,openweather_backfill
2023,22,KAB KULON PROGO,22.98,30.53,30.29,53.0,0.0,1010.0,5.02,157.0,90.0,openweather_backfill
2023,22,KAB SLEMAN,21.2,30.3,29.72,52.0,0.0,1010.0,4.28,178.0,75.0,openweather_backfill
2023,22,KOTA YOGYAKARTA,22.4,30.06,29.67,54.0,0.0,1010.0,5.1,162.0,82.0,openweather_backfill
2023,23,KAB BANTUL,24.59,28.9,28.9,68.0,0.11,1011.0,5.73,150.0,92.0,openweather_backfill
2023,23,KAB GUNUNG KIDUL,24.71,28.69,28.63,69.0,0.0,1011.0,6.22,147.0,92.0,openweather_backfill
2023,23,KAB KULON PROGO,24.33,30.32,29.24,66.0,0.0,1011.0,4.55,155.0,97.0,openweather_backfill
2023,23,KAB SLEMAN,22.54,28.83,28.83,65.0,0.0,1011.0,4.06,170.0,87.0,openweather_backfill
2023,23,KOTA YOGYAKARTA,23.69,29.13,29.13,66.0,0.0,1011.0,4.74,160.0,91.0,openweather_backfill
2023,24,KAB BANTUL,23.22,28.89,28.65,71.0,0.0,1010.0,5.6,154.0,73.0,openweather_backfill
2023,24,KAB GUNUNG KIDUL,23.38,28.39,28.17,73.0,0.0,1010.0,5.97,151.0,69.0,openweather_backfill
2023,24,KAB KULON PROGO,22.71,30.0,30.0,64.0,0.0,1010.0,4.75,164.0,93.0,openweather_backfill
2023,24,KAB SLEMAN,21.6,30.15,29.86,60.0,0.0,1010.0,4.33,175.0,86.0,openweather_backfill
2023,24,KOTA YOGYAKARTA,22.54,29.79,29.48,65.0,0.0,1010.0,4.9,164.0,79.0,openweather_backfill
2023,25,KAB BANTUL,23.17,30.08,30.08,65.0,0.1,1010.0,3.78,194.0,12.0,openweather_backfill
2023,25,KAB GUNUNG KIDUL,23.16,29.49,29.49,67.0,0.0,1010.0,3.92,192.0,13.0,openweather_backfill
2023,25,KAB KULON PROGO,23.27,30.04,30.04,66.0,0.0,1010.0,6.1,102.0,17.0,openweather_backfill
2023,25,KAB SLEMAN,22.22,31.32,31.32,56.0,0.0,1010.0,2.78,40.0,10.0,openweather_backfill
2023,25,KOTA YOGYAKARTA,22.86,31.02,31.02,59.0,0.0,1010.0,3.14,199.0,9.0,openweather_backfill
2023,26,KAB BANTUL,23.36,29.02,29.02,64.0,0.0,1009.0,4.64,182.0,35.0,openweather_backfill
2023,26,KAB GUNUNG KIDUL,23.53,28.44,28.43,67.0,0.0,1009.0,4.67,178.0,32.0,openweather_backfill
2023,26,KAB KULON PROGO,23.04,30.62,30.62,57.0,0.0,1009.0,4.08,193.0,19.0,openweather_backfill
2023,26,KAB SLEMAN,21.7,30.14,30.12,55.0,0.0,1009.0,4.47,198.0,40.0,openweather_backfill
2023,26,KOTA YOGYAKARTA,22.62,29.92,29.92,59.0,0.0,1009.0,4.7,191.0,41.0,openweather_backfill
2023,27,KAB BANTUL,23.84,26.57,26.27,78.0,0.27,1013.0,5.62,159.0,94.0,openweather_backfill
2023,27,KAB GUNUNG KIDUL,24.08,26.53,26.29,78.0,0.17,1013.0,6.19,157.0,95.0,openweather_backfill
2023,27,KAB KULON PROGO,23.42,27.0,26.27,80.0,0.0,1013.0,4.11,145.0,95.0,openweather_backfill
2023,27,KAB SLEMAN,21.76,25.79,25.44,80.0,0.11,1013.0,3.59,181.0,94.0,openweather_backfill
2023,27,KOTA YOGYAKARTA,22.92,26.35,26.01,79.0,0.3,1013.0,4.45,169.0,94.0,openweather_backfill
2023,28,KAB BANTUL,23.72,28.52,28.27,75.0,0.0,1010.0,6.31,139.0,54.0,openweather_backfill
2023,28,KAB GUNUNG KIDUL,23.86,28.15,27.9,77.0,0.0,1010.0,7.21,137.0,53.0,openweather_backfill
2023,28,KAB KULON PROGO,23.39,29.19,28.69,76.0,0.0,1010.0,4.28,147.0,69.0,openweather_backfill
2023,28,KAB SLEMAN,22.21,29.53,28.91,69.0,0.0,1010.0,2.78,159.0,52.0,openweather_backfill
2023,28,KOTA YOGYAKARTA,23.08,29.34,28.84,72.0,0.0,1010.0,4.38,147.0,56.0,openweather_backfill
2023,29,KAB BANTUL,22.24,28.03,28.03,63.0,0.0,1012.0,6.14,143.0,66.0,openweather_backfill
2023,29,KAB GUNUNG KIDUL,22.41,27.65,27.65,64.0,0.0,1012.0,6.59,140.0,65.0,openweather_backfill
2023,29,KAB KULON PROGO,21.96,28.61,28.61,62.0,0.0,1012.0,4.82,149.0,65.0,openweather_backfill
2023,29,KAB SLEMAN,20.43,28.41,28.41,57.0,0.0,1012.0,4.69,167.0,67.0,openweather_backfill
2023,29,KOTA YOGYAKARTA,21.52,28.54,28.54,59.0,0.0,1012.0,5.33,154.0,68.0,openweather_backfill
2023,30,KAB BANTUL,21.43,28.9,28.71,59.0,0.0,1012.0,7.05,147.0,19.0,openweather_backfill
2023,30,KAB GUNUNG KIDUL,21.55,28.14,28.04,62.0,0.0,1012.0,7.84,145.0,18.0,openweather_backfill
2023,30,KAB KULON PROGO,21.2,30.14,30.14,55.0,0.0,1012.0,5.5,161.0,15.0,openweather_backfill
2023,30,KAB SLEMAN,20.05,30.7,30.27,51.0,0.0,1012.0,4.46,181.0,23.0,openweather_backfill
2023,30,KOTA YOGYAKARTA,20.84,30.24,29.82,54.0,0.0,1012.0,5.6,162.0,21.0,openweather_backfill
2023,31,KAB BANTUL,21.41,27.96,27.59,56.0,0.0,1013.0,7.6,146.0,67.0,openweather_backfill
2023,31,KAB GUNUNG KIDUL,21.79,27.4,27.08,58.0,0.0,1013.0,7.97,144.0,64.0,openweather_backfill
2023,31,KAB KULON PROGO,20.14,28.99,28.31,52.0,0.0,1013.0,6.55,149.0,84.0,openweather_backfill
2023,31,KAB SLEMAN,18.61,29.21,28.64,48.0,0.0,1013.0,6.09,156.0,76.0,openweather_backfill
2023,31,KOTA YOGYAKARTA,20.11,28.88,28.43,51.0,0.0,1013.0,6.91,148.0,71.0,openweather_backfill
2023,32,KAB BANTUL,22.17,28.91,28.54,65.0,0.0,1013.0,6.47,156.0,17.0,openweather_backfill
2023,32,KAB GUNUNG KIDUL,22.28,28.23,27.75,69.0,0.0,1013.0,7.18,151.0,16.0,openweather_backfill
2023,32,KAB KULON PROGO,22.14,30.69,29.7,59.0,0.0,1013.0,5.14,168.0,46.0,openweather_backfill
2023,32,KAB SLEMAN,20.76,30.47,30.47,51.0,0.0,1013.0,4.08,190.0,21.0,openweather_backfill
2023,32,KOTA YOGYAKARTA,21.6,30.01,29.97,57.0,0.0,1013.0,5.01,172.0,18.0,openweather_backfill
2023,33,KAB BANTUL,20.51,28.62,28.16,58.0,0.0,1012.0,5.73,163.0,49.0,openweather_backfill
2023,33,KAB GUNUNG KIDUL,20.53,27.66,27.25,62.0,0.0,1012.0,6.05,153.0,49.0,openweather_backfill
2023,33,KAB KULON PROGO,19.72,30.05,29.86,49.0,0.0,1012.0,5.25,175.0,59.0,openweather_backfill
2023,33,KAB SLEMAN,19.05,31.43,30.66,41.0,0.0,1012.0,5.2,187.0,45.0,openweather_backfill
2023,33,KOTA YOGYAKARTA,19.94,30.44,29.82,48.0,0.0,1012.0,5.42,175.0,48.0,openweather_backfill
2023,34,KAB BANTUL,20.66,28.92,28.78,58.0,0.0,1012.0,6.58,158.0,24.0,openweather_backfill
2023,34,KAB GUNUNG KIDUL,20.78,27.98,27.9,62.0,0.0,1012.0,6.79,154.0,24.0,openweather_backfill
2023,34,KAB KULON PROGO,20.64,30.22,29.71,54.0,0.0,1012.0,5.97,165.0,50.0,openweather_backfill
2023,34,KAB SLEMAN,19.3,31.66,31.3,45.0,0.0,1012.0,5.86,177.0,18.0,openweather_backfill
2023,34,KOTA YOGYAKARTA,20.08,30.71,30.43,50.0,0.0,1012.0,6.27,168.0,21.0,openweather_backfill
2023,35,KAB BANTUL,21.45,28.25,28.25,57.0,0.0,1012.0,6.03,165.0,56.0,openweather_backfill
2023,35,KAB GUNUNG KIDUL,21.26,27.46,27.46,60.0,0.0,1012.0,6.48,160.0,54.0,openweather_backfill
2023,35,KAB KULON PROGO,21.63,28.97,27.6,60.0,0.0,1012.0,4.78,175.0,79.0,openweather_backfill
2023,35,KAB SLEMAN,20.19,30.62,30.62,46.0,0.0,1011.0,5.39,191.0,56.0,openweather_backfill
2023,35,KOTA YOGYAKARTA,21.05,29.77,29.77,51.0,0.0,1011.0,5.57,179.0,58.0,openweather_backfill
2023,36,KAB BANTUL,20.11,27.86,27.86,57.0,0.0,1011.0,7.45,154.0,21.0,openweather_backfill
2023,36,KAB GUNUNG KIDUL,20.32,26.86,26.86,61.0,0.0,1012.0,7.94,154.0,21.0,openweather_backfill
2023,36,KAB KULON PROGO,19.67,28.92,28.67,53.0,0.0,1012.0,6.13,167.0,30.0,openweather_backfill
2023,36,KAB SLEMAN,18.16,30.89,30.89,40.0,0.0,1011.0,5.9,176.0,20.0,openweather_backfill
2023,36,KOTA YOGYAKARTA,19.23,29.76,29.76,47.0,0.0,1011.0,6.6,164.0,21.0,openweather_backfill
2023,37,KAB BANTUL,20.18,28.46,28.43,51.0,0.0,1013.0,6.11,163.0,23.0,openweather_backfill
2023,37,KAB GUNUNG KIDUL,20.32,27.67,27.61,54.0,0.0,1013.0,6.13,159.0,22.0,openweather_backfill
2023,37,KAB KULON PROGO,19.28,29.65,29.64,47.0,0.0,1013.0,5.92,165.0,37.0,openweather_backfill
2023,37,KAB SLEMAN,18.43,31.04,31.04,39.0,0.0,1012.0,6.05,179.0,25.0,openweather_backfill
2023,37,KOTA YOGYAKARTA,19.5,30.02,30.02,44.0,0.0,1013.0,6.18,172.0,25.0,openweather_backfill
2023,38,KAB BANTUL,22.54,28.86,28.74,58.0,0.0,1011.0,7.63,158.0,86.0,openweather_backfill
2023,38,KAB GUNUNG KIDUL,22.6,28.2,28.13,61.0,0.0,1011.0,8.28,154.0,86.0,openweather_backfill
2023,38,KAB KULON PROGO,22.58,30.1,28.51,59.0,0.0,1012.0,6.05,157.0,96.0,openweather_backfill
2023,38,KAB SLEMAN,21.17,30.26,30.26,49.0,0.0,1011.0,5.14,170.0,77.0,openweather_backfill
2023,38,KOTA YOGYAKARTA,22.04,29.98,29.9,52.0,0.0,1011.0,6.4,162.0,82.0,openweather_backfill
2023,39,KAB BANTUL,21.22,29.74,29.74,56.0,0.0,1010.0,7.18,165.0,39.0,openweather_backfill
2023,39,KAB GUNUNG KIDUL,21.28,28.81,28.81,59.0,0.0,1011.0,7.37,161.0,37.0,openweather_backfill
2023,39,KAB KULON PROGO,21.08,31.54,30.47,53.0,0.0,1011.0,5.72,173.0,64.0,openweather_backfill
2023,39,KAB SLEMAN,20.0,33.02,33.02,38.0,0.0,1010.0,6.64,179.0,41.0,openweather_backfill
2023,39,KOTA YOGYAKARTA,20.75,31.7,31.67,46.0,0.0,1010.0,7.01,172.0,39.0,openweather_backfill
2023,40,KAB BANTUL,21.97,30.52,30.52,51.0,0.0,1012.0,7.19,164.0,18.0,openweather_backfill
2023,40,KAB GUNUNG KIDUL,22.02,29.4,29.4,56.0,0.0,1013.0,7.21,162.0,20.0,openweather_backfill
2023,40,KAB KULON PROGO,21.94,31.7,31.7,46.0,0.0,1012.0,6.47,166.0,27.0,openweather_backfill
2023,40,KAB SLEMAN,20.73,34.01,34.01,31.0,0.0,1012.0,6.99,173.0,11.0,openweather_backfill
2023,40,KOTA YOGYAKARTA,21.51,32.73,32.73,40.0,0.0,1012.0,7.25,169.0,14.0,openweather_backfill
2023,41,KAB BANTUL,23.13,31.83,31.71,54.0,0.0,1011.0,7.92,158.0,34.0,openweather_backfill
2023,41,KAB GUNUNG KIDUL,23.18,30.66,30.44,59.0,0.0,1011.0,8.65,153.0,31.0,openweather_backfill
2023,41,KAB KULON PROGO,23.33,32.24,31.88,53.0,0.0,1011.0,5.84,173.0,80.0,openweather_backfill
2023,41,KAB SLEMAN,21.94,35.66,35.66,34.0,0.0,1010.0,5.19,179.0,49.0,openweather_backfill
2023,41,KOTA YOGYAKARTA,22.68,34.28,34.28,42.0,0.0,1010.0,6.32,165.0,40.0,openweather_backfill
2023,42,KAB BANTUL,22.59,32.04,32.04,50.0,0.26,1010.0,7.1,169.0,67.0,openweather_backfill
2023,42,KAB GUNUNG KIDUL,22.75,30.72,30.72,55.0,0.0,1010.0,7.44,164.0,64.0,openweather_backfill
2023,42,KAB KULON PROGO,22.9,33.18,33.03,48.0,0.0,1010.0,5.68,182.0,69.0,openweather_backfill
2023,42,KAB SLEMAN,21.04,36.32,36.32,30.0,0.0,1010.0,5.46,190.0,70.0,openweather_backfill
2023,42,KOTA YOGYAKARTA,21.91,34.72,34.72,39.0,0.13,1010.0,6.42,182.0,69.0,openweather_backfill
2023,43,KAB BANTUL,21.93,31.41,31.41,54.0,0.0,1011.0,6.57,180.0,38.0,openweather_backfill
2023,43,KAB GUNUNG KIDUL,21.98,30.08,30.08,59.0,0.0,1012.0,6.57,176.0,37.0,openweather_backfill
2023,43,KAB KULON PROGO,22.39,32.74,32.74,50.0,0.0,1012.0,5.21,194.0,49.0,openweather_backfill
2023,43,KAB SLEMAN,21.0,35.69,35.69,35.0,0.0,1011.0,5.83,197.0,50.0,openweather_backfill
2023,43,KOTA YOGYAKARTA,21.53,34.08,34.08,43.0,0.0,1011.0,6.54,187.0,42.0,openweather_backfill
2023,44,KAB BANTUL,23.55,32.12,32.12,52.0,0.0,1009.0,7.19,173.0,46.0,openweather_backfill
2023,44,KAB GUNUNG KIDUL,23.65,30.89,30.89,57.0,0.0,1010.0,7.39,170.0,43.0,openweather_backfill
2023,44,KAB KULON PROGO,23.84,33.99,33.99,43.0,0.0,1009.0,5.86,184.0,24.0,openweather_backfill
2023,44,KAB SLEMAN,22.14,36.2,36.2,30.0,0.12,1009.0,6.21,186.0,64.0,openweather_backfill
2023,44,KOTA YOGYAKARTA,22.98,34.64,34.64,40.0,0.0,1009.0,6.64,183.0,54.0,openweather_backfill
2023,45,KAB BANTUL,24.7,30.88,30.12,67.0,0.0,1010.0,5.52,154.0,45.0,openweather_backfill
2023,45,KAB GUNUNG KIDUL,24.81,30.26,29.54,69.0,0.0,1010.0,6.58,153.0,46.0,openweather_backfill
2023,45,KAB KULON PROGO,24.62,31.69,30.91,63.0,0.19,1010.0,4.36,157.0,70.0,openweather_backfill
2023,45,KAB SLEMAN,23.34,32.03,31.68,57.0,0.23,1010.0,2.91,213.0,38.0,openweather_backfill
2023,45,KOTA YOGYAKARTA,24.15,31.81,31.26,60.0,0.42,1010.0,3.86,172.0,41.0,openweather_backfill
2023,46,KAB BANTUL,24.86,29.83,29.6,61.0,1.96,1012.0,5.1,163.0,78.0,openweather_backfill
2023,46,KAB GUNUNG KIDUL,25.01,29.44,29.23,63.0,1.18,1012.0,5.28,156.0,78.0,openweather_backfill
2023,46,KAB KULON PROGO,25.16,30.96,30.38,59.0,0.77,1012.0,4.68,166.0,58.0,openweather_backfill
2023,46,KAB SLEMAN,23.21,30.31,30.03,57.0,0.0,1012.0,4.34,183.0,76.0,openweather_backfill
2023,46,KOTA YOGYAKARTA,24.2,30.39,30.12,58.0,2.53,1012.0,4.6,172.0,78.0,openweather_backfill
2023,47,KAB BANTUL,24.73,29.99,29.72,61.0,0.0,1011.0,4.58,169.0,52.0,openweather_backfill
2023,47,KAB GUNUNG KIDUL,24.83,29.59,29.42,62.0,0.0,1011.0,4.93,169.0,47.0,openweather_backfill
2023,47,KAB KULON PROGO,24.64,31.12,30.31,59.0,0.0,1011.0,4.37,175.0,59.0,openweather_backfill
2023,47,KAB SLEMAN,23.06,30.37,29.88,56.0,0.0,1011.0,4.11,190.0,68.0,openweather_backfill
2023,47,KOTA YOGYAKARTA,24.03,30.49,30.03,58.0,0.0,1011.0,4.2,181.0,63.0,openweather_backfill
2023,48,KAB BANTUL,24.7,29.99,29.01,64.0,1.12,1010.0,4.07,192.0,94.0,openweather_backfill
2023,48,KAB GUNUNG KIDUL,24.86,29.73,29.09,63.0,0.9,1010.0,4.23,189.0,92.0,openweather_backfill
2023,48,KAB KULON PROGO,24.84,29.75,29.75,64.0,0.61,1010.0,3.06,192.0,94.0,openweather_backfill
2023,48,KAB SLEMAN,23.04,29.0,27.03,72.0,1.31,1010.0,3.5,211.0,100.0,openweather_backfill
2023,48,KOTA YOGYAKARTA,24.03,30.09,28.37,67.0,1.32,1010.0,3.85,201.0,97.0,openweather_backfill
2023,49,KAB BANTUL,25.0,28.98,28.67,71.0,9.1,1010.0,4.23,172.0,97.0,openweather_backfill
2023,49,KAB GUNUNG KIDUL,25.05,28.74,28.48,72.0,8.8,1010.0,4.51,170.0,97.0,openweather_backfill
2023,49,KAB KULON PROGO,24.33,29.45,29.45,69.0,6.63,1010.0,3.69,179.0,96.0,openweather_backfill
2023,49,KAB SLEMAN,23.14,28.91,28.51,71.0,8.98,1010.0,3.25,197.0,96.0,openweather_backfill
2023,49,KOTA YOGYAKARTA,24.22,29.18,28.79,71.0,9.62,1010.0,3.67,186.0,98.0,openweather_backfill
2023,50,KAB BANTUL,25.93,30.22,30.15,61.0,0.45,1009.0,4.84,175.0,70.0,openweather_backfill
2023,50,KAB GUNUNG KIDUL,26.14,29.87,29.87,62.0,0.3,1009.0,4.94,173.0,71.0,openweather_backfill
2023,50,KAB KULON PROGO,25.62,31.01,30.71,59.0,11.63,1009.0,4.04,181.0,69.0,openweather_backfill
2023,50,KAB SLEMAN,24.02,30.34,29.9,59.0,2.4,1009.0,4.4,188.0,71.0,openweather_backfill
2023,50,KOTA YOGYAKARTA,25.17,30.67,30.37,59.0,1.15,1009.0,4.7,182.0,70.0,openweather_backfill
2023,51,KAB BANTUL,24.77,30.34,30.34,53.0,0.0,1010.0,5.0,194.0,99.0,openweather_backfill
2023,51,KAB GUNUNG KIDUL,25.06,29.81,29.8,55.0,0.0,1010.0,4.91,193.0,100.0,openweather_backfill
2023,51,KAB KULON PROGO,25.0,31.43,31.43,50.0,0.0,1010.0,4.5,202.0,100.0,openweather_backfill
2023,51,KAB SLEMAN,22.64,31.55,31.55,48.0,0.0,1010.0,5.36,200.0,98.0,openweather_backfill
2023,51,KOTA YOGYAKARTA,23.8,31.16,31.16,50.0,0.0,1010.0,5.26,197.0,99.0,openweather_backfill
2023,52,KAB BANTUL,23.73,33.12,31.71,55.0,0.0,1011.0,4.9,196.0,89.0,openweather_backfill
2023,52,KAB GUNUNG KIDUL,23.83,33.12,30.87,58.0,0.0,1011.0,4.94,184.0,86.0,openweather_backfill
2023,52,KAB KULON PROGO,24.18,33.31,33.31,50.0,0.0,1011.0,4.98,199.0,66.0,openweather_backfill
2023,52,KAB SLEMAN,22.41,33.6,33.6,44.0,0.0,1010.0,4.19,209.0,99.0,openweather_backfill
2023,52,KOTA YOGYAKARTA,23.19,33.19,33.19,48.0,0.0,1010.0,4.9,196.0,95.0,openweather_backfill
2024,1,KAB BANTUL,24.56,29.76,29.76,74.0,12.35,1010.0,4.91,159.0,97.0,openweather_backfill
2024,1,KAB GUNUNG KIDUL,25.18,29.62,29.62,74.0,10.91,1010.0,5.38,151.0,98.0,openweather_backfill
2024,1,KAB KULON PROGO,24.91,30.31,30.0,74.0,31.97,1010.0,3.58,151.0,100.0,openweather_backfill
2024,1,KAB SLEMAN,23.73,29.5,29.5,72.0,22.84,1010.0,3.22,177.0,90.0,openweather_backfill
2024,1,KOTA YOGYAKARTA,24.47,29.81,29.81,72.0,16.32,1010.0,4.02,166.0,93.0,openweather_backfill
2024,2,KAB BANTUL,23.96,30.25,28.3,71.0,19.1,1010.0,3.4,168.0,100.0,openweather_backfill
2024,2,KAB GUNUNG KIDUL,23.96,29.95,28.3,71.0,19.4,1010.0,3.8,167.0,100.0,openweather_backfill
2024,2,KAB KULON PROGO,24.28,30.48,28.75,75.0,20.17,1011.0,2.76,170.0,100.0,openweather_backfill
2024,2,KAB SLEMAN,22.92,30.06,29.58,69.0,24.81,1011.0,1.88,353.0,100.0,openweather_backfill
2024,2,KOTA YOGYAKARTA,23.63,30.53,27.97,71.0,17.97,1010.0,2.52,185.0,100.0,openweather_backfill
2024,3,KAB BANTUL,25.27,30.99,30.8,59.0,0.0,1009.0,4.12,205.0,68.0,openweather_backfill
2024,3,KAB GUNUNG KIDUL,25.55,30.42,30.25,61.0,0.0,1009.0,4.0,207.0,70.0,openweather_backfill
2024,3,KAB KULON PROGO,24.75,32.05,31.99,56.0,0.0,1009.0,3.95,206.0,38.0,openweather_backfill
2024,3,KAB SLEMAN,23.14,32.11,31.76,52.0,0.0,1009.0,4.31,197.0,57.0,openweather_backfill
2024,3,KOTA YOGYAKARTA,24.33,31.89,31.6,55.0,0.12,1009.0,4.41,202.0,64.0,openweather_backfill
2024,4,KAB BANTUL,24.35,29.68,29.68,69.0,0.12,1010.0,6.45,260.0,92.0,openweather_backfill
2024,4,KAB GUNUNG KIDUL,24.53,29.32,29.32,70.0,0.25,1010.0,6.73,261.0,92.0,openweather_backfill
2024,4,KAB KULON PROGO,23.84,29.57,29.57,71.0,0.42,1010.0,4.41,259.0,92.0,openweather_backfill
2024,4,KAB SLEMAN,22.6,30.33,30.33,63.0,0.0,1010.0,5.39,249.0,89.0,openweather_backfill
2024,4,KOTA YOGYAKARTA,23.57,30.21,30.21,66.0,0.12,1010.0,6.0,255.0,90.0,openweather_backfill
2024,5,KAB BANTUL,25.0,30.1,29.83,70.0,21.95,1012.0,3.86,212.0,58.0,openweather_backfill
2024,5,KAB GUNUNG KIDUL,25.06,29.77,29.53,71.0,23.52,1012.0,3.99,211.0,62.0,openweather_backfill
2024,5,KAB KULON PROGO,24.83,30.8,30.48,70.0,6.11,1012.0,3.04,216.0,29.0,openweather_backfill
2024,5,KAB SLEMAN,23.65,30.55,29.83,69.0,10.8,1012.0,3.14,218.0,42.0,openweather_backfill
2024,5,KOTA YOGYAKARTA,24.53,30.57,30.17,69.0,17.86,1011.0,3.62,216.0,49.0,openweather_backfill
2024,6,KAB BANTUL,24.9,29.72,29.61,71.0,9.06,1012.0,4.75,254.0,60.0,openweather_backfill
2024,6,KAB GUNUNG KIDUL,25.06,29.36,29.32,72.0,8.42,1012.0,4.88,256.0,62.0,openweather_backfill
2024,6,KAB KULON PROGO,24.28,29.91,29.77,71.0,21.78,1012.0,4.25,228.0,67.0,openweather_backfill
2024,6,KAB SLEMAN,23.35,30.06,29.77,67.0,17.98,1012.0,4.17,242.0,57.0,openweather_backfill
2024,6,KOTA YOGYAKARTA,24.23,30.21,29.97,68.0,12.09,1012.0,4.57,248.0,56.0,openweather_backfill
2024,7,KAB BANTUL,24.88,30.45,30.45,65.0,0.0,1012.0,3.84,226.0,78.0,openweather_backfill
2024,7,KAB GUNUNG KIDUL,24.95,29.98,29.98,67.0,0.0,1012.0,3.86,227.0,76.0,openweather_backfill
2024,7,KAB KULON PROGO,24.86,30.89,30.89,64.0,0.42,1012.0,3.93,228.0,82.0,openweather_backfill
2024,7,KAB SLEMAN,23.57,30.59,30.59,61.0,0.0,1012.0,3.6,218.0,92.0,openweather_backfill
2024,7,KOTA YOGYAKARTA,24.41,31.13,31.13,61.0,0.0,1012.0,3.89,222.0,85.0,openweather_backfill
2024,8,KAB BANTUL,24.98,31.0,31.0,64.0,0.24,1011.0,4.02,189.0,67.0,openweather_backfill
2024,8,KAB GUNUNG KIDUL,25.12,30.49,30.49,66.0,0.12,1011.0,3.94,187.0,66.0,openweather_backfill
2024,8,KAB KULON PROGO,24.73,32.01,32.01,59.0,0.18,1011.0,3.67,196.0,52.0,openweather_backfill
2024,8,KAB SLEMAN,23.34,31.79,31.79,56.0,0.0,1011.0,4.24,196.0,71.0,openweather_backfill
2024,8,KOTA YOGYAKARTA,24.3,31.76,31.76,59.0,0.47,1011.0,4.24,193.0,69.0,openweather_backfill
2024,9,KAB BANTUL,24.03,29.9,29.06,74.0,16.87,1009.0,3.33,249.0,98.0,openweather_backfill
2024,9,KAB GUNUNG KIDUL,23.96,29.8,28.74,75.0,16.31,1009.0,3.66,233.0,98.0,openweather_backfill
2024,9,KAB KULON PROGO,24.45,29.92,29.43,74.0,18.8,1010.0,3.18,246.0,94.0,openweather_backfill
2024,9,KAB SLEMAN,23.36,29.56,29.34,72.0,22.79,1010.0,2.38,222.0,95.0,openweather_backfill
2024,9,KOTA YOGYAKARTA,23.87,29.82,29.45,72.0,22.72,1009.0,2.84,236.0,96.0,openweather_backfill
2024,10,KAB BANTUL,25.37,29.48,29.42,74.0,37.36,1010.0,3.2,242.0,99.0,openweather_backfill
2024,10,KAB GUNUNG KIDUL,25.45,29.35,29.32,74.0,38.33,1010.0,3.34,242.0,99.0,openweather_backfill
2024,10,KAB KULON PROGO,25.54,30.42,29.47,76.0,7.34,1010.0,3.0,217.0,98.0,openweather_backfill
2024,10,KAB SLEMAN,23.94,29.01,28.65,77.0,12.76,1010.0,2.52,240.0,100.0,openweather_backfill
2024,10,KOTA YOGYAKARTA,24.82,29.51,29.32,75.0,25.42,1010.0,2.95,242.0,100.0,openweather_backfill
2024,11,KAB BANTUL,24.4,28.08,28.08,73.0,12.31,1009.0,2.58,288.0,100.0,openweather_backfill
2024,11,KAB GUNUNG KIDUL,24.43,27.93,27.93,74.0,11.77,1009.0,2.99,285.0,100.0,openweather_backfill
2024,11,KAB KULON PROGO,24.32,28.34,28.13,75.0,7.42,1009.0,1.53,54.0,100.0,openweather_backfill
2024,11,KAB SLEMAN,23.05,27.79,27.5,73.0,21.67,1009.0,1.67,58.0,100.0,openweather_backfill
2024,11,KOTA YOGYAKARTA,23.85,28.04,28.04,72.0,18.59,1009.0,1.83,58.0,100.0,openweather_backfill
2024,12,KAB BANTUL,24.48,29.67,29.64,71.0,0.0,1009.0,6.9,251.0,68.0,openweather_backfill
2024,12,KAB GUNUNG KIDUL,24.61,29.34,29.34,72.0,0.0,1009.0,7.28,252.0,67.0,openweather_backfill
2024,12,KAB KULON PROGO,24.63,30.0,30.0,70.0,0.0,1009.0,5.69,245.0,75.0,openweather_backfill
2024,12,KAB SLEMAN,22.9,30.21,29.77,66.0,0.0,1009.0,5.27,242.0,72.0,openweather_backfill
2024,12,KOTA YOGYAKARTA,23.81,30.19,29.98,68.0,0.0,1008.0,6.22,248.0,70.0,openweather_backfill
2024,13,KAB BANTUL,25.23,30.61,30.61,65.0,0.56,1010.0,4.25,167.0,94.0,openweather_backfill
2024,13,KAB GUNUNG KIDUL,25.34,30.31,30.21,67.0,0.24,1010.0,4.54,163.0,92.0,openweather_backfill
2024,13,KAB KULON PROGO,24.86,31.65,31.65,61.0,0.0,1010.0,3.72,179.0,99.0,openweather_backfill
2024,13,KAB SLEMAN,23.72,31.01,31.01,60.0,2.73,1010.0,3.12,187.0,99.0,openweather_backfill
2024,13,KOTA YOGYAKARTA,24.61,31.09,31.09,62.0,1.38,1010.0,3.68,177.0,97.0,openweather_backfill
2024,14,KAB BANTUL,26.03,30.1,30.05,63.0,0.0,1012.0,4.05,154.0,100.0,openweather_backfill
2024,14,KAB GUNUNG KIDUL,26.24,29.89,29.86,63.0,0.0,1012.0,4.39,152.0,100.0,openweather_backfill
2024,14,KAB KULON PROGO,25.5,31.09,31.09,61.0,0.0,1012.0,3.61,163.0,100.0,openweather_backfill
2024,14,KAB SLEMAN,23.98,29.91,29.91,63.0,0.0,1012.0,3.3,182.0,100.0,openweather_backfill
2024,14,KOTA YOGYAKARTA,25.18,30.21,30.16,63.0,0.0,1012.0,3.56,170.0,100.0,openweather_backfill
2024,15,KAB BANTUL,24.06,31.04,31.04,65.0,4.44,1006.0,4.23,226.0,48.0,openweather_backfill
2024,15,KAB GUNUNG KIDUL,24.21,30.46,30.46,68.0,4.39,1006.0,4.21,229.0,46.0,openweather_backfill
2024,15,KAB KULON PROGO,24.05,31.95,31.95,60.0,0.95,1007.0,4.34,224.0,58.0,openweather_backfill
2024,15,KAB SLEMAN,22.42,32.1,32.1,55.0,15.45,1006.0,4.13,209.0,59.0,openweather_backfill
2024,15,KOTA YOGYAKARTA,23.39,31.92,31.92,60.0,7.54,1006.0,4.31,217.0,52.0,openweather_backfill
2024,16,KAB BANTUL,25.08,30.89,30.81,70.0,0.72,1010.0,5.27,146.0,58.0,openweather_backfill
2024,16,KAB GUNUNG KIDUL,25.17,30.62,30.57,71.0,0.45,1010.0,6.06,145.0,59.0,openweather_backfill
2024,16,KAB KULON PROGO,25.02,30.97,30.19,74.0,4.42,1010.0,3.29,136.0,75.0,openweather_backfill
2024,16,KAB SLEMAN,23.69,31.0,30.69,66.0,5.41,1010.0,2.42,185.0,46.0,openweather_backfill
2024,16,KOTA YOGYAKARTA,24.53,31.14,31.05,67.0,2.86,1010.0,3.75,150.0,53.0,openweather_backfill
2024,17,KAB BANTUL,24.7,30.82,30.82,70.0,10.85,1008.0,5.29,149.0,100.0,openweather_backfill
2024,17,KAB GUNUNG KIDUL,24.83,30.4,30.4,72.0,9.21,1008.0,5.91,146.0,100.0,openweather_backfill
2024,17,KAB KULON PROGO,25.21,31.22,30.78,72.0,5.93,1008.0,3.27,182.0,98.0,openweather_backfill
2024,17,KAB SLEMAN,23.19,31.31,31.31,64.0,13.52,1008.0,3.05,189.0,98.0,openweather_backfill
2024,17,KOTA YOGYAKARTA,24.05,31.38,31.38,66.0,12.05,1008.0,4.04,163.0,99.0,openweather_backfill
2024,18,KAB BANTUL,25.39,30.38,30.38,73.0,0.11,1009.0,4.21,154.0,90.0,openweather_backfill
2024,18,KAB GUNUNG KIDUL,25.56,29.94,29.93,75.0,0.0,1009.0,4.76,151.0,88.0,openweather_backfill
2024,18,KAB KULON PROGO,25.13,31.3,30.83,71.0,2.47,1009.0,3.43,174.0,80.0,openweather_backfill
2024,18,KAB SLEMAN,23.64,30.97,30.97,65.0,5.17,1009.0,2.47,204.0,93.0,openweather_backfill
2024,18,KOTA YOGYAKARTA,24.66,31.04,31.04,68.0,0.23,1009.0,3.04,180.0,95.0,openweather_backfill
2024,19,KAB BANTUL,23.8,29.2,29.02,69.0,0.16,1010.0,5.03,154.0,75.0,openweather_backfill
2024,19,KAB GUNUNG KIDUL,23.89,28.87,28.63,71.0,0.21,1010.0,5.48,151.0,73.0,openweather_backfill
2024,19,KAB KULON PROGO,23.73,30.27,29.79,66.0,0.0,1010.0,4.26,162.0,68.0,openweather_backfill
2024,19,KAB SLEMAN,22.13,29.9,29.6,61.0,0.0,1010.0,3.99,176.0,86.0,openweather_backfill
2024,19,KOTA YOGYAKARTA,23.23,29.82,29.59,64.0,0.0,1010.0,4.39,164.0,81.0,openweather_backfill
2024,20,KAB BANTUL,24.31,30.07,29.73,71.0,0.0,1010.0,5.29,150.0,47.0,openweather_backfill
2024,20,KAB GUNUNG KIDUL,24.4,29.56,29.13,74.0,0.0,1010.0,6.16,147.0,49.0,openweather_backfill
2024,20,KAB KULON PROGO,24.58,30.85,30.69,67.0,0.0,1010.0,3.64,173.0,60.0,openweather_backfill
2024,20,KAB SLEMAN,22.96,31.16,31.09,60.0,0.0,1010.0,2.01,177.0,41.0,openweather_backfill
2024,20,KOTA YOGYAKARTA,23.79,31.03,30.73,64.0,0.0,1010.0,3.4,157.0,42.0,openweather_backfill
2024,21,KAB BANTUL,24.22,29.66,29.62,61.0,0.0,1008.0,6.91,136.0,100.0,openweather_backfill
2024,21,KAB GUNUNG KIDUL,24.52,29.29,29.29,63.0,0.0,1008.0,7.63,136.0,100.0,openweather_backfill
2024,21,KAB KULON PROGO,23.71,31.08,30.9,57.0,0.0,1008.0,5.67,152.0,97.0,openweather_backfill
2024,21,KAB SLEMAN,22.06,30.41,29.91,57.0,0.0,1008.0,4.19,156.0,100.0,openweather_backfill
2024,21,KOTA YOGYAKARTA,23.16,30.32,29.99,59.0,0.0,1008.0,5.41,143.0,100.0,openweather_backfill
2024,22,KAB BANTUL,24.25,29.47,29.3,69.0,0.0,1011.0,6.3,143.0,73.0,openweather_backfill
2024,22,KAB GUNUNG KIDUL,24.47,28.97,28.82,71.0,0.0,1011.0,7.01,140.0,73.0,openweather_backfill
2024,22,KAB KULON PROGO,23.79,30.44,30.42,62.0,0.0,1011.0,4.86,153.0,89.0,openweather_backfill
2024,22,KAB SLEMAN,22.44,30.38,30.12,60.0,0.0,1011.0,3.65,172.0,75.0,openweather_backfill
2024,22,KOTA YOGYAKARTA,23.43,30.27,30.03,64.0,0.11,1010.0,4.74,153.0,74.0,openweather_backfill
2024,23,KAB BANTUL,24.52,29.12,29.1,75.0,0.0,1011.0,5.14,148.0,74.0,openweather_backfill
2024,23,KAB GUNUNG KIDUL,24.6,28.95,28.91,75.0,0.0,1011.0,5.78,146.0,72.0,openweather_backfill
2024,23,KAB KULON PROGO,24.64,29.32,29.29,77.0,0.99,1011.0,3.4,149.0,80.0,openweather_backfill
2024,23,KAB SLEMAN,23.16,29.1,29.1,72.0,1.0,1011.0,2.99,188.0,77.0,openweather_backfill
2024,23,KOTA YOGYAKARTA,23.92,29.28,29.28,73.0,0.0,1011.0,3.75,156.0,77.0,openweather_backfill
2024,24,KAB BANTUL,24.29,29.08,29.01,75.0,0.0,1011.0,5.04,150.0,85.0,openweather_backfill
2024,24,KAB GUNUNG KIDUL,24.42,28.8,28.66,76.0,0.0,1011.0,5.64,147.0,85.0,openweather_backfill
2024,24,KAB KULON PROGO,24.48,30.48,30.31,69.0,0.0,1011.0,3.8,146.0,52.0,openweather_backfill
2024,24,KAB SLEMAN,22.89,29.47,29.47,68.0,0.0,1011.0,2.84,181.0,90.0,openweather_backfill
2024,24,KOTA YOGYAKARTA,23.68,29.53,29.53,71.0,0.0,1011.0,3.78,160.0,87.0,openweather_backfill
2024,25,KAB BANTUL,23.36,29.98,29.98,64.0,0.0,1010.0,5.11,165.0,37.0,openweather_backfill
2024,25,KAB GUNUNG KIDUL,23.49,29.53,29.53,65.0,0.0,1010.0,5.54,160.0,36.0,openweather_backfill
2024,25,KAB KULON PROGO,23.48,30.98,30.98,60.0,0.0,1010.0,4.1,180.0,18.0,openweather_backfill
2024,25,KAB SLEMAN,21.89,30.87,30.56,57.0,0.0,1010.0,4.38,197.0,45.0,openweather_backfill
2024,25,KOTA YOGYAKARTA,22.75,30.65,30.57,60.0,0.0,1010.0,4.7,182.0,42.0,openweather_backfill
2024,26,KAB BANTUL,22.5,28.32,28.04,72.0,0.0,1011.0,7.56,137.0,84.0,openweather_backfill
2024,26,KAB GUNUNG KIDUL,22.74,28.17,27.95,72.0,0.0,1011.0,8.28,135.0,85.0,openweather_backfill
2024,26,KAB KULON PROGO,21.77,28.66,28.15,71.0,0.0,1011.0,5.55,142.0,90.0,openweather_backfill
2024,26,KAB SLEMAN,20.5,28.29,27.74,68.0,0.0,1011.0,4.64,150.0,79.0,openweather_backfill
2024,26,KOTA YOGYAKARTA,21.65,28.46,27.98,70.0,0.0,1011.0,6.07,143.0,82.0,openweather_backfill
2024,27,KAB BANTUL,24.05,29.53,29.13,69.0,0.0,1011.0,5.84,156.0,66.0,openweather_backfill
2024,27,KAB GUNUNG KIDUL,24.17,29.0,28.78,70.0,0.0,1011.0,6.47,150.0,61.0,openweather_backfill
2024,27,KAB KULON PROGO,23.63,29.87,29.46,69.0,0.0,1011.0,4.44,157.0,84.0,openweather_backfill
2024,27,KAB SLEMAN,22.3,30.58,29.55,62.0,0.0,1011.0,3.88,193.0,86.0,openweather_backfill
2024,27,KOTA YOGYAKARTA,23.31,30.41,29.65,65.0,0.0,1011.0,4.67,173.0,76.0,openweather_backfill
2024,28,KAB BANTUL,23.46,29.42,28.9,68.0,0.0,1010.0,5.07,141.0,91.0,openweather_backfill
2024,28,KAB GUNUNG KIDUL,23.61,28.97,28.9,69.0,0.0,1010.0,5.97,142.0,89.0,openweather_backfill
2024,28,KAB KULON PROGO,23.24,29.17,28.88,69.0,0.0,1010.0,2.86,187.0,89.0,openweather_backfill
2024,28,KAB SLEMAN,21.95,29.81,28.21,67.0,0.0,1010.0,1.97,78.0,99.0,openweather_backfill
2024,28,KOTA YOGYAKARTA,22.82,30.05,28.74,67.0,0.0,1010.0,3.08,136.0,95.0,openweather_backfill
2024,29,KAB BANTUL,21.88,28.34,28.23,53.0,0.0,1010.0,7.97,138.0,15.0,openweather_backfill
2024,29,KAB GUNUNG KIDUL,22.43,27.94,27.87,55.0,0.0,1010.0,8.54,137.0,14.0,openweather_backfill
2024,29,KAB KULON PROGO,20.21,28.99,28.89,50.0,0.0,1010.0,6.28,148.0,34.0,openweather_backfill
2024,29,KAB SLEMAN,18.27,28.98,28.58,47.0,0.0,1010.0,5.3,150.0,21.0,openweather_backfill
2024,29,KOTA YOGYAKARTA,20.13,28.93,28.7,49.0,0.0,1010.0,6.71,142.0,17.0,openweather_backfill
2024,30,KAB BANTUL,21.57,28.92,28.79,57.0,0.0,1012.0,6.72,151.0,5.0,openweather_backfill
2024,30,KAB GUNUNG KIDUL,21.76,28.29,28.21,59.0,0.0,1013.0,7.18,148.0,5.0,openweather_backfill
2024,30,KAB KULON PROGO,21.15,29.99,29.99,53.0,0.0,1012.0,5.94,162.0,10.0,openweather_backfill
2024,30,KAB SLEMAN,19.88,30.44,30.0,48.0,0.0,1012.0,5.27,175.0,5.0,openweather_backfill
2024,30,KOTA YOGYAKARTA,20.84,29.99,29.7,52.0,0.0,1012.0,5.91,162.0,5.0,openweather_backfill
2024,31,KAB BANTUL,22.43,28.54,28.36,64.0,0.0,1012.0,7.13,151.0,56.0,openweather_backfill
2024,31,KAB GUNUNG KIDUL,22.62,28.06,27.93,66.0,0.0,1012.0,7.77,147.0,51.0,openweather_backfill
2024,31,KAB KULON PROGO,20.28,31.39,29.02,61.0,0.0,1012.0,5.71,154.0,68.0,openweather_backfill
2024,31,KAB SLEMAN,19.09,30.2,29.44,55.0,0.0,1012.0,5.14,173.0,66.0,openweather_backfill
2024,31,KOTA YOGYAKARTA,21.65,29.29,29.08,59.0,0.0,1012.0,5.94,160.0,64.0,openweather_backfill
2024,32,KAB BANTUL,22.75,28.58,28.58,65.0,0.0,1013.0,5.56,155.0,22.0,openweather_backfill
2024,32,KAB GUNUNG KIDUL,22.86,28.05,28.05,67.0,0.0,1013.0,5.84,153.0,20.0,openweather_backfill
2024,32,KAB KULON PROGO,22.5,30.83,30.83,63.0,0.0,1013.0,4.79,154.0,42.0,openweather_backfill
2024,32,KAB SLEMAN,21.31,29.64,29.64,55.0,0.0,1013.0,4.74,169.0,25.0,openweather_backfill
2024,32,KOTA YOGYAKARTA,22.19,29.46,29.46,59.0,0.0,1013.0,5.12,161.0,25.0,openweather_backfill
2024,33,KAB BANTUL,21.44,28.57,28.57,55.0,0.0,1011.0,8.22,146.0,33.0,openweather_backfill
2024,33,KAB GUNUNG KIDUL,21.67,27.81,27.78,59.0,0.0,1011.0,8.65,145.0,36.0,openweather_backfill
2024,33,KAB KULON PROGO,20.81,30.83,29.61,50.0,0.0,1011.0,7.01,153.0,27.0,openweather_backfill
2024,33,KAB SLEMAN,19.29,30.62,30.62,40.0,0.0,1010.0,6.46,160.0,20.0,openweather_backfill
2024,33,KOTA YOGYAKARTA,20.56,30.0,30.0,46.0,0.0,1010.0,7.38,152.0,26.0,openweather_backfill
2024,34,KAB BANTUL,21.23,30.48,28.33,60.0,0.0,1011.0,6.52,156.0,3.0,openweather_backfill
2024,34,KAB GUNUNG KIDUL,21.31,30.48,27.41,63.0,0.0,1011.0,6.81,152.0,4.0,openweather_backfill
2024,34,KAB KULON PROGO,21.71,31.94,30.1,52.0,0.0,1011.0,5.97,167.0,0.0,openweather_backfill
2024,34,KAB SLEMAN,20.61,31.31,31.31,44.0,0.0,1011.0,5.79,177.0,1.0,openweather_backfill
2024,34,KOTA YOGYAKARTA,20.75,30.14,30.09,51.0,0.0,1011.0,6.0,166.0,1.0,openweather_backfill
2024,35,KAB BANTUL,22.03,28.02,27.53,65.0,0.0,1012.0,7.3,155.0,55.0,openweather_backfill
2024,35,KAB GUNUNG KIDUL,22.12,27.53,27.15,67.0,0.0,1012.0,7.73,152.0,48.0,openweather_backfill
2024,35,KAB KULON PROGO,23.61,32.5,32.5,63.0,0.0,1012.0,5.74,153.0,82.0,openweather_backfill
2024,35,KAB SLEMAN,22.21,31.31,31.31,55.0,0.0,1012.0,5.88,175.0,76.0,openweather_backfill
2024,35,KOTA YOGYAKARTA,21.45,29.02,28.22,60.0,0.0,1012.0,6.44,162.0,68.0,openweather_backfill
2024,36,KAB BANTUL,22.05,28.25,27.79,67.0,0.0,1011.0,5.33,160.0,91.0,openweather_backfill
2024,36,KAB GUNUNG KIDUL,22.2,27.77,27.42,68.0,0.0,1011.0,5.75,156.0,90.0,openweather_backfill
2024,36,KAB KULON PROGO,21.7,34.17,33.61,63.0,0.0,1011.0,4.98,162.0,87.0,openweather_backfill
2024,36,KAB SLEMAN,20.34,32.98,32.42,59.0,0.0,1011.0,4.24,177.0,94.0,openweather_backfill
2024,36,KOTA YOGYAKARTA,21.39,28.95,28.29,63.0,0.0,1011.0,4.67,164.0,93.0,openweather_backfill
2024,37,KAB BANTUL,24.12,28.63,28.44,73.0,1.44,1012.0,6.27,151.0,61.0,openweather_backfill
2024,37,KAB GUNUNG KIDUL,24.29,28.13,28.02,74.0,1.46,1012.0,6.95,149.0,56.0,openweather_backfill
2024,37,KAB KULON PROGO,24.66,30.28,29.17,71.0,1.94,1012.0,4.97,149.0,72.0,openweather_backfill
2024,37,KAB SLEMAN,23.21,29.09,27.98,65.0,0.98,1012.0,3.9,175.0,77.0,openweather_backfill
2024,37,KOTA YOGYAKARTA,23.41,29.47,29.15,68.0,1.82,1012.0,4.96,162.0,71.0,openweather_backfill
2024,38,KAB BANTUL,23.23,35.48,29.75,53.0,0.0,1009.0,7.06,161.0,5.0,openweather_backfill
2024,38,KAB GUNUNG KIDUL,23.46,35.48,28.82,58.0,0.0,1009.0,7.42,156.0,5.0,openweather_backfill
2024,38,KAB KULON PROGO,22.86,31.15,31.06,47.0,0.0,1009.0,5.92,161.0,16.0,openweather_backfill
2024,38,KAB SLEMAN,21.75,34.38,32.41,36.0,0.0,1009.0,6.26,182.0,11.0,openweather_backfill
2024,38,KOTA YOGYAKARTA,22.4,35.14,31.57,43.0,0.0,1009.0,6.64,172.0,6.0,openweather_backfill
2024,39,KAB BANTUL,23.07,37.15,31.1,59.0,0.0,1009.0,5.36,180.0,99.0,openweather_backfill
2024,39,KAB GUNUNG KIDUL,23.18,37.15,30.05,64.0,0.0,1009.0,5.71,175.0,99.0,openweather_backfill
2024,39,KAB KULON PROGO,24.72,34.17,34.17,53.0,0.0,1009.0,4.95,193.0,91.0,openweather_backfill
2024,39,KAB SLEMAN,23.37,36.05,32.98,43.0,0.0,1008.0,4.37,202.0,99.0,openweather_backfill
2024,39,KOTA YOGYAKARTA,22.52,36.81,33.1,49.0,0.0,1009.0,5.07,191.0,99.0,openweather_backfill
2024,40,KAB BANTUL,25.11,32.06,31.46,60.0,0.0,1009.0,7.35,156.0,53.0,openweather_backfill
2024,40,KAB GUNUNG KIDUL,25.3,31.36,30.54,64.0,0.0,1009.0,8.23,152.0,55.0,openweather_backfill
2024,40,KAB KULON PROGO,25.37,33.05,32.5,56.0,0.0,1009.0,5.55,166.0,62.0,openweather_backfill
2024,40,KAB SLEMAN,24.39,31.86,31.31,48.0,0.0,1009.0,5.08,184.0,44.0,openweather_backfill
2024,40,KOTA YOGYAKARTA,24.38,33.22,33.12,52.0,0.0,1009.0,6.29,169.0,46.0,openweather_backfill
2024,41,KAB BANTUL,24.32,30.9,30.9,61.0,0.0,1009.0,6.95,158.0,55.0,openweather_backfill
2024,41,KAB GUNUNG KIDUL,24.38,29.97,29.97,65.0,0.0,1010.0,7.4,150.0,56.0,openweather_backfill
2024,41,KAB KULON PROGO,24.72,32.5,31.94,58.0,0.0,1010.0,5.35,170.0,61.0,openweather_backfill
2024,41,KAB SLEMAN,23.53,31.31,30.75,47.0,0.0,1009.0,4.83,180.0,47.0,openweather_backfill
2024,41,KOTA YOGYAKARTA,23.79,32.61,32.61,53.0,0.0,1009.0,6.01,168.0,52.0,openweather_backfill
2024,42,KAB BANTUL,24.73,32.89,32.67,52.0,0.0,1008.0,7.99,157.0,80.0,openweather_backfill
2024,42,KAB GUNUNG KIDUL,25.03,31.55,31.1,60.0,0.0,1008.0,8.81,154.0,83.0,openweather_backfill
2024,42,KAB KULON PROGO,25.82,33.56,33.56,49.0,0.0,1008.0,6.63,165.0,69.0,openweather_backfill
2024,42,KAB SLEMAN,24.45,35.08,35.08,38.0,0.0,1008.0,6.12,182.0,77.0,openweather_backfill
2024,42,KOTA YOGYAKARTA,23.9,35.15,35.05,40.0,0.0,1008.0,6.65,172.0,75.0,openweather_backfill
2024,43,KAB BANTUL,23.46,27.87,27.68,74.0,0.57,1013.0,2.92,150.0,99.0,openweather_backfill
2024,43,KAB GUNUNG KIDUL,23.62,27.91,27.48,75.0,0.4,1013.0,4.22,144.0,100.0,openweather_backfill
2024,43,KAB KULON PROGO,23.61,29.17,28.61,76.0,0.34,1013.0,3.61,204.0,94.0,openweather_backfill
2024,43,KAB SLEMAN,22.42,27.98,27.42,76.0,2.42,1013.0,3.65,228.0,97.0,openweather_backfill
2024,43,KOTA YOGYAKARTA,22.97,27.68,27.68,73.0,0.88,1013.0,3.06,217.0,98.0,openweather_backfill
2024,44,KAB BANTUL,24.73,31.62,31.62,53.0,0.0,1009.0,6.39,175.0,45.0,openweather_backfill
2024,44,KAB GUNUNG KIDUL,25.1,30.66,30.66,56.0,0.0,1009.0,6.24,171.0,44.0,openweather_backfill
2024,44,KAB KULON PROGO,23.05,33.61,33.05,51.0,0.0,1009.0,5.53,185.0,77.0,openweather_backfill
2024,44,KAB SLEMAN,21.86,32.42,31.86,42.0,0.0,1008.0,6.4,186.0,47.0,openweather_backfill
2024,44,KOTA YOGYAKARTA,23.73,33.4,33.38,45.0,0.0,1008.0,6.6,182.0,47.0,openweather_backfill
2024,45,KAB BANTUL,24.41,34.37,34.37,64.0,12.62,1010.0,3.15,206.0,98.0,openweather_backfill
2024,45,KAB GUNUNG KIDUL,24.7,34.37,34.37,67.0,13.7,1010.0,3.38,172.0,99.0,openweather_backfill
2024,45,KAB KULON PROGO,26.39,31.39,31.39,70.0,20.03,1010.0,3.15,96.0,100.0,openweather_backfill
2024,45,KAB SLEMAN,25.2,33.27,33.27,54.0,7.67,1010.0,3.2,266.0,94.0,openweather_backfill
2024,45,KOTA YOGYAKARTA,23.93,34.03,34.03,54.0,9.82,1009.0,2.28,220.0,96.0,openweather_backfill
2024,46,KAB BANTUL,25.01,30.47,30.37,68.0,18.71,1009.0,4.26,165.0,92.0,openweather_backfill
2024,46,KAB GUNUNG KIDUL,25.29,30.05,30.01,70.0,18.6,1009.0,4.6,160.0,95.0,openweather_backfill
2024,46,KAB KULON PROGO,25.29,30.71,30.54,68.0,46.46,1009.0,3.5,179.0,84.0,openweather_backfill
2024,46,KAB SLEMAN,23.81,30.59,29.99,67.0,24.05,1010.0,2.58,185.0,91.0,openweather_backfill
2024,46,KOTA YOGYAKARTA,24.46,30.96,30.62,66.0,21.78,1009.0,3.25,177.0,89.0,openweather_backfill
2024,47,KAB BANTUL,24.91,31.92,31.24,64.0,14.12,1006.0,4.3,186.0,66.0,openweather_backfill
2024,47,KAB GUNUNG KIDUL,25.11,31.33,30.37,68.0,13.46,1006.0,4.84,188.0,71.0,openweather_backfill
2024,47,KAB KULON PROGO,26.94,33.61,33.61,70.0,7.43,1006.0,2.96,197.0,68.0,openweather_backfill
2024,47,KAB SLEMAN,25.75,32.42,32.42,57.0,4.24,1006.0,2.75,95.0,56.0,openweather_backfill
2024,47,KOTA YOGYAKARTA,24.46,32.49,32.49,58.0,13.75,1006.0,3.11,195.0,60.0,openweather_backfill
2024,48,KAB BANTUL,24.8,29.69,29.5,71.0,17.28,1008.0,3.74,228.0,100.0,openweather_backfill
2024,48,KAB GUNUNG KIDUL,25.03,29.26,29.22,72.0,16.84,1008.0,3.65,232.0,100.0,openweather_backfill
2024,48,KAB KULON PROGO,25.28,30.83,30.28,73.0,20.17,1008.0,3.58,235.0,100.0,openweather_backfill
2024,48,KAB SLEMAN,24.09,29.64,29.09,73.0,15.94,1008.0,3.53,222.0,100.0,openweather_backfill
2024,48,KOTA YOGYAKARTA,24.15,30.08,29.58,71.0,20.78,1008.0,3.78,226.0,100.0,openweather_backfill
2024,49,KAB BANTUL,24.76,30.31,29.86,69.0,5.16,1007.0,4.78,258.0,100.0,openweather_backfill
2024,49,KAB GUNUNG KIDUL,25.1,29.84,29.5,71.0,6.11,1007.0,4.99,261.0,100.0,openweather_backfill
2024,49,KAB KULON PROGO,25.1,33.05,29.08,73.0,5.85,1007.0,3.88,240.0,100.0,openweather_backfill
2024,49,KAB SLEMAN,23.42,31.86,29.83,63.0,4.53,1007.0,4.82,233.0,100.0,openweather_backfill
2024,49,KOTA YOGYAKARTA,24.12,31.07,30.29,64.0,3.47,1007.0,4.94,235.0,100.0,openweather_backfill
2024,50,KAB BANTUL,25.1,29.78,29.78,70.0,6.94,1006.0,3.6,202.0,98.0,openweather_backfill
2024,50,KAB GUNUNG KIDUL,25.39,29.32,29.22,72.0,5.31,1006.0,3.55,199.0,99.0,openweather_backfill
2024,50,KAB KULON PROGO,25.96,33.05,33.05,68.0,33.45,1006.0,4.2,191.0,98.0,openweather_backfill
2024,50,KAB SLEMAN,24.07,31.86,31.86,67.0,34.37,1007.0,3.19,214.0,96.0,openweather_backfill
2024,50,KOTA YOGYAKARTA,24.47,30.49,30.49,66.0,19.0,1006.0,3.54,209.0,96.0,openweather_backfill
2024,51,KAB BANTUL,23.7,28.35,26.79,81.0,103.43,1009.0,3.79,272.0,100.0,openweather_backfill
2024,51,KAB GUNUNG KIDUL,23.79,28.21,26.78,81.0,104.25,1009.0,4.52,283.0,100.0,openweather_backfill
2024,51,KAB KULON PROGO,24.33,30.83,30.28,75.0,28.98,1009.0,2.64,267.0,100.0,openweather_backfill
2024,51,KAB SLEMAN,23.92,29.64,29.09,77.0,33.39,1009.0,2.5,258.0,99.0,openweather_backfill
2024,51,KOTA YOGYAKARTA,23.36,28.34,26.73,80.0,77.8,1009.0,2.81,260.0,100.0,openweather_backfill
2024,52,KAB BANTUL,24.98,31.41,30.3,70.0,34.33,1008.0,3.77,184.0,63.0,openweather_backfill
2024,52,KAB GUNUNG KIDUL,25.29,30.96,30.01,71.0,32.93,1008.0,3.87,184.0,63.0,openweather_backfill
2024,52,KAB KULON PROGO,27.5,31.94,31.94,69.0,46.01,1008.0,3.44,194.0,70.0,openweather_backfill
2024,52,KAB SLEMAN,26.31,30.75,30.75,71.0,37.63,1009.0,2.64,194.0,65.0,openweather_backfill
2024,52,KOTA YOGYAKARTA,24.31,31.59,30.25,69.0,41.72,1008.0,3.28,188.0,64.0,openweather_backfill
2025,1,KAB BANTUL,23.86,25.68,25.31,84.0,55.84,1010.0,3.88,259.0,100.0,openweather_backfill
2025,1,KAB GUNUNG KIDUL,24.04,25.67,25.38,83.0,53.99,1010.0,4.61,255.0,100.0,openweather_backfill
2025,1,KAB KULON PROGO,25.83,27.5,27.5,84.0,25.13,1010.0,2.31,292.0,100.0,openweather_backfill
2025,1,KAB SLEMAN,24.64,26.31,26.31,83.0,36.74,1011.0,2.79,240.0,100.0,openweather_backfill
2025,1,KOTA YOGYAKARTA,23.52,25.54,24.98,85.0,51.1,1010.0,2.7,246.0,100.0,openweather_backfill
2025,2,KAB BANTUL,23.37,25.5,24.88,91.0,13.94,1010.0,3.46,266.0,100.0,openweather_backfill
2025,2,KAB GUNUNG KIDUL,23.57,25.48,24.97,91.0,19.22,1010.0,3.91,272.0,100.0,openweather_backfill
2025,2,KAB KULON PROGO,24.47,29.17,28.61,89.0,6.14,1010.0,2.61,274.0,100.0,openweather_backfill
2025,2,KAB SLEMAN,23.68,27.98,27.42,87.0,0.49,1010.0,2.99,250.0,100.0,openweather_backfill
2025,2,KOTA YOGYAKARTA,22.92,25.44,24.86,89.0,4.42,1010.0,2.86,250.0,100.0,openweather_backfill
2025,3,KAB BANTUL,24.15,29.63,29.11,69.0,8.01,1010.0,6.26,266.0,93.0,openweather_backfill
2025,3,KAB GUNUNG KIDUL,24.33,29.11,28.6,72.0,7.88,1010.0,6.36,268.0,94.0,openweather_backfill
2025,3,KAB KULON PROGO,26.39,28.05,28.05,87.0,13.89,1010.0,2.65,259.0,100.0,openweather_backfill
2025,3,KAB SLEMAN,25.2,26.86,26.86,65.0,7.57,1010.0,5.27,261.0,93.0,openweather_backfill
2025,3,KOTA YOGYAKARTA,23.8,30.27,29.87,64.0,6.65,1010.0,5.88,263.0,92.0,openweather_backfill
2025,4,KAB BANTUL,24.32,29.98,29.95,69.0,11.07,1006.0,6.48,259.0,88.0,openweather_backfill
2025,4,KAB GUNUNG KIDUL,24.57,29.58,29.51,71.0,11.12,1006.0,6.63,261.0,86.0,openweather_backfill
2025,4,KAB KULON PROGO,25.51,30.28,29.72,72.0,12.87,1006.0,5.07,237.0,92.0,openweather_backfill
2025,4,KAB SLEMAN,24.06,29.09,28.53,59.0,15.28,1006.0,5.61,247.0,100.0,openweather_backfill
2025,4,KOTA YOGYAKARTA,23.8,30.75,30.75,62.0,9.99,1006.0,6.03,255.0,96.0,openweather_backfill
2025,5,KAB BANTUL,24.36,29.68,29.57,71.0,0.75,1008.0,4.29,224.0,96.0,openweather_backfill
2025,5,KAB GUNUNG KIDUL,24.64,29.3,29.06,73.0,0.58,1008.0,4.19,225.0,97.0,openweather_backfill
2025,5,KAB KULON PROGO,24.38,31.39,29.48,72.0,2.98,1008.0,3.68,226.0,100.0,openweather_backfill
2025,5,KAB SLEMAN,23.14,30.3,30.2,64.0,7.51,1007.0,4.15,226.0,97.0,openweather_backfill
2025,5,KOTA YOGYAKARTA,23.78,30.53,30.38,66.0,1.71,1007.0,4.39,226.0,96.0,openweather_backfill
2025,6,KAB BANTUL,23.97,32.27,32.27,57.0,33.75,1005.0,4.52,193.0,99.0,openweather_backfill
2025,6,KAB GUNUNG KIDUL,24.2,31.74,31.74,58.0,28.33,1005.0,4.9,195.0,100.0,openweather_backfill
2025,6,KAB KULON PROGO,25.32,33.23,33.23,53.0,11.76,1005.0,4.01,221.0,100.0,openweather_backfill
2025,6,KAB SLEMAN,23.43,31.63,31.63,57.0,23.16,1005.0,2.29,156.0,97.0,openweather_backfill
2025,6,KOTA YOGYAKARTA,23.41,32.63,32.63,54.0,32.36,1005.0,3.43,178.0,98.0,openweather_backfill
2025,7,KAB BANTUL,24.85,30.39,30.39,67.0,0.21,1008.0,5.3,252.0,73.0,openweather_backfill
2025,7,KAB GUNUNG KIDUL,25.2,29.88,29.88,69.0,0.28,1008.0,5.38,255.0,75.0,openweather_backfill
2025,7,KAB KULON PROGO,25.83,30.47,30.47,66.0,0.54,1009.0,4.48,234.0,75.0,openweather_backfill
2025,7,KAB SLEMAN,24.64,31.2,31.2,56.0,0.35,1008.0,5.4,236.0,80.0,openweather_backfill
2025,7,KOTA YOGYAKARTA,24.06,31.36,31.32,59.0,0.0,1008.0,5.39,242.0,73.0,openweather_backfill
2025,8,KAB BANTUL,24.17,30.78,30.57,66.0,12.46,1009.0,3.82,207.0,100.0,openweather_backfill
2025,8,KAB GUNUNG KIDUL,24.27,30.4,30.11,68.0,13.14,1009.0,4.13,211.0,96.0,openweather_backfill
2025,8,KAB KULON PROGO,24.22,32.24,30.43,70.0,24.72,1009.0,3.29,209.0,52.0,openweather_backfill
2025,8,KAB SLEMAN,22.97,30.73,30.53,62.0,7.33,1009.0,2.8,204.0,100.0,openweather_backfill
2025,8,KOTA YOGYAKARTA,23.73,31.04,30.99,62.0,9.98,1009.0,3.08,200.0,100.0,openweather_backfill
2025,9,KAB BANTUL,23.82,31.94,31.19,64.0,18.2,1010.0,2.76,35.0,67.0,openweather_backfill
2025,9,KAB GUNUNG KIDUL,23.95,31.41,30.56,67.0,19.3,1010.0,3.29,39.0,64.0,openweather_backfill
2025,9,KAB KULON PROGO,23.89,31.82,31.19,66.0,18.08,1010.0,3.04,225.0,72.0,openweather_backfill
2025,9,KAB SLEMAN,22.94,31.07,30.83,65.0,14.55,1010.0,2.27,97.0,76.0,openweather_backfill
2025,9,KOTA YOGYAKARTA,23.47,32.26,31.8,61.0,14.73,1010.0,2.32,108.0,72.0,openweather_backfill
2025,10,KAB BANTUL,24.35,30.45,30.22,70.0,0.79,1008.0,5.39,147.0,50.5,openweather_backfill
2025,10,KAB GUNUNG KIDUL,24.68,30.13,29.91,71.5,0.11,1008.0,6.27,144.0,54.5,openweather_backfill
2025,10,KAB KULON PROGO,24.75,30.28,30.16,74.5,2.96,1008.0,3.91,148.0,61.5,openweather_backfill
2025,10,KAB SLEMAN,23.45,29.6,29.58,70.5,5.02,1008.0,2.62,103.0,54.5,openweather_backfill
2025,10,KOTA YOGYAKARTA,23.86,30.32,30.26,68.5,1.08,1008.0,3.11,157.0,34.5,openweather_backfill
2025,11,KAB BANTUL,22.89,31.17,31.17,62.0,5.94,1009.0,2.99,108.0,100.0,openweather_backfill
2025,11,KAB GUNUNG KIDUL,23.17,30.83,30.83,62.0,4.71,1009.0,3.75,111.0,100.0,openweather_backfill
2025,11,KAB KULON PROGO,23.08,31.14,30.23,63.0,10.59,1009.0,2.4,236.0,100.0,openweather_backfill
2025,11,KAB SLEMAN,21.9,30.04,30.04,66.0,10.99,1009.0,3.12,83.0,100.0,openweather_backfill
2025,11,KOTA YOGYAKARTA,22.37,30.97,30.97,63.0,11.26,1009.0,3.05,88.0,100.0,openweather_backfill
2025,12,KAB BANTUL,23.48,25.82,24.68,89.0,23.01,1009.0,2.09,313.0,100.0,openweather_backfill
2025,12,KAB GUNUNG KIDUL,23.76,25.81,24.87,88.0,24.63,1009.0,2.86,300.0,100.0,openweather_backfill
2025,12,KAB KULON PROGO,23.82,26.87,25.64,87.0,25.0,1009.0,2.18,283.0,100.0,openweather_backfill
2025,12,KAB SLEMAN,22.52,25.42,23.65,93.0,14.55,1009.0,2.42,288.0,100.0,openweather_backfill
2025,12,KOTA YOGYAKARTA,22.84,25.78,24.23,91.0,17.56,1009.0,2.01,293.0,100.0,openweather_backfill
2025,13,KAB BANTUL,24.37,30.43,30.18,66.0,11.25,1009.0,4.89,250.0,100.0,openweather_backfill
2025,13,KAB GUNUNG KIDUL,24.66,29.92,29.76,69.0,9.61,1009.0,5.04,255.0,100.0,openweather_backfill
2025,13,KAB KULON PROGO,24.62,30.66,30.66,64.0,3.26,1009.0,4.01,217.0,100.0,openweather_backfill
2025,13,KAB SLEMAN,22.84,31.67,30.98,55.0,8.09,1009.0,5.39,212.0,100.0,openweather_backfill
2025,13,KOTA YOGYAKARTA,23.61,31.48,30.94,59.0,11.49,1009.0,5.02,221.0,100.0,openweather_backfill
2025,14,KAB BANTUL,27.37,33.57,30.34,69.0,0.0,1009.0,5.37,251.0,100.0,openweather_backfill
2025,14,KAB GUNUNG KIDUL,27.53,33.12,30.01,71.0,0.0,1009.0,5.38,254.0,100.0,openweather_backfill
2025,14,KAB KULON PROGO,27.57,32.44,30.58,70.0,0.25,1009.0,4.39,244.0,100.0,openweather_backfill
2025,14,KAB SLEMAN,26.35,34.9,30.55,62.0,1.6,1009.0,5.04,240.0,100.0,openweather_backfill
2025,14,KOTA YOGYAKARTA,26.95,34.46,30.83,64.0,0.0,1009.0,5.33,243.0,100.0,openweather_backfill
2025,15,KAB BANTUL,25.42,32.64,31.09,62.0,0.0,1009.0,4.6,162.0,48.0,openweather_backfill
2025,15,KAB GUNUNG KIDUL,25.68,32.27,30.65,64.0,0.0,1010.0,4.94,160.0,44.0,openweather_backfill
2025,15,KAB KULON PROGO,25.75,31.76,31.76,60.0,0.0,1009.0,4.18,182.0,48.0,openweather_backfill
2025,15,KAB SLEMAN,24.02,33.24,31.24,56.0,0.0,1009.0,3.79,186.0,51.0,openweather_backfill
2025,15,KOTA YOGYAKARTA,24.83,33.16,31.59,57.0,0.0,1009.0,3.72,175.0,53.0,openweather_backfill
2025,16,KAB BANTUL,25.4,30.69,27.58,90.0,3.69,1010.0,3.77,129.0,100.0,openweather_backfill
2025,16,KAB GUNUNG KIDUL,25.57,30.57,27.49,90.0,3.73,1010.0,4.39,124.0,100.0,openweather_backfill
2025,16,KAB KULON PROGO,25.42,29.9,29.32,78.0,1.42,1010.0,3.35,159.0,99.0,openweather_backfill
2025,16,KAB SLEMAN,24.45,30.41,27.7,87.0,1.48,1010.0,1.97,155.0,100.0,openweather_backfill
2025,16,KOTA YOGYAKARTA,25.1,30.75,27.73,89.0,2.69,1010.0,2.66,145.0,100.0,openweather_backfill
2025,17,KAB BANTUL,26.92,33.63,30.73,69.0,0.16,1009.0,3.75,225.0,58.0,openweather_backfill
2025,17,KAB GUNUNG KIDUL,27.08,33.14,30.48,71.0,0.33,1009.0,3.52,227.0,56.0,openweather_backfill
2025,17,KAB KULON PROGO,27.15,31.59,31.24,70.0,1.3,1009.0,3.85,222.0,92.0,openweather_backfill
2025,17,KAB SLEMAN,25.99,35.24,30.42,64.0,0.0,1009.0,4.29,225.0,64.0,openweather_backfill
2025,17,KOTA YOGYAKARTA,26.55,34.59,30.96,66.0,0.0,1008.0,4.21,223.0,57.0,openweather_backfill
2025,18,KAB BANTUL,25.18,31.58,31.44,60.0,0.0,1010.0,5.05,157.0,1.0,openweather_backfill
2025,18,KAB GUNUNG KIDUL,25.45,31.26,31.16,62.0,0.0,1010.0,5.34,153.0,1.0,openweather_backfill
2025,18,KAB KULON PROGO,26.03,32.26,32.19,56.0,0.0,1009.0,4.75,171.0,16.0,openweather_backfill
2025,18,KAB SLEMAN,24.23,31.74,31.22,53.0,0.0,1010.0,4.75,181.0,12.0,openweather_backfill
2025,18,KOTA YOGYAKARTA,24.73,32.06,31.73,55.0,0.0,1009.0,4.93,173.0,4.0,openweather_backfill
2025,19,KAB BANTUL,26.15,33.96,32.6,58.0,0.0,1007.0,4.36,132.0,47.0,openweather_backfill
2025,19,KAB GUNUNG KIDUL,26.35,33.6,32.4,59.0,0.11,1007.0,4.77,140.0,46.0,openweather_backfill
2025,19,KAB KULON PROGO,26.5,32.73,32.73,63.0,0.19,1008.0,3.56,203.0,79.0,openweather_backfill
2025,19,KAB SLEMAN,24.88,34.59,31.74,56.0,0.0,1008.0,3.81,94.0,56.0,openweather_backfill
2025,19,KOTA YOGYAKARTA,25.62,34.44,32.47,55.0,0.0,1007.0,3.87,111.0,51.0,openweather_backfill
2025,20,KAB BANTUL,26.39,33.81,31.53,66.0,3.55,1007.0,4.28,205.0,88.0,openweather_backfill
2025,20,KAB GUNUNG KIDUL,26.52,33.36,31.16,68.0,3.06,1007.0,4.2,208.0,90.0,openweather_backfill
2025,20,KAB KULON PROGO,26.53,32.95,32.42,64.0,5.21,1007.0,4.11,211.0,68.0,openweather_backfill
2025,20,KAB SLEMAN,25.12,34.62,31.61,59.0,6.13,1007.0,3.72,215.0,65.0,openweather_backfill
2025,20,KOTA YOGYAKARTA,25.91,34.52,32.14,60.0,9.98,1007.0,3.98,200.0,75.0,openweather_backfill
2025,21,KAB BANTUL,27.57,32.57,32.57,68.0,7.71,1009.0,5.04,141.0,66.0,openweather_backfill
2025,21,KAB GUNUNG KIDUL,27.57,32.57,32.57,69.0,6.65,1009.0,5.83,136.0,68.0,openweather_backfill
2025,21,KAB KULON PROGO,27.4,32.5,32.5,71.0,3.6,1009.0,3.4,173.0,81.0,openweather_backfill
2025,21,KAB SLEMAN,26.48,31.48,31.48,67.0,3.38,1009.0,2.79,201.0,68.0,openweather_backfill
2025,21,KOTA YOGYAKARTA,27.23,32.23,32.23,67.0,8.63,1009.0,3.43,176.0,64.0,openweather_backfill
2025,22,KAB BANTUL,26.46,33.78,30.89,66.0,0.15,1008.0,2.52,187.0,34.0,openweather_backfill
2025,22,KAB GUNUNG KIDUL,26.46,33.49,30.67,67.0,0.32,1008.0,3.11,200.0,35.0,openweather_backfill
2025,22,KAB KULON PROGO,27.52,32.49,30.89,74.0,12.19,1008.0,3.28,212.0,40.0,openweather_backfill
2025,22,KAB SLEMAN,25.37,34.14,30.05,65.0,0.0,1008.0,2.18,104.0,34.0,openweather_backfill
2025,22,KOTA YOGYAKARTA,26.12,34.25,30.78,65.0,0.0,1008.0,2.03,150.0,33.0,openweather_backfill
2025,23,KAB BANTUL,25.73,29.62,28.51,70.0,0.0,1012.0,3.75,180.0,94.0,openweather_backfill
2025,23,KAB GUNUNG KIDUL,25.73,29.62,28.51,71.0,0.0,1012.0,4.06,39.0,93.0,openweather_backfill
2025,23,KAB KULON PROGO,26.07,32.06,29.26,71.0,0.0,1012.0,3.17,351.0,89.0,openweather_backfill
2025,23,KAB SLEMAN,24.64,28.53,27.42,69.0,0.0,1012.0,3.22,186.0,95.0,openweather_backfill
2025,23,KOTA YOGYAKARTA,25.4,29.29,28.18,69.0,0.0,1012.0,3.52,182.0,95.0,openweather_backfill
2025,24,KAB BANTUL,25.9,30.17,29.62,64.0,0.0,1009.0,5.7,147.0,98.0,openweather_backfill
2025,24,KAB GUNUNG KIDUL,25.9,30.17,29.62,65.0,0.0,1009.0,6.05,145.0,97.0,openweather_backfill
2025,24,KAB KULON PROGO,26.8,31.96,31.4,63.0,0.0,1009.0,4.21,149.0,76.0,openweather_backfill
2025,24,KAB SLEMAN,24.25,29.08,28.53,65.0,0.0,1010.0,3.68,159.0,100.0,openweather_backfill
2025,24,KOTA YOGYAKARTA,25.56,29.84,29.29,65.0,0.0,1009.0,4.66,152.0,100.0,openweather_backfill
2025,25,KAB BANTUL,26.29,31.29,30.73,65.0,0.0,1010.0,5.46,150.0,66.0,openweather_backfill
2025,25,KAB GUNUNG KIDUL,26.29,31.29,30.73,67.0,0.0,1010.0,6.23,145.0,63.0,openweather_backfill
2025,25,KAB KULON PROGO,26.59,34.54,31.62,69.0,0.0,1010.0,4.23,167.0,44.0,openweather_backfill
2025,25,KAB SLEMAN,25.37,30.37,29.64,62.0,0.0,1010.0,2.22,162.0,72.0,openweather_backfill
2025,25,KOTA YOGYAKARTA,25.96,30.96,30.4,62.0,0.12,1009.0,3.42,160.0,67.0,openweather_backfill
2025,26,KAB BANTUL,26.39,30.17,29.62,66.0,0.0,1010.0,6.92,132.0,66.0,openweather_backfill
2025,26,KAB GUNUNG KIDUL,26.44,30.17,29.62,67.0,0.0,1010.0,8.0,133.0,61.0,openweather_backfill
2025,26,KAB KULON PROGO,26.33,32.2,30.64,73.0,0.0,1010.0,4.64,127.0,86.0,openweather_backfill
2025,26,KAB SLEMAN,25.26,29.08,28.53,64.0,0.21,1011.0,4.09,156.0,70.0,openweather_backfill
2025,26,KOTA YOGYAKARTA,26.06,29.84,29.29,64.0,0.0,1010.0,5.16,143.0,73.0,openweather_backfill
2025,27,KAB BANTUL,26.29,30.17,30.17,62.0,0.0,1009.0,7.48,129.0,56.0,openweather_backfill
2025,27,KAB GUNUNG KIDUL,26.29,30.17,30.17,63.0,0.0,1009.0,8.57,129.0,52.0,openweather_backfill
2025,27,KAB KULON PROGO,26.87,33.67,32.26,67.0,0.0,1009.0,5.53,137.0,62.0,openweather_backfill
2025,27,KAB SLEMAN,25.2,29.08,29.08,60.0,0.0,1009.0,3.41,115.0,67.0,openweather_backfill
2025,27,KOTA YOGYAKARTA,25.96,29.84,29.84,60.0,0.0,1009.0,4.98,124.0,65.0,openweather_backfill
2025,28,KAB BANTUL,25.73,32.79,29.06,92.0,0.0,1011.0,4.31,146.0,62.0,openweather_backfill
2025,28,KAB GUNUNG KIDUL,25.73,32.71,29.06,91.0,0.0,1011.0,5.29,141.0,65.0,openweather_backfill
2025,28,KAB KULON PROGO,26.62,32.64,31.74,87.0,0.0,1011.0,2.88,168.0,56.0,openweather_backfill
2025,28,KAB SLEMAN,24.64,32.04,27.97,64.0,0.0,1011.0,1.78,305.0,50.0,openweather_backfill
2025,28,KOTA YOGYAKARTA,25.4,32.64,28.73,64.0,0.0,1011.0,2.33,177.0,51.0,openweather_backfill
2025,29,KAB BANTUL,22.55,29.15,28.51,84.0,0.0,1011.0,5.04,162.0,42.0,openweather_backfill
2025,29,KAB GUNUNG KIDUL,22.55,28.96,28.51,83.0,0.0,1011.0,5.36,154.0,39.0,openweather_backfill
2025,29,KAB KULON PROGO,25.52,32.34,30.97,77.0,0.0,1011.0,3.35,159.0,47.0,openweather_backfill
2025,29,KAB SLEMAN,21.45,29.49,27.42,66.0,0.0,1011.0,3.97,191.0,48.0,openweather_backfill
2025,29,KOTA YOGYAKARTA,22.21,28.66,28.18,66.0,0.0,1011.0,4.43,181.0,46.0,openweather_backfill
2025,30,KAB BANTUL,22.57,29.62,28.73,58.0,0.0,1010.0,6.16,152.0,1.0,openweather_backfill
2025,30,KAB GUNUNG KIDUL,22.57,29.62,28.73,58.0,0.0,1010.0,6.56,145.0,1.0,openweather_backfill
2025,30,KAB KULON PROGO,23.13,30.28,30.12,55.0,0.0,1010.0,5.12,162.0,4.0,openweather_backfill
2025,30,KAB SLEMAN,21.48,28.53,27.42,49.0,0.0,1009.0,4.7,179.0,3.0,openweather_backfill
2025,30,KOTA YOGYAKARTA,22.23,29.29,28.39,58.0,0.0,1009.0,5.19,170.0,3.0,openweather_backfill
2025,31,KAB BANTUL,26.84,31.51,30.4,62.0,0.0,1011.0,6.3,156.0,35.0,openweather_backfill
2025,31,KAB GUNUNG KIDUL,26.84,31.51,30.4,62.0,0.0,1012.0,6.64,152.0,29.0,openweather_backfill
2025,31,KAB KULON PROGO,27.03,31.84,31.74,65.0,0.0,1011.0,5.53,161.0,57.0,openweather_backfill
2025,31,KAB SLEMAN,25.75,30.2,29.08,59.0,1.27,1011.0,4.89,174.0,62.0,openweather_backfill
2025,31,KOTA YOGYAKARTA,26.51,31.17,30.06,62.0,0.22,1011.0,5.52,168.0,52.0,openweather_backfill
2025,32,KAB BANTUL,26.84,31.51,30.73,69.0,0.0,1011.0,6.29,157.0,67.0,openweather_backfill
2025,32,KAB GUNUNG KIDUL,26.84,31.51,30.73,70.0,0.0,1011.0,6.88,153.0,68.0,openweather_backfill
2025,32,KAB KULON PROGO,27.42,32.08,32.08,69.0,0.0,1011.0,4.59,156.0,84.0,openweather_backfill
2025,32,KAB SLEMAN,25.75,30.2,29.64,58.0,0.0,1011.0,3.67,203.0,40.0,openweather_backfill
2025,32,KOTA YOGYAKARTA,26.51,31.17,30.4,58.0,0.0,1011.0,4.55,166.0,54.0,openweather_backfill
2025,33,KAB BANTUL,27.4,30.73,30.17,75.0,0.0,1011.0,6.25,160.0,96.0,openweather_backfill
2025,33,KAB GUNUNG KIDUL,27.4,30.73,30.17,75.0,0.0,1011.0,6.57,155.0,94.0,openweather_backfill
2025,33,KAB KULON PROGO,27.41,31.99,31.99,73.0,0.0,1011.0,5.15,155.0,77.0,openweather_backfill
2025,33,KAB SLEMAN,26.31,29.64,29.08,59.0,0.0,1011.0,4.54,184.0,98.0,openweather_backfill
2025,33,KOTA YOGYAKARTA,27.07,30.52,29.84,59.0,0.0,1011.0,5.34,174.0,99.0,openweather_backfill
2025,34,KAB BANTUL,22.44,31.84,30.17,60.0,0.0,1010.0,7.99,150.0,46.0,openweather_backfill
2025,34,KAB GUNUNG KIDUL,22.44,31.84,30.17,61.0,0.0,1010.0,9.11,148.0,53.0,openweather_backfill
2025,34,KAB KULON PROGO,25.49,31.88,31.88,58.0,0.0,1010.0,6.45,164.0,49.0,openweather_backfill
2025,34,KAB SLEMAN,21.34,30.75,30.21,58.0,0.0,1010.0,4.42,172.0,25.0,openweather_backfill
2025,34,KOTA YOGYAKARTA,22.1,31.51,29.84,50.0,0.0,1010.0,5.77,163.0,30.0,openweather_backfill
2025,35,KAB BANTUL,24.1,31.07,29.95,65.0,0.0,1011.0,5.0,172.0,56.0,openweather_backfill
2025,35,KAB GUNUNG KIDUL,24.1,31.07,29.95,65.0,0.0,1011.0,5.29,166.0,58.0,openweather_backfill
2025,35,KAB KULON PROGO,26.22,30.43,30.05,65.0,0.15,1011.0,3.85,194.0,32.0,openweather_backfill
2025,35,KAB SLEMAN,23.0,29.64,28.53,61.0,0.53,1011.0,5.09,203.0,42.0,openweather_backfill
2025,35,KOTA YOGYAKARTA,23.76,30.4,29.29,61.0,0.1,1010.0,5.01,185.0,47.0,openweather_backfill
2025,36,KAB BANTUL,24.53,30.51,29.4,66.0,0.57,1011.0,7.33,147.0,76.0,openweather_backfill
2025,36,KAB GUNUNG KIDUL,24.51,30.51,29.4,66.0,0.34,1011.0,8.15,142.0,75.0,openweather_backfill
2025,36,KAB KULON PROGO,25.44,33.33,31.86,70.0,1.23,1011.0,5.14,145.0,67.0,openweather_backfill
2025,36,KAB SLEMAN,23.92,29.08,28.53,59.0,2.1,1011.0,4.43,194.0,57.0,openweather_backfill
2025,36,KOTA YOGYAKARTA,24.29,29.84,29.29,59.0,0.73,1011.0,5.08,161.0,66.0,openweather_backfill
2025,37,KAB BANTUL,24.27,30.51,30.51,56.0,0.0,1012.0,6.98,151.0,83.0,openweather_backfill
2025,37,KAB GUNUNG KIDUL,24.27,30.51,30.51,54.0,0.0,1012.0,7.32,146.0,81.0,openweather_backfill
2025,37,KAB KULON PROGO,24.69,31.05,30.06,58.0,0.0,1012.0,5.44,149.0,87.0,openweather_backfill
2025,37,KAB SLEMAN,23.17,29.08,29.08,49.0,0.0,1012.0,5.2,171.0,100.0,openweather_backfill
2025,37,KOTA YOGYAKARTA,23.93,29.84,29.84,49.0,0.0,1012.0,5.78,161.0,93.0,openweather_backfill
2025,38,KAB BANTUL,22.44,32.73,31.07,54.0,0.0,1011.0,7.31,150.0,54.0,openweather_backfill
2025,38,KAB GUNUNG KIDUL,22.44,32.73,31.07,55.0,0.0,1012.0,7.44,148.0,54.0,openweather_backfill
2025,38,KAB KULON PROGO,25.72,32.65,31.21,55.0,0.0,1011.0,6.55,154.0,68.0,openweather_backfill
2025,38,KAB SLEMAN,21.34,30.75,29.08,50.0,0.0,1011.0,5.62,155.0,63.0,openweather_backfill
2025,38,KOTA YOGYAKARTA,22.1,31.51,29.84,50.0,0.0,1011.0,6.57,153.0,59.0,openweather_backfill
2025,39,KAB BANTUL,22.44,32.26,31.62,61.0,2.08,1010.0,6.58,161.0,52.0,openweather_backfill
2025,39,KAB GUNUNG KIDUL,22.44,32.26,31.62,61.0,1.52,1010.0,7.41,155.0,53.0,openweather_backfill
2025,39,KAB KULON PROGO,26.44,32.59,32.59,59.0,0.26,1010.0,4.78,177.0,47.0,openweather_backfill
2025,39,KAB SLEMAN,21.34,31.43,30.2,54.0,3.96,1010.0,4.43,218.0,46.0,openweather_backfill
2025,39,KOTA YOGYAKARTA,22.1,32.05,30.96,54.0,3.31,1010.0,4.94,190.0,50.0,openweather_backfill
2025,40,KAB BANTUL,22.44,34.62,33.29,51.0,0.66,1011.0,6.73,150.0,83.0,openweather_backfill
2025,40,KAB GUNUNG KIDUL,22.44,34.62,33.29,68.0,0.0,1011.0,7.88,148.0,82.0,openweather_backfill
2025,40,KAB KULON PROGO,28.2,34.49,33.78,73.0,1.39,1011.0,4.63,173.0,80.0,openweather_backfill
2025,40,KAB SLEMAN,21.34,33.53,31.31,46.0,0.48,1010.0,2.79,216.0,91.0,openweather_backfill
2025,40,KOTA YOGYAKARTA,22.1,34.29,32.07,46.0,0.63,1010.0,3.72,139.0,86.0,openweather_backfill
2025,41,KAB BANTUL,22.44,31.84,31.07,62.0,0.0,1012.0,4.78,180.0,54.0,openweather_backfill
2025,41,KAB GUNUNG KIDUL,22.44,31.84,31.07,57.0,0.0,1012.0,4.76,184.0,59.0,openweather_backfill
2025,41,KAB KULON PROGO,26.23,32.49,32.02,58.0,0.24,1012.0,4.9,221.0,71.0,openweather_backfill
2025,41,KAB SLEMAN,21.34,30.75,30.2,48.0,0.12,1012.0,4.18,108.0,39.0,openweather_backfill
2025,41,KOTA YOGYAKARTA,22.1,31.51,30.96,48.0,0.2,1011.0,4.69,194.0,44.0,openweather_backfill
2025,42,KAB BANTUL,25.77,33.29,32.95,53.0,0.52,1010.0,6.08,161.0,94.0,openweather_backfill
2025,42,KAB GUNUNG KIDUL,25.77,33.29,32.95,56.0,0.32,1010.0,6.92,156.0,94.0,openweather_backfill
2025,42,KAB KULON PROGO,27.65,32.85,31.94,60.0,2.08,1010.0,4.73,170.0,99.0,openweather_backfill
2025,42,KAB SLEMAN,24.11,32.45,31.86,48.0,1.66,1009.0,4.22,200.0,94.0,openweather_backfill
2025,42,KOTA YOGYAKARTA,25.43,32.62,32.62,48.0,1.08,1009.0,4.76,187.0,93.0,openweather_backfill
2025,43,KAB BANTUL,26.33,32.05,31.84,62.0,0.11,1006.0,4.87,175.0,48.0,openweather_backfill
2025,43,KAB GUNUNG KIDUL,26.33,31.84,31.84,63.0,0.2,1006.0,5.01,166.0,48.0,openweather_backfill
2025,43,KAB KULON PROGO,27.08,31.73,31.11,63.0,0.11,1006.0,4.09,185.0,56.0,openweather_backfill
2025,43,KAB SLEMAN,25.92,31.87,30.75,62.0,0.0,1006.0,3.43,210.0,44.0,openweather_backfill
2025,43,KOTA YOGYAKARTA,25.99,31.53,31.51,62.0,0.0,1006.0,4.11,195.0,47.0,openweather_backfill
2025,44,KAB BANTUL,25.1,28.51,26.93,88.0,2.83,1010.0,3.99,187.0,100.0,openweather_backfill
2025,44,KAB GUNUNG KIDUL,25.17,28.51,26.84,88.0,1.63,1010.0,4.07,182.0,100.0,openweather_backfill
2025,44,KAB KULON PROGO,25.0,30.13,28.26,85.0,2.77,1011.0,3.02,174.0,100.0,openweather_backfill
2025,44,KAB SLEMAN,24.03,27.42,25.84,91.0,3.26,1011.0,3.06,206.0,100.0,openweather_backfill
2025,44,KOTA YOGYAKARTA,24.79,28.18,26.56,89.0,3.5,1010.0,3.38,198.0,100.0,openweather_backfill
2025,45,KAB BANTUL,26.22,30.41,30.41,100.0,2.81,1011.0,4.8,151.0,100.0,openweather_backfill
2025,45,KAB GUNUNG KIDUL,26.29,30.94,30.94,100.0,3.53,1011.0,5.41,149.0,100.0,openweather_backfill
2025,45,KAB KULON PROGO,25.78,30.48,29.98,80.0,4.16,1011.0,3.57,156.0,99.0,openweather_backfill
2025,45,KAB SLEMAN,25.22,28.1,28.1,81.0,0.63,1011.0,2.53,168.0,98.0,openweather_backfill
2025,45,KOTA YOGYAKARTA,25.91,29.98,29.98,91.0,2.61,1011.0,3.31,161.0,99.0,openweather_backfill
2025,46,KAB BANTUL,24.66,32.24,31.29,86.0,6.09,1009.0,4.69,283.0,100.0,openweather_backfill
2025,46,KAB GUNUNG KIDUL,24.66,32.36,31.29,87.0,6.42,1009.0,5.06,287.0,100.0,openweather_backfill
2025,46,KAB KULON PROGO,26.16,30.36,30.17,88.0,10.95,1009.0,2.19,281.0,100.0,openweather_backfill
2025,46,KAB SLEMAN,24.25,30.2,30.2,62.0,5.97,1009.0,3.96,234.0,100.0,openweather_backfill
2025,46,KOTA YOGYAKARTA,24.32,31.84,30.96,62.0,4.93,1009.0,4.06,276.0,100.0,openweather_backfill
2025,47,KAB BANTUL,24.94,31.43,30.48,100.0,0.0,1009.0,4.1,222.0,75.0,openweather_backfill
2025,47,KAB GUNUNG KIDUL,25.17,31.49,30.38,100.0,0.27,1009.0,3.82,222.0,73.0,openweather_backfill
2025,47,KAB KULON PROGO,26.05,30.74,30.74,86.0,0.6,1009.0,3.58,217.0,92.0,openweather_backfill
2025,47,KAB SLEMAN,24.03,30.27,29.88,70.0,0.55,1009.0,4.56,220.0,86.0,openweather_backfill
2025,47,KOTA YOGYAKARTA,24.69,31.09,30.16,86.0,0.0,1009.0,4.56,223.0,83.0,openweather_backfill
2025,48,KAB BANTUL,25.21,32.05,32.05,100.0,3.78,1008.0,4.43,225.0,98.0,openweather_backfill
2025,48,KAB GUNUNG KIDUL,25.21,32.05,32.05,100.0,5.52,1008.0,4.43,226.0,99.0,openweather_backfill
2025,48,KAB KULON PROGO,25.95,31.18,30.72,89.0,0.48,1008.0,3.76,214.0,100.0,openweather_backfill
2025,48,KAB SLEMAN,24.25,30.39,28.53,76.0,2.42,1008.0,4.2,218.0,94.0,openweather_backfill
2025,48,KOTA YOGYAKARTA,24.87,31.71,31.71,100.0,2.08,1008.0,4.55,219.0,95.0,openweather_backfill
2025,49,KAB BANTUL,24.66,31.63,30.96,100.0,0.0,1011.0,4.42,191.0,100.0,openweather_backfill
2025,49,KAB GUNUNG KIDUL,24.66,31.81,31.49,100.0,0.0,1011.0,4.27,184.0,100.0,openweather_backfill
2025,49,KAB KULON PROGO,25.48,31.51,31.51,77.0,0.0,1011.0,3.66,199.0,100.0,openweather_backfill
2025,49,KAB SLEMAN,24.11,29.8,28.66,73.0,1.06,1011.0,4.88,203.0,100.0,openweather_backfill
2025,49,KOTA YOGYAKARTA,24.32,31.25,30.53,87.0,0.84,1011.0,4.83,200.0,100.0,openweather_backfill
2025,50,KAB BANTUL,24.94,30.17,28.52,95.0,0.84,1010.0,3.25,192.0,100.0,openweather_backfill
2025,50,KAB GUNUNG KIDUL,25.17,30.59,30.04,100.0,1.19,1010.0,3.24,188.0,100.0,openweather_backfill
2025,50,KAB KULON PROGO,25.47,30.97,30.21,86.0,0.82,1010.0,3.04,198.0,100.0,openweather_backfill
2025,50,KAB SLEMAN,23.89,29.08,27.44,86.0,1.08,1010.0,3.17,210.0,100.0,openweather_backfill
2025,50,KOTA YOGYAKARTA,24.69,29.84,28.18,85.0,1.6,1010.0,3.16,202.0,100.0,openweather_backfill
2025,51,KAB BANTUL,25.21,32.05,31.01,100.0,0.0,1007.0,5.86,249.0,100.0,openweather_backfill
2025,51,KAB GUNUNG KIDUL,25.21,32.05,31.04,100.0,0.11,1007.0,6.09,251.0,100.0,openweather_backfill
2025,51,KAB KULON PROGO,27.1,31.34,30.96,83.0,0.19,1007.0,4.68,240.0,100.0,openweather_backfill
2025,51,KAB SLEMAN,25.36,30.95,27.97,83.0,0.1,1007.0,5.38,239.0,97.0,openweather_backfill
2025,51,KOTA YOGYAKARTA,24.87,31.71,30.48,93.0,0.0,1007.0,5.39,243.0,100.0,openweather_backfill
2025,52,KAB BANTUL,25.5,32.95,31.29,74.0,1.76,1007.0,3.75,186.0,100.0,openweather_backfill
2025,52,KAB GUNUNG KIDUL,25.73,32.95,31.29,73.0,1.27,1006.0,4.05,188.0,100.0,openweather_backfill
2025,52,KAB KULON PROGO,26.38,31.03,30.58,71.0,1.32,1006.0,3.57,197.0,100.0,openweather_backfill
2025,52,KAB SLEMAN,24.45,31.86,30.2,60.0,12.62,1007.0,2.3,313.0,100.0,openweather_backfill
2025,52,KOTA YOGYAKARTA,25.25,32.62,30.96,60.0,5.54,1007.0,2.82,176.0,100.0,openweather_backfill
