Year,Region,Week,Cases,Latitude,Longitude,NDVI,Cloud_Cover,Humidity,Precipitation_Total,Temperature_Min,Temperature_Max,Temperature_Avg,Pressure,Wind_Speed,Wind_Direction
2021,KAB BANTUL,1,25,-7.902328,110.2862991,0.642995912,99,62,9.82,24.6,30.34,30.34,1008,4.1,248
2021,KAB BANTUL,2,17,-7.902328,110.2862991,0.611755736,98,79,77.32,24.56,28.42,28.24,1007,4.44,272
2021,KAB BANTUL,3,9,-7.902328,110.2862991,0.632316756,96,58,19.04,24.19,30.86,30.86,1007,5.24,244
2021,KAB BANTUL,4,9,-7.902328,110.2862991,0.594489874,67,68,6.66,24.67,31.13,29.55,1009,2.85,178
2021,KAB BANTUL,5,6,-7.902328,110.2862991,0.657444545,100,62,94.21,23.85,31.09,30.74,1008,3.66,218
2021,KAB BANTUL,6,6,-7.902328,110.2862991,0.692693018,65,67,31.8,23.99,31.24,30.26,1007,5.66,251
2021,KAB BANTUL,7,11,-7.902328,110.2862991,0.65986872,85,68,5.68,24.11,30.01,29.68,1011,3.81,206
2021,KAB BANTUL,8,6,-7.902328,110.2862991,0.586866883,42,59,9.02,24.82,31.82,31.82,1010,4.08,179
2021,KAB BANTUL,9,10,-7.902328,110.2862991,0.621486047,79,55,28.25,25.16,32.79,32.79,1009,3.86,210
2021,KAB BANTUL,10,4,-7.902328,110.2862991,0.68585872,74,61,2.23,24.02,31.03,30.66,1010,4.71,237
2021,KAB BANTUL,11,8,-7.902328,110.2862991,0.723363026,75,78,20.99,24,30.39,27,1010,3.79,248
2021,KAB BANTUL,12,11,-7.902328,110.2862991,0.744564116,15,65,0.47,24.42,30.29,30.15,1007,5.13,233
2021,KAB BANTUL,13,18,-7.902328,110.2862991,0.579854926,80,63,0.55,24.46,30.7,30.63,1007,3.71,187
2021,KAB BANTUL,14,17,-7.902328,110.2862991,0.538252058,71,69,3.77,24.24,30.38,30.12,1007,3.54,186
2021,KAB BANTUL,15,17,-7.902328,110.2862991,0.686786073,42,64,5.09,25.22,31.09,31.06,1010,4.18,178
2021,KAB BANTUL,16,11,-7.902328,110.2862991,0.641296309,75,64,0.42,23.78,30.28,30.08,1011,4.13,171
2021,KAB BANTUL,17,7,-7.902328,110.2862991,0.633176356,43,60,0.15,23.52,30.49,30.49,1010,4.59,155
2021,KAB BANTUL,18,8,-7.902328,110.2862991,0.451042727,32,61,0.32,24.26,31.01,31.01,1010,4.61,153
2021,KAB BANTUL,19,11,-7.902328,110.2862991,0.490717237,8,54,0.15,22.66,29.98,29.97,1009,5.09,150
2021,KAB BANTUL,20,9,-7.902328,110.2862991,0.479850301,36,65,0.13,23.94,29.87,29.87,1008,6.93,146
2021,KAB BANTUL,21,12,-7.902328,110.2862991,0.439727062,100,63,0.42,24.08,30.59,30.59,1009,4.15,160
2021,KAB BANTUL,22,11,-7.902328,110.2862991,0.455337253,78,66,0.16,15.56,29.71,29.71,1009,4.92,156
2021,KAB BANTUL,23,7,-7.902328,110.2862991,0.44876843,27,66,0.15,13.89,30.22,30.22,1010,4.52,180
2021,KAB BANTUL,24,17,-7.902328,110.2862991,0.441449645,66,67,0,12.78,29.65,29.65,1011,4.83,147
2021,KAB BANTUL,25,10,-7.902328,110.2862991,0.463398749,99,66,25.89,12.78,29.24,29.24,1011,3.12,185
2021,KAB BANTUL,26,13,-7.902328,110.2862991,0.445756045,41,70,2.08,12.78,29.68,29.68,1010,4.32,150
2021,KAB BANTUL,27,10,-7.902328,110.2862991,0.416698481,87,64,0,12.56,21.45,20.89,1010,5.31,140
2021,KAB BANTUL,28,5,-7.902328,110.2862991,0.444784901,85,54,0,13.11,31.74,22,1008,5.02,96
2021,KAB BANTUL,29,7,-7.902328,110.2862991,0.437482072,34,65,0.24,22.71,29.06,28.65,1010,6.28,148
2021,KAB BANTUL,30,4,-7.902328,110.2862991,0.449509467,31,57,0.17,21.47,29.33,29.33,1012,6.97,143
2021,KAB BANTUL,31,7,-7.902328,110.2862991,0.45159643,79,68,0.21,24.33,27.99,27.93,1012,6.7,145
2021,KAB BANTUL,32,14,-7.902328,110.2862991,0.427696858,38,70,0.2,23.81,29.92,29.36,1011,5.57,150
2021,KAB BANTUL,33,6,-7.902328,110.2862991,0.409024668,6,55,0.24,23.01,31.56,31.47,1009,7.87,144
2021,KAB BANTUL,34,3,-7.902328,110.2862991,0.457490785,100,68,0.19,23.12,28.1,27.98,1011,5.67,156
2021,KAB BANTUL,35,4,-7.902328,110.2862991,0.459664783,81,66,0.2,23.25,28.92,28.92,1010,7.14,156
2021,KAB BANTUL,36,13,-7.902328,110.2862991,0.417001565,93,68,0.28,23.37,28,27.82,1011,6.12,151
2021,KAB BANTUL,37,12,-7.902328,110.2862991,0.448066832,99,77,7.69,23.42,27.87,26.4,1009,6.28,154
2021,KAB BANTUL,38,14,-7.902328,110.2862991,0.472102653,59,63,0.15,23.77,29.48,29.15,1011,7.49,153
2021,KAB BANTUL,39,21,-7.902328,110.2862991,0.401626538,80,69,2.65,24.55,29.62,29.23,1008,6.3,149
2021,KAB BANTUL,40,16,-7.902328,110.2862991,0.49376086,78,63,0.13,14.78,28.81,28.04,1010,6.16,164
2021,KAB BANTUL,41,2,-7.902328,110.2862991,0.531589936,82,59,0.1,13.11,29.56,22,1010,6.42,170
2021,KAB BANTUL,42,11,-7.902328,110.2862991,0.533697256,88,63,16.46,15.89,29.81,29.81,1009,5.28,163
2021,KAB BANTUL,43,20,-7.902328,110.2862991,0.427897886,28,61,0.17,24.53,30.92,30.92,1010,5.19,181
2021,KAB BANTUL,44,23,-7.902328,110.2862991,0.722761341,100,73,12.17,24.8,29.23,29.13,1010,4.2,159
2021,KAB BANTUL,45,22,-7.902328,110.2862991,0.655241345,100,68,39.62,15.89,30.75,21.45,1006,3.95,285
2021,KAB BANTUL,46,21,-7.902328,110.2862991,0.624118981,100,83,18.08,17,24.89,20.89,1010,3.07,253
2021,KAB BANTUL,47,46,-7.902328,110.2862991,0.71431022,85,68,0.11,16.45,29.79,29.53,1008,3.03,210
2021,KAB BANTUL,48,39,-7.902328,110.2862991,0.704525796,100,82,0.63,24.29,26.19,26.19,1009,2.97,308
2021,KAB BANTUL,49,39,-7.902328,110.2862991,0.634649381,100,74,4.97,17,28.36,28.36,1009,4.72,259
2021,KAB BANTUL,50,33,-7.902328,110.2862991,0.659067257,88,63,0,17.56,30.27,25.89,1010,4.25,232
2021,KAB BANTUL,51,21,-7.902328,110.2862991,0.577046918,100,69,17.66,16.45,30.72,25.89,1009,2.91,173
2021,KAB BANTUL,52,0,-7.902328,110.2862991,0.609448914,58,64,3.23,25.08,30.4,30.4,1010,4.39,227
2021,KAB GUNUNG KIDUL,1,0,-7.9930685,110.2704459,0.621967192,98,64,12.85,24.68,29.94,29.94,1008,4.13,249
2021,KAB GUNUNG KIDUL,2,0,-7.9930685,110.2704459,0.645332334,98,79,95.67,24.73,28.23,28.08,1007,4.85,272
2021,KAB GUNUNG KIDUL,3,0,-7.9930685,110.2704459,0.658342528,96,60,17.39,24.35,30.43,30.43,1007,5.36,245
2021,KAB GUNUNG KIDUL,4,0,-7.9930685,110.2704459,0.63062263,66,69,5.81,24.78,30.88,29.32,1009,3.19,193
2021,KAB GUNUNG KIDUL,5,0,-7.9930685,110.2704459,0.667684586,100,65,94.86,23.92,30.65,30.21,1008,3.76,220
2021,KAB GUNUNG KIDUL,6,0,-7.9930685,110.2704459,0.681673038,63,68,47.05,24.14,31.03,30.06,1007,6.4,254
2021,KAB GUNUNG KIDUL,7,0,-7.9930685,110.2704459,0.632917522,87,68,5.42,24.22,29.59,29.28,1011,3.86,201
2021,KAB GUNUNG KIDUL,8,0,-7.9930685,110.2704459,0.612190579,39,61,8.24,24.94,31.17,31.17,1010,4.21,177
2021,KAB GUNUNG KIDUL,9,0,-7.9930685,110.2704459,0.552831123,78,58,33.31,25.35,32.16,32.16,1009,3.67,209
2021,KAB GUNUNG KIDUL,10,0,-7.9930685,110.2704459,0.628604248,72,62,1,24.12,30.63,30.38,1010,4.89,237
2021,KAB GUNUNG KIDUL,11,0,-7.9930685,110.2704459,0.65410994,76,59,17.9,24.35,30.45,30.45,1009,4.47,248
2021,KAB GUNUNG KIDUL,12,2,-7.9930685,110.2704459,0.638411264,12,67,0,24.55,29.86,29.77,1007,5.18,234
2021,KAB GUNUNG KIDUL,13,2,-7.9930685,110.2704459,0.688801392,83,64,0.23,24.57,30.24,30.13,1007,3.71,187
2021,KAB GUNUNG KIDUL,14,1,-7.9930685,110.2704459,0.619768717,69,71,3.5,24.27,29.91,29.58,1007,3.91,160
2021,KAB GUNUNG KIDUL,15,0,-7.9930685,110.2704459,0.637572887,44,66,5.62,25.4,30.79,30.58,1010,4.48,177
2021,KAB GUNUNG KIDUL,16,1,-7.9930685,110.2704459,0.689244495,74,67,0.1,23.9,29.85,29.49,1011,4.35,169
2021,KAB GUNUNG KIDUL,17,0,-7.9930685,110.2704459,0.553425388,45,63,0.1,23.64,29.96,29.96,1011,5.14,154
2021,KAB GUNUNG KIDUL,18,0,-7.9930685,110.2704459,0.412419405,32,64,0,24.41,30.49,30.44,1010,5.06,147
2021,KAB GUNUNG KIDUL,19,1,-7.9930685,110.2704459,0.408484362,7,56,0,22.76,29.64,29.64,1009,5.42,150
2021,KAB GUNUNG KIDUL,20,1,-7.9930685,110.2704459,0.413285785,38,68,0,24.12,29.53,29.29,1008,7.65,143
2021,KAB GUNUNG KIDUL,21,0,-7.9930685,110.2704459,0.473250716,100,65,0.62,24.23,30.07,30.07,1009,4.52,156
2021,KAB GUNUNG KIDUL,22,2,-7.9930685,110.2704459,0.494894651,79,68,0,15.56,29.19,29.19,1009,5.38,154
2021,KAB GUNUNG KIDUL,23,0,-7.9930685,110.2704459,0.414761466,28,69,0,13.89,29.66,29.66,1010,4.59,176
2021,KAB GUNUNG KIDUL,24,1,-7.9930685,110.2704459,0.457726107,64,69,0,12.78,29.39,29.25,1011,5.32,144
2021,KAB GUNUNG KIDUL,25,1,-7.9930685,110.2704459,0.47903391,99,68,27.42,12.78,28.85,28.85,1011,3.32,183
2021,KAB GUNUNG KIDUL,26,0,-7.9930685,110.2704459,0.428558358,38,71,2.68,12.78,29.27,29.27,1010,4.9,147
2021,KAB GUNUNG KIDUL,27,0,-7.9930685,110.2704459,0.440878879,90,65,0,12.56,21.45,20.89,1010,6.03,138
2021,KAB GUNUNG KIDUL,28,0,-7.9930685,110.2704459,0.461673833,84,57,0,13.11,31.33,22,1008,5.33,110
2021,KAB GUNUNG KIDUL,29,0,-7.9930685,110.2704459,0.43573612,34,68,0,22.9,28.53,28.16,1010,7.02,145
2021,KAB GUNUNG KIDUL,30,1,-7.9930685,110.2704459,0.477345649,33,59,0.25,21.58,28.87,28.87,1013,7.49,142
2021,KAB GUNUNG KIDUL,31,0,-7.9930685,110.2704459,0.50761833,76,68,0.15,24.55,27.9,27.9,1012,7.28,136
2021,KAB GUNUNG KIDUL,32,0,-7.9930685,110.2704459,0.399552471,37,74,0,23.9,29.36,28.52,1011,6.22,147
2021,KAB GUNUNG KIDUL,33,0,-7.9930685,110.2704459,0.440282612,6,58,0,23.14,30.86,30.86,1009,9.02,144
2021,KAB GUNUNG KIDUL,34,0,-7.9930685,110.2704459,0.416247358,100,70,0.45,23.23,27.8,27.65,1011,6.32,153
2021,KAB GUNUNG KIDUL,35,1,-7.9930685,110.2704459,0.444016844,79,69,0,23.47,28.35,28.35,1010,7.75,152
2021,KAB GUNUNG KIDUL,36,1,-7.9930685,110.2704459,0.449670356,93,70,0,23.55,27.81,27.45,1011,6.82,148
2021,KAB GUNUNG KIDUL,37,0,-7.9930685,110.2704459,0.394463847,99,77,5.35,23.42,27.58,26.19,1009,7.16,150
2021,KAB GUNUNG KIDUL,38,1,-7.9930685,110.2704459,0.461236901,58,65,0,23.99,28.95,28.62,1011,8.14,149
2021,KAB GUNUNG KIDUL,39,1,-7.9930685,110.2704459,0.505321601,79,71,1.58,24.73,29.29,28.64,1008,7.34,145
2021,KAB GUNUNG KIDUL,40,1,-7.9930685,110.2704459,0.527377154,79,64,0,14.78,28.42,27.7,1011,6.47,160
2021,KAB GUNUNG KIDUL,41,1,-7.9930685,110.2704459,0.419398025,82,62,0,13.11,28.97,22,1010,6.56,165
2021,KAB GUNUNG KIDUL,42,2,-7.9930685,110.2704459,0.368299918,86,64,21.21,15.89,29.46,29.46,1009,5.68,159
2021,KAB GUNUNG KIDUL,43,2,-7.9930685,110.2704459,0.453348252,29,64,0,24.67,30.24,30.14,1010,5.44,172
2021,KAB GUNUNG KIDUL,44,4,-7.9930685,110.2704459,0.710113656,100,75,13.82,24.97,28.87,28.75,1010,4.78,155
2021,KAB GUNUNG KIDUL,45,4,-7.9930685,110.2704459,0.647517238,100,70,41.52,15.89,30.5,21.45,1006,4.39,286
2021,KAB GUNUNG KIDUL,46,4,-7.9930685,110.2704459,0.666671284,100,83,20.09,17,25,20.89,1010,3.67,260
2021,KAB GUNUNG KIDUL,47,5,-7.9930685,110.2704459,0.659507623,85,68,0,16.45,29.45,29.29,1008,3.28,212
2021,KAB GUNUNG KIDUL,48,16,-7.9930685,110.2704459,0.655756549,100,82,0.35,24.38,26.2,26.2,1009,3.2,309
2021,KAB GUNUNG KIDUL,49,12,-7.9930685,110.2704459,0.63373368,100,75,4.73,17,28.11,28,1009,4.99,261
2021,KAB GUNUNG KIDUL,50,8,-7.9930685,110.2704459,0.635020538,91,66,0,17.56,29.81,25.89,1010,4.38,254
2021,KAB GUNUNG KIDUL,51,12,-7.9930685,110.2704459,0.738145565,100,72,12.44,16.45,30.35,25.89,1009,3.29,177
2021,KAB GUNUNG KIDUL,52,1,-7.9930685,110.2704459,0.709524252,58,66,3.33,25.24,29.86,29.86,1011,4.78,277
2021,KAB KULON PROGO,1,1,-7.8124619,109.9789867,0.68444507,97,70,27.99,9.44,30.11,16.11,796,3.88,240
2021,KAB KULON PROGO,2,3,-7.8124619,109.9789867,0.633424783,100,77,86.43,13.33,26.76,17.22,796,3.31,246
2021,KAB KULON PROGO,3,1,-7.8124619,109.9789867,0.667754911,97,60,34.44,9.44,31,20,795,4.81,242
2021,KAB KULON PROGO,4,0,-7.8124619,109.9789867,0.687683992,63,71,26.64,13.89,31.33,29.82,1009,2.59,186
2021,KAB KULON PROGO,5,1,-7.8124619,109.9789867,0.661122132,91,62,50.92,14.44,31.69,31.28,1009,3.24,228
2021,KAB KULON PROGO,6,2,-7.8124619,109.9789867,0.679285474,63,64,12.41,24.08,31.87,31.09,1007,4.93,272
2021,KAB KULON PROGO,7,0,-7.8124619,109.9789867,0.687765155,52,70,9.07,24.12,30.81,29.8,1011,2.98,213
2021,KAB KULON PROGO,8,6,-7.8124619,109.9789867,0.758842996,70,52,2.27,24.58,33.6,33.59,1010,3.38,190
2021,KAB KULON PROGO,9,0,-7.8124619,109.9789867,0.706440237,77,49,16.32,24.65,33.84,33.84,1009,3.7,211
2021,KAB KULON PROGO,10,4,-7.8124619,109.9789867,0.700915277,51,59,14.69,23.94,31.72,31.34,1010,4.4,237
2021,KAB KULON PROGO,11,4,-7.8124619,109.9789867,0.654890638,83,52,24.7,24.05,31.92,31.84,1009,4.64,232
2021,KAB KULON PROGO,12,2,-7.8124619,109.9789867,0.56481703,50,62,0.46,24.18,30.74,30.63,1007,4.24,232
2021,KAB KULON PROGO,13,4,-7.8124619,109.9789867,0.669147967,58,61,0,24.49,31.55,31.49,1007,3.19,199
2021,KAB KULON PROGO,14,4,-7.8124619,109.9789867,0.643180074,82,60,29.36,24.18,31.81,31.81,1007,3.8,201
2021,KAB KULON PROGO,15,2,-7.8124619,109.9789867,0.646865342,66,61,5.71,24.36,31.84,31.84,1010,3.72,200
2021,KAB KULON PROGO,16,4,-7.8124619,109.9789867,0.562942475,78,59,0.53,23.68,31.24,31.18,1011,3.91,203
2021,KAB KULON PROGO,17,2,-7.8124619,109.9789867,0.670574821,63,54,0,23.53,31.7,31.7,1010,4.15,191
2021,KAB KULON PROGO,18,5,-7.8124619,109.9789867,0.513303704,46,89,0.93,11.11,20.56,20,890,4.07,188
2021,KAB KULON PROGO,19,2,-7.8124619,109.9789867,0.347866322,6,73,0,10.56,24.98,20.56,888,4.79,160
2021,KAB KULON PROGO,20,2,-7.8124619,109.9789867,0.407222558,23,99,0,11.67,29.17,18.89,888,5.32,166
2021,KAB KULON PROGO,21,2,-7.8124619,109.9789867,0.468165722,99,74,0,15.32,23.33,20.86,890,3.52,184
2021,KAB KULON PROGO,22,2,-7.8124619,109.9789867,0.415321825,58,83,0,14.03,21.07,20.02,884,4.08,171
2021,KAB KULON PROGO,23,0,-7.8124619,109.9789867,0.473331998,33,83,3.85,13.89,20.78,20.29,886,3.51,196
2021,KAB KULON PROGO,24,4,-7.8124619,109.9789867,0.438628201,50,74,0,11.38,25.04,16.67,798,3.74,177
2021,KAB KULON PROGO,25,4,-7.8124619,109.9789867,0.3974187,99,62,4.67,12.78,30.07,30.04,1011,2.97,191
2021,KAB KULON PROGO,26,7,-7.8124619,109.9789867,0.412211012,67,75,0,12.78,24.92,17.78,798,3.16,181
2021,KAB KULON PROGO,27,2,-7.8124619,109.9789867,0.528002066,82,63,0,12.64,21.55,20.99,1010,4.18,147
2021,KAB KULON PROGO,28,0,-7.8124619,109.9789867,0.402816689,96,52,0,13.19,33.27,22.08,1008,3.24,203
2021,KAB KULON PROGO,29,0,-7.8124619,109.9789867,0.490222653,63,63,0,22.16,32.71,32.16,1010,5.58,161
2021,KAB KULON PROGO,30,0,-7.8124619,109.9789867,0.399225741,39,56,0,21.34,31.6,31.6,1012,6.12,153
2021,KAB KULON PROGO,31,0,-7.8124619,109.9789867,0.449724968,92,75,0.1,21.05,32.16,29.38,1013,5.31,144
2021,KAB KULON PROGO,32,0,-7.8124619,109.9789867,0.456475745,47,62,3.35,23.59,31.01,30.82,1011,3.84,183
2021,KAB KULON PROGO,33,0,-7.8124619,109.9789867,0.424083536,3,52,0,22.8,32.26,32.26,1010,4.92,176
2021,KAB KULON PROGO,34,0,-7.8124619,109.9789867,0.516260002,100,69,0.65,22.74,28.47,28.03,1012,4.37,150
2021,KAB KULON PROGO,35,0,-7.8124619,109.9789867,0.401163421,87,66,0,23.4,29.48,28.97,1010,5.33,159
2021,KAB KULON PROGO,36,0,-7.8124619,109.9789867,0.57616478,93,65,0,23.24,28.56,28.51,1011,4.22,146
2021,KAB KULON PROGO,37,3,-7.8124619,109.9789867,0.482997421,100,78,6.29,23.92,28.36,26.81,1010,4.72,154
2021,KAB KULON PROGO,38,0,-7.8124619,109.9789867,0.425255726,57,66,0.13,23.38,29.88,28.7,1011,5.38,156
2021,KAB KULON PROGO,39,0,-7.8124619,109.9789867,0.436002271,72,69,9,25.49,32.87,29.38,1008,4.57,154
2021,KAB KULON PROGO,40,1,-7.8124619,109.9789867,0.424615333,70,61,0,14.88,32.31,29.53,1010,4.89,171
2021,KAB KULON PROGO,41,0,-7.8124619,109.9789867,0.507089929,77,60,0,13.21,30.64,22.1,1010,5.29,171
2021,KAB KULON PROGO,42,1,-7.8124619,109.9789867,0.405336402,88,58,10.61,15.99,31.2,31.2,1009,4.64,171
2021,KAB KULON PROGO,43,2,-7.8124619,109.9789867,0.476677561,41,58,1.02,25.52,34.38,32.71,1010,4.45,189
2021,KAB KULON PROGO,44,0,-7.8124619,109.9789867,0.699125495,100,72,19.6,22.71,30.49,30.49,1010,3.44,165
2021,KAB KULON PROGO,45,1,-7.8124619,109.9789867,0.660911369,100,71,12.36,15.97,31.05,21.53,1006,2.95,264
2021,KAB KULON PROGO,46,0,-7.8124619,109.9789867,0.655456723,100,81,40.03,17.1,26.6,20.97,1010,2.19,219
2021,KAB KULON PROGO,47,6,-7.8124619,109.9789867,0.602156383,91,72,5.7,16.55,32.16,31.05,1008,2.71,166
2021,KAB KULON PROGO,48,2,-7.8124619,109.9789867,0.772874767,99,86,6.98,23.79,25.93,25.93,1009,1.97,263
2021,KAB KULON PROGO,49,7,-7.8124619,109.9789867,0.579968001,99,68,5.76,17.08,31.6,29.93,1009,3.72,239
2021,KAB KULON PROGO,50,5,-7.8124619,109.9789867,0.560564376,80,62,0.56,17.65,32.87,25.97,1010,4.09,221
2021,KAB KULON PROGO,51,8,-7.8124619,109.9789867,0.616175507,99,63,29.71,16.53,33.42,25.97,1009,3.51,198
2021,KAB KULON PROGO,52,0,-7.8124619,109.9789867,0.684420096,67,60,8.88,23.98,33.98,31.75,1011,4.15,213
2021,KAB SLEMAN,1,3,-7.689718,110.3812751,0.609989465,100,58,11.86,23.48,30.91,30.91,1008,4.02,239
2021,KAB SLEMAN,2,6,-7.689718,110.3812751,0.650649815,99,79,34.15,22.94,28.16,27.87,1007,3.41,226
2021,KAB SLEMAN,3,5,-7.689718,110.3812751,0.740530255,97,53,44.18,22.78,31.45,31.45,1007,4.65,235
2021,KAB SLEMAN,4,2,-7.689718,110.3812751,0.642553728,71,68,19.49,23.2,30.62,29.27,1009,1.56,133
2021,KAB SLEMAN,5,1,-7.689718,110.3812751,0.679273127,95,59,55.81,22.44,31.26,31.17,1009,2.99,213
2021,KAB SLEMAN,6,1,-7.689718,110.3812751,0.596386021,70,69,10.96,22.43,30.49,29.91,1007,3.45,255
2021,KAB SLEMAN,7,1,-7.689718,110.3812751,0.611800858,73,66,21.95,22.78,30.1,29.99,1011,3.26,217
2021,KAB SLEMAN,8,1,-7.689718,110.3812751,0.670623706,62,54,5.13,23.17,33.17,32.26,1010,3.09,184
2021,KAB SLEMAN,9,2,-7.689718,110.3812751,0.560076417,83,50,20.03,23.47,33.55,33.45,1009,4.87,220
2021,KAB SLEMAN,10,0,-7.689718,110.3812751,0.610286833,84,58,22.15,22.67,31.45,30.75,1010,3.86,235
2021,KAB SLEMAN,11,0,-7.689718,110.3812751,0.603720909,75,78,26.46,22.96,30.77,27,1010,3.24,240
2021,KAB SLEMAN,12,8,-7.689718,110.3812751,0.614265368,30,60,1.8,22.73,31.01,30.65,1007,4.78,224
2021,KAB SLEMAN,13,19,-7.689718,110.3812751,0.653841057,72,58,0.13,23.04,31.2,31.2,1007,3.71,192
2021,KAB SLEMAN,14,12,-7.689718,110.3812751,0.817893297,80,62,19.82,23,30.87,30.83,1007,2.97,208
2021,KAB SLEMAN,15,19,-7.689718,110.3812751,0.677068916,33,57,4.1,23.54,31.71,31.71,1010,3.34,195
2021,KAB SLEMAN,16,26,-7.689718,110.3812751,0.654963958,79,55,0,22.26,31.01,31.01,1011,2.75,179
2021,KAB SLEMAN,17,17,-7.689718,110.3812751,0.61983362,30,53,0,21.87,31.39,31.21,1011,2.48,183
2021,KAB SLEMAN,18,8,-7.689718,110.3812751,0.347312141,37,52,0.22,22.76,32.21,31.98,1010,2.78,150
2021,KAB SLEMAN,19,21,-7.689718,110.3812751,0.414139276,15,47,0,21.03,30.53,30.17,1009,3.96,176
2021,KAB SLEMAN,20,11,-7.689718,110.3812751,0.469226299,25,55,0.33,22.17,31.01,31.01,1008,4.22,182
2021,KAB SLEMAN,21,22,-7.689718,110.3812751,0.449413527,100,59,0,22.59,31.1,31.1,1010,1.82,189
2021,KAB SLEMAN,22,17,-7.689718,110.3812751,0.40164735,69,58,0,15.56,30.42,30.42,1009,3.04,178
2021,KAB SLEMAN,23,16,-7.689718,110.3812751,0.485707373,21,55,0.49,13.89,31.28,31.28,1010,4.41,194
2021,KAB SLEMAN,24,14,-7.689718,110.3812751,0.461163347,78,60,0,12.78,30.18,30.18,1011,2.71,163
2021,KAB SLEMAN,25,10,-7.689718,110.3812751,0.474291376,99,63,1.79,12.78,29.5,29.35,1011,2.12,343
2021,KAB SLEMAN,26,6,-7.689718,110.3812751,0.406583503,49,63,0,12.78,30.12,30.12,1011,1.86,162
2021,KAB SLEMAN,27,10,-7.689718,110.3812751,0.358847077,71,62,0,11.46,20.35,19.79,1010,3.19,175
2021,KAB SLEMAN,28,13,-7.689718,110.3812751,0.475792523,89,46,0.42,12.01,31.93,20.9,1008,4.7,64
2021,KAB SLEMAN,29,12,-7.689718,110.3812751,0.464694865,31,57,0,20.95,30.38,29.58,1010,4.81,173
2021,KAB SLEMAN,30,8,-7.689718,110.3812751,0.356527529,19,50,0,19.79,30.49,30.25,1012,5.15,165
2021,KAB SLEMAN,31,9,-7.689718,110.3812751,0.505446207,86,68,0,22.36,27.49,27.2,1012,4.95,161
2021,KAB SLEMAN,32,1,-7.689718,110.3812751,0.438746073,38,52,2.75,22.59,31.77,31.77,1011,4.03,187
2021,KAB SLEMAN,33,9,-7.689718,110.3812751,0.53328518,4,43,0,21.54,33.48,32.69,1010,3.81,185
2021,KAB SLEMAN,34,4,-7.689718,110.3812751,0.442236996,100,61,0,21.56,28.45,28.45,1011,4.21,176
2021,KAB SLEMAN,35,10,-7.689718,110.3812751,0.428826675,85,54,0,21.48,30.56,30.56,1009,5.17,180
2021,KAB SLEMAN,36,10,-7.689718,110.3812751,0.420709769,95,62,0,21.34,28.53,28.03,1011,3.55,183
2021,KAB SLEMAN,37,7,-7.689718,110.3812751,0.366901492,98,74,6.68,22.57,28.46,26.83,1010,3.11,189
2021,KAB SLEMAN,38,9,-7.689718,110.3812751,0.346228339,57,52,0.12,21.97,30.52,30.52,1011,5.35,165
2021,KAB SLEMAN,39,9,-7.689718,110.3812751,0.432107017,85,62,13.32,22.84,30.56,30.41,1008,3.22,175
2021,KAB SLEMAN,40,10,-7.689718,110.3812751,0.387291592,72,55,0,13.68,30.03,29,1010,5.12,185
2021,KAB SLEMAN,41,16,-7.689718,110.3812751,0.430788577,79,47,0,12.01,31.47,20.9,1009,6.18,189
2021,KAB SLEMAN,42,8,-7.689718,110.3812751,0.415537716,90,57,13.69,14.79,30.99,30.62,1009,3.87,193
2021,KAB SLEMAN,43,14,-7.689718,110.3812751,0.426480643,27,50,0.39,23,32.93,32.77,1009,5.25,196
2021,KAB SLEMAN,44,2,-7.689718,110.3812751,0.719379915,100,67,33.87,23.21,29.89,29.79,1010,2.63,195
2021,KAB SLEMAN,45,12,-7.689718,110.3812751,0.590413595,100,64,20.49,14.79,30.56,20.35,1006,2.26,282
2021,KAB SLEMAN,46,11,-7.689718,110.3812751,0.635448813,100,86,36.02,15.9,23.32,19.79,1010,2.57,218
2021,KAB SLEMAN,47,16,-7.689718,110.3812751,0.563385457,85,68,0,15.35,29.69,28.87,1008,2.07,178
2021,KAB SLEMAN,48,15,-7.689718,110.3812751,0.668305466,99,81,0,22.92,25.41,25.41,1009,2.38,295
2021,KAB SLEMAN,49,15,-7.689718,110.3812751,0.604326493,100,69,4.85,15.9,28.85,28.85,1009,3.67,244
2021,KAB SLEMAN,50,12,-7.689718,110.3812751,0.626328265,74,54,0,16.46,31.05,24.79,1010,4.59,224
2021,KAB SLEMAN,51,1,-7.689718,110.3812751,0.603649076,99,60,19.03,15.35,31.05,24.79,1009,2.39,176
2021,KAB SLEMAN,52,0,-7.689718,110.3812751,0.633936647,65,55,10.94,23.29,31.45,31.45,1010,5.12,221
2021,KOTA YOGYAKARTA,1,0,-7.8239138,110.3479391,0.677052158,99,60,10.7,24.18,30.83,30.83,1008,4.13,244
2021,KOTA YOGYAKARTA,2,0,-7.8239138,110.3479391,0.714821051,99,78,78.32,23.86,28.52,28.3,1007,3.92,237
2021,KOTA YOGYAKARTA,3,0,-7.8239138,110.3479391,0.619649186,96,55,25.35,23.57,31.5,31.5,1007,5.04,240
2021,KOTA YOGYAKARTA,4,0,-7.8239138,110.3479391,0.674139697,69,67,4.88,24.09,31.46,29.77,1009,1.96,182
2021,KOTA YOGYAKARTA,5,0,-7.8239138,110.3479391,0.572885968,100,59,85.41,23.29,31.57,31.44,1009,3.49,215
2021,KOTA YOGYAKARTA,6,0,-7.8239138,110.3479391,0.603108218,,89.06,22.26,24.34,27.83,25.89,990.07,2.44,
2021,KOTA YOGYAKARTA,7,0,-7.8239138,110.3479391,0.623295836,79,64,7.12,23.57,30.49,30.2,1011,3.63,212
2021,KOTA YOGYAKARTA,8,0,-7.8239138,110.3479391,0.699570105,51,55,5.69,24.13,32.91,32.65,1010,3.79,181
2021,KOTA YOGYAKARTA,9,0,-7.8239138,110.3479391,0.697532667,81,52,20.93,24.45,33.62,33.62,1009,4.57,216
2021,KOTA YOGYAKARTA,10,0,-7.8239138,110.3479391,0.73967106,79,59,7.56,23.49,31.56,30.99,1010,4.38,238
2021,KOTA YOGYAKARTA,11,0,-7.8239138,110.3479391,0.594453305,75,78,24.94,23.76,30.88,27,1010,3.65,245
2021,KOTA YOGYAKARTA,12,0,-7.8239138,110.3479391,0.718753857,24,62,0.37,23.72,30.9,30.66,1007,5.12,228
2021,KOTA YOGYAKARTA,13,3,-7.8239138,110.3479391,0.63572884,76,59,0.59,23.9,31.36,31.36,1007,3.8,190
2021,KOTA YOGYAKARTA,14,2,-7.8239138,110.3479391,0.68360694,76,64,10.34,23.85,30.99,30.94,1007,3.43,198
2021,KOTA YOGYAKARTA,15,1,-7.8239138,110.3479391,0.630923462,36,60,5.1,24.53,31.73,31.73,1010,3.59,192
2021,KOTA YOGYAKARTA,16,0,-7.8239138,110.3479391,0.64771947,77,58,0.39,23.18,30.96,30.96,1011,3.55,177
2021,KOTA YOGYAKARTA,17,8,-7.8239138,110.3479391,0.666659413,36,55,0.24,22.9,31.27,31.27,1010,3.4,166
2021,KOTA YOGYAKARTA,18,0,-7.8239138,110.3479391,0.378982044,33,56,0.4,23.65,31.97,31.85,1010,3.66,158
2021,KOTA YOGYAKARTA,19,0,-7.8239138,110.3479391,0.341341772,11,51,0.16,22.03,30.54,30.33,1009,4.51,162
2021,KOTA YOGYAKARTA,20,1,-7.8239138,110.3479391,0.493189587,29,59,0.18,23.18,30.79,30.79,1008,6.65,147
2021,KOTA YOGYAKARTA,21,0,-7.8239138,110.3479391,0.45965947,100,59,0.37,23.41,31.32,31.32,1009,2.85,170
2021,KOTA YOGYAKARTA,22,1,-7.8239138,110.3479391,0.348328973,74,61,0.2,15.56,30.45,30.45,1009,3.94,166
2021,KOTA YOGYAKARTA,23,1,-7.8239138,110.3479391,0.548007929,24,60,0.24,13.89,31.09,31.09,1010,4.55,188
2021,KOTA YOGYAKARTA,24,4,-7.8239138,110.3479391,0.423365204,72,63,0,12.78,30.16,30.16,1011,3.71,153
2021,KOTA YOGYAKARTA,25,1,-7.8239138,110.3479391,0.393823012,99,64,15.93,12.78,29.73,29.68,1011,2.64,192
2021,KOTA YOGYAKARTA,26,3,-7.8239138,110.3479391,0.513869259,44,65,0.56,12.78,30.25,30.25,1010,3.01,158
2021,KOTA YOGYAKARTA,27,0,-7.8239138,110.3479391,0.523652417,78,63,0,12.22,21.11,20.55,1010,4.02,155
2021,KOTA YOGYAKARTA,28,0,-7.8239138,110.3479391,0.414054158,87,49,0,12.77,32.19,21.66,1008,4.74,80
2021,KOTA YOGYAKARTA,29,0,-7.8239138,110.3479391,0.49626444,32,60,0.27,21.93,30.02,29.4,1009,5.44,160
2021,KOTA YOGYAKARTA,30,0,-7.8239138,110.3479391,0.404079778,25,53,0,20.84,30.12,30.03,1012,5.99,153
2021,KOTA YOGYAKARTA,31,1,-7.8239138,110.3479391,0.450451288,84,67,0.25,23.51,27.99,27.77,1012,5.8,152
2021,KOTA YOGYAKARTA,32,1,-7.8239138,110.3479391,0.486652521,37,60,0.26,23.33,30.92,30.92,1011,4.6,173
2021,KOTA YOGYAKARTA,33,0,-7.8239138,110.3479391,0.448208068,6,48,0.21,22.42,32.96,32.41,1009,5.16,140
2021,KOTA YOGYAKARTA,34,2,-7.8239138,110.3479391,0.440566181,100,64,0.17,22.5,28.49,28.49,1011,4.86,164
2021,KOTA YOGYAKARTA,35,2,-7.8239138,110.3479391,0.38877478,85,59,0.22,22.43,30,30,1009,6.04,167
2021,KOTA YOGYAKARTA,36,0,-7.8239138,110.3479391,0.404785244,94,64,0.28,22.58,28.63,28.31,1011,4.68,164
2021,KOTA YOGYAKARTA,37,0,-7.8239138,110.3479391,0.403244068,98,75,5.66,23.13,28.24,26.79,1009,4.46,142
2021,KOTA YOGYAKARTA,38,2,-7.8239138,110.3479391,0.482000455,60,57,0.15,22.95,30.37,30.18,1011,6.41,156
2021,KOTA YOGYAKARTA,39,2,-7.8239138,110.3479391,0.422208134,82,63,4.59,23.83,30.43,30.26,1008,4.44,159
2021,KOTA YOGYAKARTA,40,2,-7.8239138,110.3479391,0.448563222,76,59,0,14.44,29.62,28.61,1010,5.63,175
2021,KOTA YOGYAKARTA,41,0,-7.8239138,110.3479391,0.468734257,81,52,0.14,12.77,30.71,21.66,1009,6.32,180
2021,KOTA YOGYAKARTA,42,3,-7.8239138,110.3479391,0.464954627,92,60,16.24,15.55,30.76,30.34,1009,4.53,176
2021,KOTA YOGYAKARTA,43,1,-7.8239138,110.3479391,0.488492955,26,54,0.14,23.92,32.29,32.29,1009,5.39,190
2021,KOTA YOGYAKARTA,44,5,-7.8239138,110.3479391,0.663797115,100,69,16.48,24.12,29.86,29.74,1010,3.28,180
2021,KOTA YOGYAKARTA,45,2,-7.8239138,110.3479391,0.594959595,100,65,40.28,15.55,30.96,21.11,1006,3.06,284
2021,KOTA YOGYAKARTA,46,5,-7.8239138,110.3479391,0.626583253,100,84,16.14,16.66,24.3,20.55,1010,2.73,240
2021,KOTA YOGYAKARTA,47,3,-7.8239138,110.3479391,0.703769737,84,67,0,16.11,30.16,29.6,1008,2.56,194
2021,KOTA YOGYAKARTA,48,7,-7.8239138,110.3479391,0.635332096,100,82,0.6,23.8,25.84,25.84,1009,2.58,305
2021,KOTA YOGYAKARTA,49,2,-7.8239138,110.3479391,0.656677646,100,70,5.25,16.66,28.91,28.91,1009,4.23,253
2021,KOTA YOGYAKARTA,50,8,-7.8239138,110.3479391,0.702215354,82,58,0.1,17.22,30.99,25.55,1010,4.61,228
2021,KOTA YOGYAKARTA,51,1,-7.8239138,110.3479391,0.611455432,100,64,19,16.11,31.13,25.55,1009,2.82,185
2021,KOTA YOGYAKARTA,52,2,-7.8239138,110.3479391,0.667632687,60,58,4.19,24.37,31.29,31.29,1010,4.93,224
2022,KAB BANTUL,1,32,-7.902328,110.2862991,0.611755736,97,68,0,18.11,29.26,29.26,1010,4.33,233
2022,KAB BANTUL,2,37,-7.902328,110.2862991,0.632316756,61,66,8.05,24.87,30.1,30.1,1009,4.35,225
2022,KAB BANTUL,3,25,-7.902328,110.2862991,0.594489874,61,61,18.83,17,29.29,25.34,1008,4.92,240
2022,KAB BANTUL,4,30,-7.902328,110.2862991,0.657444545,99,73,0.49,17.56,28.37,28.37,1009,4.26,246
2022,KAB BANTUL,5,26,-7.902328,110.2862991,0.692693018,84,69,0.56,18.67,29.75,29.57,1009,3.84,230
2022,KAB BANTUL,6,26,-7.902328,110.2862991,0.65986872,67,67,22.27,16.45,26.4,23.67,1007,2.58,231
2022,KAB BANTUL,7,17,-7.902328,110.2862991,0.586866883,93,69,47.75,16.45,29.98,29.98,1006,2.39,77
2022,KAB BANTUL,8,10,-7.902328,110.2862991,0.621486047,100,76,5.2,15.89,30.53,24.22,1009,3.14,298
2022,KAB BANTUL,9,13,-7.902328,110.2862991,0.68585872,86,62,1.21,23.96,30.48,30.48,1008,4.91,262
2022,KAB BANTUL,10,20,-7.902328,110.2862991,0.723363026,100,76,1,23.52,32.41,32.41,1009,3.59,242
2022,KAB BANTUL,11,18,-7.902328,110.2862991,0.744564116,55,65,12.96,24.59,31.42,31.26,1007,4.92,144
2022,KAB BANTUL,12,17,-7.902328,110.2862991,0.579854926,82,67,1.88,24.42,30.42,30.31,1008,4.8,253
2022,KAB BANTUL,13,14,-7.902328,110.2862991,0.538252058,61,67,1.47,23.59,30.43,30.23,1009,3.2,220
2022,KAB BANTUL,14,19,-7.902328,110.2862991,0.686786073,23,67,9.49,24.21,30.22,30.07,1009,3.76,185
2022,KAB BANTUL,15,16,-7.902328,110.2862991,0.641296309,94,68,0.39,23.96,29.61,29.61,1009,3.79,175
2022,KAB BANTUL,16,11,-7.902328,110.2862991,0.633176356,72,65,0.68,24.52,31.19,31.08,1007,4.39,162
2022,KAB BANTUL,17,10,-7.902328,110.2862991,0.651042727,92,69,0.94,24.72,30.24,30.17,1007,3.43,191
2022,KAB BANTUL,18,17,-7.902328,110.2862991,0.490717237,76,59,0.76,24.64,31.76,31.76,1007,3.61,153
2022,KAB BANTUL,19,21,-7.902328,110.2862991,0.479850301,96,72,1.75,24.75,30.04,30.01,1007,3.11,242
2022,KAB BANTUL,20,21,-7.902328,110.2862991,0.439727062,100,68,0.11,25.19,30.56,30.17,1010,3.63,187
2022,KAB BANTUL,21,23,-7.902328,110.2862991,0.455337253,58,63,10.43,24.02,30.32,30.19,1008,1.81,65
2022,KAB BANTUL,22,30,-7.902328,110.2862991,0.44876843,100,62,0.92,23.89,30.64,30.6,1009,3.55,212
2022,KAB BANTUL,23,22,-7.902328,110.2862991,0.441449645,66,71,3.8,23.62,28.97,28.97,1010,3.1,179
2022,KAB BANTUL,24,27,-7.902328,110.2862991,0.463398749,99,73,10.44,23.83,29.42,29.07,1009,2.59,199
2022,KAB BANTUL,25,18,-7.902328,110.2862991,0.445756045,56,65,0,23.66,30.31,30.31,1009,5.72,140
2022,KAB BANTUL,26,18,-7.902328,110.2862991,0.416698481,72,73,0.23,24.88,28.73,28.1,1010,6.79,139
2022,KAB BANTUL,27,29,-7.902328,110.2862991,0.444784901,54,64,0.37,23.87,30.67,30.67,1007,2.67,179
2022,KAB BANTUL,28,36,-7.902328,110.2862991,0.437482072,56,67,0.13,22.89,28.36,28.16,1010,6.07,143
2022,KAB BANTUL,29,24,-7.902328,110.2862991,0.449509467,89,75,0.81,23.84,27.47,27.38,1011,5.59,128
2022,KAB BANTUL,30,38,-7.902328,110.2862991,0.45159643,82,69,0.11,22.42,27.1,26.73,1010,6.8,137
2022,KAB BANTUL,31,20,-7.902328,110.2862991,0.427696858,91,67,0.11,22.57,28.55,28.54,1009,5.19,163
2022,KAB BANTUL,32,30,-7.902328,110.2862991,0.409024668,90,73,0.18,23.53,26.98,26.73,1011,5.22,154
2022,KAB BANTUL,33,35,-7.902328,110.2862991,0.457490785,78,72,14.37,23.82,29.25,28.76,1010,4.03,168
2022,KAB BANTUL,34,32,-7.902328,110.2862991,0.459664783,97,71,0,23.78,27.85,27.13,1010,5.95,145
2022,KAB BANTUL,35,21,-7.902328,110.2862991,0.417001565,99,63,0,23.17,26.99,26.45,1010,5.54,151
2022,KAB BANTUL,36,29,-7.902328,110.2862991,0.448066832,66,60,0,22.46,29.47,29.33,1011,5.19,165
2022,KAB BANTUL,37,13,-7.902328,110.2862991,0.472102653,93,81,5.76,23.78,27.12,26.81,1011,5.77,141
2022,KAB BANTUL,38,20,-7.902328,110.2862991,0.401626538,90,64,0,24.31,28.83,28.83,1011,4.91,164
2022,KAB BANTUL,39,20,-7.902328,110.2862991,0.49376086,64,71,0,24.31,28.52,28.24,1011,6.05,149
2022,KAB BANTUL,40,19,-7.902328,110.2862991,0.531589936,72,76,3.91,24.53,28.11,28.11,1009,4.64,174
2022,KAB BANTUL,41,24,-7.902328,110.2862991,0.533697256,100,71,12.4,24.16,28.66,28.59,1011,4.18,165
2022,KAB BANTUL,42,18,-7.902328,110.2862991,0.427897886,100,75,0.25,24.4,28.1,27.88,1011,4.72,162
2022,KAB BANTUL,43,18,-7.902328,110.2862991,0.522761341,100,64,8.9,25.23,30.25,30.25,1010,4.17,224
2022,KAB BANTUL,44,19,-7.902328,110.2862991,0.655241345,99,64,0,23.81,27.41,27.37,1010,4.2,189
2022,KAB BANTUL,45,21,-7.902328,110.2862991,0.624118981,96,78,16.77,24.57,27.98,27.77,1012,4.04,169
2022,KAB BANTUL,46,17,-7.902328,110.2862991,0.71431022,100,75,12.31,24.31,28.63,28.62,1008,4.09,158
2022,KAB BANTUL,47,21,-7.902328,110.2862991,0.704525796,39,69,19,24,30.44,29.43,1007,6.08,260
2022,KAB BANTUL,48,22,-7.902328,110.2862991,0.634649381,100,78,7.32,23.29,27.51,26.63,1009,3.39,178
2022,KAB BANTUL,49,27,-7.902328,110.2862991,0.659067257,100,74,6.47,24.19,28.07,27.62,1008,2.98,194
2022,KAB BANTUL,50,18,-7.902328,110.2862991,0.577046918,74,68,1.54,24.21,29.29,29.29,1009,3.61,171
2022,KAB BANTUL,51,18,-7.902328,110.2862991,0.609448914,6,62,0.1,24,30.31,30.16,1006,3.95,194
2022,KAB BANTUL,52,0,-7.902328,110.2862991,0.615135803,100,87,15.33,24.34,25.82,25.33,1009,4.62,278
2022,KAB GUNUNG KIDUL,1,10,-7.9930685,110.2704459,0.645332334,98,70,3.48,18.11,28.91,28.91,1010,4.23,234
2022,KAB GUNUNG KIDUL,2,12,-7.9930685,110.2704459,0.658342528,58,68,6.28,25.09,29.69,29.69,1009,4.37,225
2022,KAB GUNUNG KIDUL,3,9,-7.9930685,110.2704459,0.63062263,64,63,17.55,17,29.13,25.34,1008,5.47,254
2022,KAB GUNUNG KIDUL,4,7,-7.9930685,110.2704459,0.667684586,99,74,0.22,17.56,28.03,28.03,1008,4.37,250
2022,KAB GUNUNG KIDUL,5,12,-7.9930685,110.2704459,0.681673038,84,69,0.42,18.67,29.38,29.38,1009,3.96,229
2022,KAB GUNUNG KIDUL,6,7,-7.9930685,110.2704459,0.632917522,71,68,22.48,16.45,26.47,23.67,1007,2.8,310
2022,KAB GUNUNG KIDUL,7,2,-7.9930685,110.2704459,0.612190579,93,69,50.11,16.45,29.8,29.8,1006,2.51,90
2022,KAB GUNUNG KIDUL,8,3,-7.9930685,110.2704459,0.552831123,100,78,7.73,15.89,30.06,24.22,1009,3.59,297
2022,KAB GUNUNG KIDUL,9,3,-7.9930685,110.2704459,0.628604248,90,63,0.95,23.96,30.03,30.03,1008,5.09,264
2022,KAB GUNUNG KIDUL,10,2,-7.9930685,110.2704459,0.65410994,100,76,0.95,23.52,32.41,32.41,1009,3.6,243
2022,KAB GUNUNG KIDUL,11,3,-7.9930685,110.2704459,0.638411264,58,66,11.36,24.69,31.24,30.96,1006,5.54,144
2022,KAB GUNUNG KIDUL,12,3,-7.9930685,110.2704459,0.688801392,82,69,3.32,24.47,29.99,29.89,1008,4.93,255
2022,KAB GUNUNG KIDUL,13,5,-7.9930685,110.2704459,0.619768717,56,69,3.27,23.59,29.93,29.76,1009,3.26,221
2022,KAB GUNUNG KIDUL,14,7,-7.9930685,110.2704459,0.637572887,21,68,8.75,24.31,29.84,29.66,1010,3.83,186
2022,KAB GUNUNG KIDUL,15,4,-7.9930685,110.2704459,0.689244495,94,69,0.83,24.07,29.42,29.32,1009,4,173
2022,KAB GUNUNG KIDUL,16,1,-7.9930685,110.2704459,0.553425388,75,68,0.21,24.67,30.85,30.52,1007,4.89,166
2022,KAB GUNUNG KIDUL,17,0,-7.9930685,110.2704459,0.612419405,91,71,0.84,24.84,29.83,29.64,1007,3.34,203
2022,KAB GUNUNG KIDUL,18,3,-7.9930685,110.2704459,0.408484362,75,60,0.69,24.77,31.49,31.49,1007,4.09,151
2022,KAB GUNUNG KIDUL,19,4,-7.9930685,110.2704459,0.413285785,97,73,0.77,24.84,29.78,29.78,1007,3.13,230
2022,KAB GUNUNG KIDUL,20,8,-7.9930685,110.2704459,0.473250716,100,70,0,25.33,30.12,29.86,1010,3.74,188
2022,KAB GUNUNG KIDUL,21,7,-7.9930685,110.2704459,0.494894651,57,62,13.31,24.07,30.39,30.3,1008,2.05,76
2022,KAB GUNUNG KIDUL,22,9,-7.9930685,110.2704459,0.414761466,100,64,1.29,23.88,30.4,30.24,1009,3.93,215
2022,KAB GUNUNG KIDUL,23,3,-7.9930685,110.2704459,0.457726107,64,73,10.19,23.74,28.69,28.57,1010,3.37,171
2022,KAB GUNUNG KIDUL,24,9,-7.9930685,110.2704459,0.47903391,99,74,7.58,23.8,29.14,28.81,1009,2.71,180
2022,KAB GUNUNG KIDUL,25,6,-7.9930685,110.2704459,0.428558358,55,66,0,23.8,30.07,30.07,1009,6.57,140
2022,KAB GUNUNG KIDUL,26,6,-7.9930685,110.2704459,0.440878879,69,73,0.17,25.17,28.58,27.98,1010,7.48,137
2022,KAB GUNUNG KIDUL,27,0,-7.9930685,110.2704459,0.461673833,53,66,0.23,24,30.25,30.25,1007,3.08,148
2022,KAB GUNUNG KIDUL,28,0,-7.9930685,110.2704459,0.43573612,53,69,0.1,23.25,28.09,27.82,1010,6.67,142
2022,KAB GUNUNG KIDUL,29,7,-7.9930685,110.2704459,0.477345649,88,75,0.52,24.06,27.37,27.29,1011,6.38,137
2022,KAB GUNUNG KIDUL,30,2,-7.9930685,110.2704459,0.50761833,81,69,0,22.74,26.97,26.64,1010,7.58,135
2022,KAB GUNUNG KIDUL,31,4,-7.9930685,110.2704459,0.399552471,92,70,0,22.62,27.91,27.88,1009,5.67,144
2022,KAB GUNUNG KIDUL,32,3,-7.9930685,110.2704459,0.440282612,89,73,0.14,23.76,26.8,26.69,1011,5.67,152
2022,KAB GUNUNG KIDUL,33,1,-7.9930685,110.2704459,0.416247358,79,74,23.19,23.95,28.84,28.22,1010,4.5,166
2022,KAB GUNUNG KIDUL,34,2,-7.9930685,110.2704459,0.444016844,98,72,0,24.04,27.69,26.85,1010,6.61,141
2022,KAB GUNUNG KIDUL,35,3,-7.9930685,110.2704459,0.449670356,99,64,0,23.44,26.7,26.3,1010,5.99,147
2022,KAB GUNUNG KIDUL,36,5,-7.9930685,110.2704459,0.394463847,63,63,0,22.61,28.71,28.67,1011,5.32,167
2022,KAB GUNUNG KIDUL,37,1,-7.9930685,110.2704459,0.461236901,92,81,8.53,23.81,26.89,26.74,1011,6.42,139
2022,KAB GUNUNG KIDUL,38,1,-7.9930685,110.2704459,0.505321601,89,66,0,24.48,28.34,28.34,1011,5.23,159
2022,KAB GUNUNG KIDUL,39,2,-7.9930685,110.2704459,0.527377154,62,72,0,24.42,28.3,28.1,1011,6.67,147
2022,KAB GUNUNG KIDUL,40,3,-7.9930685,110.2704459,0.419398025,74,77,3.14,24.67,27.85,27.85,1009,4.92,171
2022,KAB GUNUNG KIDUL,41,2,-7.9930685,110.2704459,0.368299918,100,73,12.79,24.17,28.19,28.12,1011,4.35,162
2022,KAB GUNUNG KIDUL,42,5,-7.9930685,110.2704459,0.453348252,100,76,0.12,24.54,27.84,27.72,1011,5.04,153
2022,KAB GUNUNG KIDUL,43,1,-7.9930685,110.2704459,0.510113656,100,66,9.94,25.34,29.73,29.73,1010,4.08,236
2022,KAB GUNUNG KIDUL,44,1,-7.9930685,110.2704459,0.647517238,98,64,0.1,24.06,27.29,27.23,1010,4.32,184
2022,KAB GUNUNG KIDUL,45,1,-7.9930685,110.2704459,0.666671284,96,78,15.7,24.61,27.86,27.67,1012,4.35,165
2022,KAB GUNUNG KIDUL,46,2,-7.9930685,110.2704459,0.659507623,100,77,11.07,24.39,28.39,28.17,1008,4.48,152
2022,KAB GUNUNG KIDUL,47,3,-7.9930685,110.2704459,0.655756549,42,71,19.58,24.15,30,29.04,1007,6.64,263
2022,KAB GUNUNG KIDUL,48,3,-7.9930685,110.2704459,0.63373368,100,79,7.26,23.34,27.23,26.32,1009,3.64,175
2022,KAB GUNUNG KIDUL,49,0,-7.9930685,110.2704459,0.635020538,100,74,5.7,24.37,28.05,27.55,1008,3.05,186
2022,KAB GUNUNG KIDUL,50,2,-7.9930685,110.2704459,0.738145565,73,68,1.15,24.4,29.06,29.06,1009,3.76,169
2022,KAB GUNUNG KIDUL,51,1,-7.9930685,110.2704459,0.709524252,6,64,0.1,24.11,29.79,29.59,1006,3.83,194
2022,KAB GUNUNG KIDUL,52,0,-7.9930685,110.2704459,0.688099517,100,87,15.8,24.45,26,25.44,1009,5.6,276
2022,KAB KULON PROGO,1,25,-7.8124619,109.9789867,0.633424783,67,70,0.44,18.19,32.16,29.16,1010,3.2,235
2022,KAB KULON PROGO,2,27,-7.8124619,109.9789867,0.667754911,68,68,24.37,24.29,33.83,33.83,1009,3.75,222
2022,KAB KULON PROGO,3,14,-7.8124619,109.9789867,0.687683992,50,60,19.02,17.08,32.71,25.42,1008,4.42,225
2022,KAB KULON PROGO,4,4,-7.8124619,109.9789867,0.661122132,99,74,1.13,17.65,32.31,32.31,1009,4.09,230
2022,KAB KULON PROGO,5,13,-7.8124619,109.9789867,0.679285474,91,72,0.99,18.76,31.75,29.65,1009,3.5,232
2022,KAB KULON PROGO,6,3,-7.8124619,109.9789867,0.687765155,90,67,33.43,16.53,27.71,23.75,1007,3.06,225
2022,KAB KULON PROGO,7,3,-7.8124619,109.9789867,0.758842996,97,73,64.96,16.55,29.53,29.48,1006,1.82,72
2022,KAB KULON PROGO,8,3,-7.8124619,109.9789867,0.706440237,100,65,35.36,15.99,34.53,24.3,1009,2.28,193
2022,KAB KULON PROGO,9,0,-7.8124619,109.9789867,0.700915277,80,61,1.84,25.43,31.05,30.87,1009,4.94,244
2022,KAB KULON PROGO,10,4,-7.8124619,109.9789867,0.654890638,100,78,0.64,23.61,32.87,32.5,1009,2.73,231
2022,KAB KULON PROGO,11,3,-7.8124619,109.9789867,0.56481703,55,60,14.09,24.72,33.61,32.5,1006,4.05,172
2022,KAB KULON PROGO,12,7,-7.8124619,109.9789867,0.669147967,53,67,1.92,23.99,30.77,30.73,1008,4.11,237
2022,KAB KULON PROGO,13,2,-7.8124619,109.9789867,0.643180074,82,64,2.6,24.26,31.26,30.84,1009,3.56,214
2022,KAB KULON PROGO,14,1,-7.8124619,109.9789867,0.646865342,22,65,12.3,21.39,31.22,30.85,1009,3.36,190
2022,KAB KULON PROGO,15,2,-7.8124619,109.9789867,0.562942475,82,67,27.01,23.77,30.32,29.79,1010,3.08,185
2022,KAB KULON PROGO,16,2,-7.8124619,109.9789867,0.670574821,56,59,0.31,24.23,32.46,32.46,1007,3.99,192
2022,KAB KULON PROGO,17,3,-7.8124619,109.9789867,0.713303704,67,63,6.87,24.4,31.21,31.21,1007,3.42,203
2022,KAB KULON PROGO,18,6,-7.8124619,109.9789867,0.347866322,46,61,12.28,24.4,31.91,31.91,1007,3.25,200
2022,KAB KULON PROGO,19,8,-7.8124619,109.9789867,0.407222558,91,77,10.41,24.48,30.33,29.72,1008,3.23,247
2022,KAB KULON PROGO,20,2,-7.8124619,109.9789867,0.468165722,88,64,0,25.04,31.63,31.63,1010,3.24,191
2022,KAB KULON PROGO,21,10,-7.8124619,109.9789867,0.415321825,80,73,31.52,24.08,29.05,29.05,1008,2.1,226
2022,KAB KULON PROGO,22,4,-7.8124619,109.9789867,0.473331998,59,61,3.9,23.88,31.27,31.27,1009,3.96,204
2022,KAB KULON PROGO,23,5,-7.8124619,109.9789867,0.438628201,71,67,4.42,23.38,29.84,29.84,1010,2.92,185
2022,KAB KULON PROGO,24,9,-7.8124619,109.9789867,0.3974187,100,72,3.03,24.06,29.9,29.54,1009,2.91,191
2022,KAB KULON PROGO,25,3,-7.8124619,109.9789867,0.412211012,71,62,0.31,23.31,30.89,30.89,1009,4.09,163
2022,KAB KULON PROGO,26,7,-7.8124619,109.9789867,0.528002066,79,74,0.25,23.85,29.15,28.55,1010,5.08,141
2022,KAB KULON PROGO,27,8,-7.8124619,109.9789867,0.402816689,61,68,0.12,23.6,30.5,30.5,1008,3.18,209
2022,KAB KULON PROGO,28,6,-7.8124619,109.9789867,0.490222653,74,66,0,21.91,28.92,28.7,1010,4.88,146
2022,KAB KULON PROGO,29,4,-7.8124619,109.9789867,0.399225741,97,73,0.76,23.16,28.12,28.12,1011,3.74,132
2022,KAB KULON PROGO,30,2,-7.8124619,109.9789867,0.449724968,80,72,0,21.61,27.71,26.97,1010,5.35,137
2022,KAB KULON PROGO,31,4,-7.8124619,109.9789867,0.456475745,63,60,0,22.69,29.98,29.98,1009,4.07,185
2022,KAB KULON PROGO,32,7,-7.8124619,109.9789867,0.424083536,89,74,0,22.33,27.56,26.91,1011,4.05,156
2022,KAB KULON PROGO,33,3,-7.8124619,109.9789867,0.516260002,79,68,6.92,23.53,29.99,29.72,1010,3.28,187
2022,KAB KULON PROGO,34,3,-7.8124619,109.9789867,0.401163421,94,68,0,23.66,28.98,28.25,1010,4.3,149
2022,KAB KULON PROGO,35,3,-7.8124619,109.9789867,0.57616478,100,64,0,22.64,28.19,26.64,1010,4.86,154
2022,KAB KULON PROGO,36,10,-7.8124619,109.9789867,0.482997421,48,55,0,21.8,30.8,30.8,1010,5,173
2022,KAB KULON PROGO,37,3,-7.8124619,109.9789867,0.425255726,96,85,0,23.9,27.34,26.68,1011,4.06,137
2022,KAB KULON PROGO,38,6,-7.8124619,109.9789867,0.436002271,96,66,0,24.08,29.43,29.43,1011,4.47,163
2022,KAB KULON PROGO,39,4,-7.8124619,109.9789867,0.424615333,58,72,0,24.43,29,28.72,1011,4.64,152
2022,KAB KULON PROGO,40,3,-7.8124619,109.9789867,0.507089929,67,79,6.14,24,28.6,28.19,1009,3.64,176
2022,KAB KULON PROGO,41,4,-7.8124619,109.9789867,0.405336402,100,70,16.35,24.06,29.73,29.73,1011,3.83,166
2022,KAB KULON PROGO,42,11,-7.8124619,109.9789867,0.476677561,100,74,0,23.41,28.59,28.24,1011,3.93,167
2022,KAB KULON PROGO,43,4,-7.8124619,109.9789867,0.499125495,100,65,21.28,25.04,30.52,30.52,1010,4.16,230
2022,KAB KULON PROGO,44,4,-7.8124619,109.9789867,0.660911369,94,66,0,23.52,27.45,27.41,1010,3.45,186
2022,KAB KULON PROGO,45,8,-7.8124619,109.9789867,0.655456723,97,81,22.38,24.19,28.01,27.63,1012,2.88,180
2022,KAB KULON PROGO,46,8,-7.8124619,109.9789867,0.602156383,100,72,12.34,24.39,29.31,29.31,1008,3.19,168
2022,KAB KULON PROGO,47,5,-7.8124619,109.9789867,0.772874767,44,71,2.85,23.68,30.75,29.46,1007,4.92,246
2022,KAB KULON PROGO,48,4,-7.8124619,109.9789867,0.579968001,100,77,17,22.75,27.27,27.21,1009,2.32,178
2022,KAB KULON PROGO,49,8,-7.8124619,109.9789867,0.560564376,100,76,5.81,24.07,28.08,28.08,1009,2.21,189
2022,KAB KULON PROGO,50,9,-7.8124619,109.9789867,0.616175507,74,66,7.6,23.61,29.92,29.92,1009,3.04,183
2022,KAB KULON PROGO,51,3,-7.8124619,109.9789867,0.684420096,6,58,0,24.11,31.27,31.21,1006,3.7,196
2022,KAB KULON PROGO,52,0,-7.8124619,109.9789867,0.666977198,100,84,10.84,23.88,26.33,25.76,1009,2.39,268
2022,KAB SLEMAN,1,26,-7.689718,110.3812751,0.650649815,92,62,0,17.01,29.82,29.82,1010,4.72,225
2022,KAB SLEMAN,2,16,-7.689718,110.3812751,0.740530255,67,60,15.54,23.06,30.78,30.78,1009,4.49,229
2022,KAB SLEMAN,3,14,-7.689718,110.3812751,0.642553728,55,53,13.6,15.9,29.09,24.24,1008,4.3,219
2022,KAB SLEMAN,4,17,-7.689718,110.3812751,0.679273127,100,67,1.85,16.46,28.89,28.89,1009,4.61,226
2022,KAB SLEMAN,5,8,-7.689718,110.3812751,0.596386021,85,70,0.87,17.57,29.54,29.23,1009,3.07,238
2022,KAB SLEMAN,6,12,-7.689718,110.3812751,0.611800858,46,65,17.88,15.35,25.16,22.57,1007,2.61,74
2022,KAB SLEMAN,7,4,-7.689718,110.3812751,0.670623706,96,70,27.33,15.35,29.53,29.53,1006,2.09,72
2022,KAB SLEMAN,8,1,-7.689718,110.3812751,0.560076417,100,71,11.34,14.79,30.7,23.12,1009,2.28,196
2022,KAB SLEMAN,9,3,-7.689718,110.3812751,0.610286833,71,55,4.01,22.8,31.16,31.16,1008,3.72,249
2022,KAB SLEMAN,10,2,-7.689718,110.3812751,0.603720909,100,75,0.4,22.42,31.31,31.31,1009,3.94,230
2022,KAB SLEMAN,11,8,-7.689718,110.3812751,0.614265368,45,63,10.54,23.37,32.42,31.31,1007,2.66,89
2022,KAB SLEMAN,12,7,-7.689718,110.3812751,0.653841057,86,62,1.55,23.07,30.9,30.79,1008,4.18,243
2022,KAB SLEMAN,13,13,-7.689718,110.3812751,0.817893297,85,62,1.08,22.74,31.04,30.58,1009,2.36,213
2022,KAB SLEMAN,14,8,-7.689718,110.3812751,0.677068916,29,62,16.91,20.2,30.58,30.57,1010,3.01,196
2022,KAB SLEMAN,15,5,-7.689718,110.3812751,0.654963958,94,64,29.4,22.49,29.68,29.68,1010,2.84,185
2022,KAB SLEMAN,16,10,-7.689718,110.3812751,0.61983362,57,56,1.6,22.92,32.09,32.06,1008,2.16,145
2022,KAB SLEMAN,17,6,-7.689718,110.3812751,0.547312141,96,60,14.24,23.25,31.05,31.05,1007,3.48,199
2022,KAB SLEMAN,18,16,-7.689718,110.3812751,0.414139276,80,58,1.09,23.22,31.53,31.53,1007,3.33,85
2022,KAB SLEMAN,19,10,-7.689718,110.3812751,0.469226299,93,72,21.37,23.35,30.23,29.8,1007,3.12,231
2022,KAB SLEMAN,20,9,-7.689718,110.3812751,0.449413527,99,64,0,23.65,31.18,30.26,1010,3.62,194
2022,KAB SLEMAN,21,12,-7.689718,110.3812751,0.40164735,58,66,3.5,22.78,29.53,28.94,1008,2.18,58
2022,KAB SLEMAN,22,10,-7.689718,110.3812751,0.485707373,99,59,0,22.71,30.61,30.61,1009,2.45,190
2022,KAB SLEMAN,23,13,-7.689718,110.3812751,0.461163347,71,66,3.91,22.11,29.41,29.41,1010,2.95,182
2022,KAB SLEMAN,24,14,-7.689718,110.3812751,0.474291376,100,71,10.78,22.66,29.3,29.08,1009,1.92,188
2022,KAB SLEMAN,25,13,-7.689718,110.3812751,0.406583503,69,59,0.11,22.03,30.48,30.23,1009,3.39,176
2022,KAB SLEMAN,26,15,-7.689718,110.3812751,0.358847077,81,74,0.49,22.55,28.23,27.53,1010,3.96,155
2022,KAB SLEMAN,27,27,-7.689718,110.3812751,0.475792523,53,59,0,22.39,31.09,31.09,1008,2.31,97
2022,KAB SLEMAN,28,20,-7.689718,110.3812751,0.464694865,68,60,0,20.35,28.66,28.66,1010,3.97,169
2022,KAB SLEMAN,29,11,-7.689718,110.3812751,0.356527529,92,73,2.11,21.83,27.98,27.08,1011,3.05,142
2022,KAB SLEMAN,30,7,-7.689718,110.3812751,0.505446207,86,68,0,20.02,26.67,26.36,1010,4.3,167
2022,KAB SLEMAN,31,11,-7.689718,110.3812751,0.438746073,84,55,0,21.25,30.74,30.09,1008,3.66,194
2022,KAB SLEMAN,32,3,-7.689718,110.3812751,0.53328518,89,73,0,21.3,26.85,26.24,1011,3.76,178
2022,KAB SLEMAN,33,15,-7.689718,110.3812751,0.442236996,79,64,23.65,22.25,29.8,29.8,1010,2.38,202
2022,KAB SLEMAN,34,8,-7.689718,110.3812751,0.428826675,91,68,0,21.75,27.83,27.24,1010,2.82,179
2022,KAB SLEMAN,35,11,-7.689718,110.3812751,0.420709769,99,62,0,21.13,27.34,26.08,1010,4.23,173
2022,KAB SLEMAN,36,10,-7.689718,110.3812751,0.366901492,78,48,0,20.79,31.5,30.88,1010,4.98,176
2022,KAB SLEMAN,37,19,-7.689718,110.3812751,0.346228339,92,81,0,22.67,27.34,26.24,1011,3.14,166
2022,KAB SLEMAN,38,13,-7.689718,110.3812751,0.432107017,90,58,0,22.43,29.67,29.67,1011,4.26,195
2022,KAB SLEMAN,39,15,-7.689718,110.3812751,0.387291592,71,69,0,22.72,28.86,27.97,1011,4.17,178
2022,KAB SLEMAN,40,11,-7.689718,110.3812751,0.430788577,59,74,6.48,22.92,28.38,28.16,1009,3.42,197
2022,KAB SLEMAN,41,14,-7.689718,110.3812751,0.415537716,100,64,7.81,22.89,29.41,29.41,1011,3.45,178
2022,KAB SLEMAN,42,11,-7.689718,110.3812751,0.426480643,100,73,0,22.64,28.2,27.7,1011,3.81,184
2022,KAB SLEMAN,43,17,-7.689718,110.3812751,0.519379915,100,59,21.9,23.9,30.97,30.97,1010,4.52,218
2022,KAB SLEMAN,44,23,-7.689718,110.3812751,0.590413595,96,65,0,21.71,27.12,27.12,1010,4.05,206
2022,KAB SLEMAN,45,10,-7.689718,110.3812751,0.635448813,97,79,22.95,23.36,27.7,27.33,1012,3.05,196
2022,KAB SLEMAN,46,10,-7.689718,110.3812751,0.563385457,100,69,5.98,23.11,29.26,29.26,1008,2.49,181
2022,KAB SLEMAN,47,17,-7.689718,110.3812751,0.668305466,31,63,11,22.4,30.94,29.98,1007,4.43,222
2022,KAB SLEMAN,48,9,-7.689718,110.3812751,0.604326493,100,75,6.34,22.02,27.62,27.05,1009,3.18,200
2022,KAB SLEMAN,49,16,-7.689718,110.3812751,0.626328265,100,77,5.66,22.48,27.28,26.77,1009,2.97,215
2022,KAB SLEMAN,50,18,-7.689718,110.3812751,0.603649076,79,65,2.83,22.43,29.25,29.2,1009,3.37,195
2022,KAB SLEMAN,51,12,-7.689718,110.3812751,0.633936647,6,53,0,22.51,31.31,31.31,1006,4.33,199
2022,KAB SLEMAN,52,0,-7.689718,110.3812751,0.734994182,100,88,12.71,22.28,24.48,24.15,1009,1.66,300
2022,KOTA YOGYAKARTA,1,7,-7.8239138,110.3479391,0.714821051,96,65,0,17.77,29.73,29.73,1010,4.66,228
2022,KOTA YOGYAKARTA,2,8,-7.8239138,110.3479391,0.619649186,67,62,13.97,24.06,30.73,30.73,1009,4.52,229
2022,KOTA YOGYAKARTA,3,4,-7.8239138,110.3479391,0.674139697,55,56,20.34,16.66,29.39,25,1008,4.86,240
2022,KOTA YOGYAKARTA,4,6,-7.8239138,110.3479391,0.572885968,100,70,0.42,17.22,28.78,28.78,1009,4.59,232
2022,KOTA YOGYAKARTA,5,3,-7.8239138,110.3479391,0.603108218,84,69,0.87,18.33,29.96,29.67,1009,3.58,233
2022,KOTA YOGYAKARTA,6,1,-7.8239138,110.3479391,0.623295836,56,65,27.16,16.11,25.93,23.33,1007,2.53,231
2022,KOTA YOGYAKARTA,7,1,-7.8239138,110.3479391,0.699570105,95,69,53.71,16.11,30.05,30.05,1006,2.33,80
2022,KOTA YOGYAKARTA,8,1,-7.8239138,110.3479391,0.697532667,100,73,3.54,15.55,31.15,23.88,1009,2.29,229
2022,KOTA YOGYAKARTA,9,1,-7.8239138,110.3479391,0.73967106,78,57,2.56,23.56,31.18,31.18,1008,4.46,256
2022,KOTA YOGYAKARTA,10,4,-7.8239138,110.3479391,0.594453305,100,75,0.69,23.18,32.07,32.07,1009,3.8,232
2022,KOTA YOGYAKARTA,11,0,-7.8239138,110.3479391,0.718753857,49,63,14.53,24.03,31.56,31.56,1007,3.61,139
2022,KOTA YOGYAKARTA,12,2,-7.8239138,110.3479391,0.63572884,85,63,1.87,23.91,31.05,30.92,1008,4.58,249
2022,KOTA YOGYAKARTA,13,1,-7.8239138,110.3479391,0.68360694,73,63,0.12,23.3,31.21,30.83,1009,2.97,217
2022,KOTA YOGYAKARTA,14,0,-7.8239138,110.3479391,0.630923462,26,63,9.4,23.6,30.67,30.64,1009,3.35,199
2022,KOTA YOGYAKARTA,15,4,-7.8239138,110.3479391,0.64771947,94,65,3.38,23.41,30.27,29.92,1009,3.36,181
2022,KOTA YOGYAKARTA,16,2,-7.8239138,110.3479391,0.666659413,65,60,0.26,23.87,31.93,31.93,1007,3.18,167
2022,KOTA YOGYAKARTA,17,2,-7.8239138,110.3479391,0.578982044,95,64,3.28,24.13,30.93,30.93,1007,3.61,196
2022,KOTA YOGYAKARTA,18,4,-7.8239138,110.3479391,0.341341772,79,58,1.7,24.07,31.95,31.95,1007,3.05,104
2022,KOTA YOGYAKARTA,19,1,-7.8239138,110.3479391,0.493189587,94,71,8.83,24.2,30.48,30.19,1007,3.24,240
2022,KOTA YOGYAKARTA,20,2,-7.8239138,110.3479391,0.45965947,100,66,0,24.58,31.21,30.46,1010,3.73,192
2022,KOTA YOGYAKARTA,21,4,-7.8239138,110.3479391,0.348328973,57,65,10.3,23.56,30.75,29.7,1008,1.98,61
2022,KOTA YOGYAKARTA,22,2,-7.8239138,110.3479391,0.548007929,100,59,0.25,23.62,30.98,30.98,1009,2.65,203
2022,KOTA YOGYAKARTA,23,7,-7.8239138,110.3479391,0.423365204,71,68,3.48,22.97,29.51,29.51,1010,3.19,177
2022,KOTA YOGYAKARTA,24,2,-7.8239138,110.3479391,0.393823012,100,71,12.21,23.43,29.67,29.35,1009,2.31,194
2022,KOTA YOGYAKARTA,25,5,-7.8239138,110.3479391,0.513869259,61,62,0,23,30.5,30.5,1009,4.19,162
2022,KOTA YOGYAKARTA,26,2,-7.8239138,110.3479391,0.523652417,78,73,0.97,23.84,28.75,28.05,1010,5.31,145
2022,KOTA YOGYAKARTA,27,11,-7.8239138,110.3479391,0.414054158,55,61,0.18,23.25,31.19,31.19,1007,2.13,128
2022,KOTA YOGYAKARTA,28,3,-7.8239138,110.3479391,0.49626444,61,63,0,21.73,28.63,28.63,1010,4.74,157
2022,KOTA YOGYAKARTA,29,1,-7.8239138,110.3479391,0.404079778,92,74,0.69,23.02,27.96,27.36,1011,4.25,129
2022,KOTA YOGYAKARTA,30,4,-7.8239138,110.3479391,0.450451288,85,69,0,21.36,27.12,26.7,1010,5.2,153
2022,KOTA YOGYAKARTA,31,8,-7.8239138,110.3479391,0.486652521,88,60,0,22.2,29.97,29.6,1009,4.36,180
2022,KOTA YOGYAKARTA,32,4,-7.8239138,110.3479391,0.448208068,91,74,0.15,22.51,27.11,26.56,1011,4.33,162
2022,KOTA YOGYAKARTA,33,6,-7.8239138,110.3479391,0.440566181,78,67,26.41,23.16,29.81,29.66,1010,3.03,183
2022,KOTA YOGYAKARTA,34,5,-7.8239138,110.3479391,0.38877478,94,69,0,22.87,27.94,27.49,1010,4.29,152
2022,KOTA YOGYAKARTA,35,4,-7.8239138,110.3479391,0.404785244,99,62,0,22.26,27.41,26.44,1010,4.7,160
2022,KOTA YOGYAKARTA,36,2,-7.8239138,110.3479391,0.403244068,73,53,0,21.8,30.85,30.46,1010,5.13,169
2022,KOTA YOGYAKARTA,37,8,-7.8239138,110.3479391,0.482000455,93,80,2.62,23.37,27.47,26.7,1011,4.37,147
2022,KOTA YOGYAKARTA,38,7,-7.8239138,110.3479391,0.422208134,90,60,0,23.57,29.6,29.6,1011,4.48,181
2022,KOTA YOGYAKARTA,39,2,-7.8239138,110.3479391,0.448563222,68,70,0,23.68,28.93,28.26,1010,4.82,163
2022,KOTA YOGYAKARTA,40,3,-7.8239138,110.3479391,0.468734257,66,75,5.89,23.87,28.4,28.38,1008,4.11,185
2022,KOTA YOGYAKARTA,41,3,-7.8239138,110.3479391,0.464954627,100,67,10.48,23.76,29.31,29.3,1011,3.82,171
2022,KOTA YOGYAKARTA,42,4,-7.8239138,110.3479391,0.488492955,100,74,0,23.68,28.24,27.95,1011,4.26,173
2022,KOTA YOGYAKARTA,43,3,-7.8239138,110.3479391,0.463797115,100,60,12.06,24.71,31.05,31.05,1009,4.6,221
2022,KOTA YOGYAKARTA,44,4,-7.8239138,110.3479391,0.594959595,99,64,0,22.87,27.41,27.41,1010,4.12,198
2022,KOTA YOGYAKARTA,45,2,-7.8239138,110.3479391,0.626583253,97,78,18.09,24.14,28.01,27.73,1012,3.46,182
2022,KOTA YOGYAKARTA,46,3,-7.8239138,110.3479391,0.703769737,100,71,7.65,23.84,29.3,29.3,1008,3.3,169
2022,KOTA YOGYAKARTA,47,3,-7.8239138,110.3479391,0.635332096,33,65,18.61,23.37,31.03,30,1007,5.2,233
2022,KOTA YOGYAKARTA,48,4,-7.8239138,110.3479391,0.656677646,100,76,7.89,22.8,27.76,27.06,1009,3.28,196
2022,KOTA YOGYAKARTA,49,3,-7.8239138,110.3479391,0.702215354,100,75,8.53,23.46,27.8,27.45,1009,3.02,206
2022,KOTA YOGYAKARTA,50,3,-7.8239138,110.3479391,0.611455432,76,66,2.72,23.46,29.62,29.47,1009,3.51,183
2022,KOTA YOGYAKARTA,51,3,-7.8239138,110.3479391,0.667632687,6,57,0,23.43,31.13,31.08,1006,4.29,196
2022,KOTA YOGYAKARTA,52,0,-7.8239138,110.3479391,0.571736566,100,88,15.38,23.5,25.26,24.79,1009,2.71,290
2023,KAB BANTUL,1,15,-7.902328,110.2862991,0.632316756,99,70,4.77,23.83,29.15,28.82,1009,5.9,263
2023,KAB BANTUL,2,17,-7.902328,110.2862991,0.594489874,34,66,3.35,23.81,29.37,29.37,1010,4.61,225
2023,KAB BANTUL,3,24,-7.902328,110.2862991,0.657444545,76,64,5.27,24.54,30.05,29.96,1008,4.62,233
2023,KAB BANTUL,4,24,-7.902328,110.2862991,0.692693018,33,66,4.68,24.23,29.67,29.67,1007,4.95,228
2023,KAB BANTUL,5,14,-7.902328,110.2862991,0.65986872,100,81,14.32,24,28.58,27.11,1007,2.62,189
2023,KAB BANTUL,6,20,-7.902328,110.2862991,0.586866883,99,64,12.23,24.24,30.34,30.01,1007,5.88,251
2023,KAB BANTUL,7,16,-7.902328,110.2862991,0.621486047,19,66,34.6,23.18,30.86,30.2,1009,6.15,295
2023,KAB BANTUL,8,12,-7.902328,110.2862991,0.68585872,59,64,0,23.99,29.94,29.94,1009,5.84,253
2023,KAB BANTUL,9,10,-7.902328,110.2862991,0.723363026,100,80,40.75,24,29.11,26.93,1010,4.64,280
2023,KAB BANTUL,10,8,-7.902328,110.2862991,0.744564116,65,65,6.63,24.48,29.87,29.87,1012,5.69,247
2023,KAB BANTUL,11,8,-7.902328,110.2862991,0.579854926,17,58,0.12,23.74,30.82,30.73,1010,3.98,185
2023,KAB BANTUL,12,13,-7.902328,110.2862991,0.538252058,25,64,4.55,24.33,31.07,31.07,1008,4.46,148
2023,KAB BANTUL,13,8,-7.902328,110.2862991,0.686786073,100,62,10.39,24.29,30.6,30.6,1008,3.67,235
2023,KAB BANTUL,14,12,-7.902328,110.2862991,0.641296309,97,75,7.56,23.76,28.9,28.45,1008,3.69,249
2023,KAB BANTUL,15,7,-7.902328,110.2862991,0.633176356,35,62,1.09,23.36,30.14,30.14,1011,4.51,233
2023,KAB BANTUL,16,4,-7.902328,110.2862991,0.651042727,90,61,0,23.89,30.62,30.62,1008,4.16,214
2023,KAB BANTUL,17,6,-7.902328,110.2862991,0.690717237,42,68,3.89,24.63,30.96,30.45,1008,3.53,148
2023,KAB BANTUL,18,8,-7.902328,110.2862991,0.479850301,37,66,0,24.07,30.5,30.5,1007,3.48,191
2023,KAB BANTUL,19,5,-7.902328,110.2862991,0.439727062,96,69,4.57,24.97,30.04,30.04,1007,4.89,157
2023,KAB BANTUL,20,7,-7.902328,110.2862991,0.455337253,43,69,0,22.76,28.34,28.23,1013,6.33,141
2023,KAB BANTUL,21,7,-7.902328,110.2862991,0.44876843,7,59,0.1,22.72,30.15,30.15,1012,6.4,143
2023,KAB BANTUL,22,1,-7.902328,110.2862991,0.441449645,87,58,0,23.28,29.29,29.13,1010,6.13,148
2023,KAB BANTUL,23,1,-7.902328,110.2862991,0.463398749,92,68,0.11,24.59,28.9,28.9,1011,5.73,150
2023,KAB BANTUL,24,6,-7.902328,110.2862991,0.445756045,73,71,0,23.22,28.89,28.65,1010,5.6,154
2023,KAB BANTUL,25,5,-7.902328,110.2862991,0.416698481,12,65,0.1,23.17,30.08,30.08,1010,3.78,194
2023,KAB BANTUL,26,1,-7.902328,110.2862991,0.444784901,35,64,0,23.36,29.02,29.02,1009,4.64,182
2023,KAB BANTUL,27,5,-7.902328,110.2862991,0.437482072,94,78,0.27,23.84,26.57,26.27,1013,5.62,159
2023,KAB BANTUL,28,15,-7.902328,110.2862991,0.449509467,54,75,0,23.72,28.52,28.27,1010,6.31,139
2023,KAB BANTUL,29,14,-7.902328,110.2862991,0.45159643,66,63,0,22.24,28.03,28.03,1012,6.14,143
2023,KAB BANTUL,30,12,-7.902328,110.2862991,0.427696858,19,59,0,21.43,28.9,28.71,1012,7.05,147
2023,KAB BANTUL,31,8,-7.902328,110.2862991,0.409024668,67,56,0,21.41,27.96,27.59,1013,7.6,146
2023,KAB BANTUL,32,6,-7.902328,110.2862991,0.457490785,17,65,0,22.17,28.91,28.54,1013,6.47,156
2023,KAB BANTUL,33,6,-7.902328,110.2862991,0.459664783,49,58,0,20.51,28.62,28.16,1012,5.73,163
2023,KAB BANTUL,34,4,-7.902328,110.2862991,0.417001565,24,58,0,20.66,28.92,28.78,1012,6.58,158
2023,KAB BANTUL,35,10,-7.902328,110.2862991,0.448066832,56,57,0,21.45,28.25,28.25,1012,6.03,165
2023,KAB BANTUL,36,11,-7.902328,110.2862991,0.472102653,21,57,0,20.11,27.86,27.86,1011,7.45,154
2023,KAB BANTUL,37,7,-7.902328,110.2862991,0.401626538,23,51,0,20.18,28.46,28.43,1013,6.11,163
2023,KAB BANTUL,38,10,-7.902328,110.2862991,0.49376086,86,58,0,22.54,28.86,28.74,1011,7.63,158
2023,KAB BANTUL,39,9,-7.902328,110.2862991,0.531589936,39,56,0,21.22,29.74,29.74,1010,7.18,165
2023,KAB BANTUL,40,6,-7.902328,110.2862991,0.533697256,18,51,0,21.97,30.52,30.52,1012,7.19,164
2023,KAB BANTUL,41,11,-7.902328,110.2862991,0.427897886,34,54,0,23.13,31.83,31.71,1011,7.92,158
2023,KAB BANTUL,42,9,-7.902328,110.2862991,0.522761341,67,50,0.26,22.59,32.04,32.04,1010,7.1,169
2023,KAB BANTUL,43,12,-7.902328,110.2862991,0.455241345,38,54,0,21.93,31.41,31.41,1011,6.57,180
2023,KAB BANTUL,44,8,-7.902328,110.2862991,0.624118981,46,52,0,23.55,32.12,32.12,1009,7.19,173
2023,KAB BANTUL,45,12,-7.902328,110.2862991,0.71431022,45,67,0,24.7,30.88,30.12,1010,5.52,154
2023,KAB BANTUL,46,16,-7.902328,110.2862991,0.704525796,78,61,1.96,24.86,29.83,29.6,1012,5.1,163
2023,KAB BANTUL,47,19,-7.902328,110.2862991,0.634649381,52,61,0,24.73,29.99,29.72,1011,4.58,169
2023,KAB BANTUL,48,23,-7.902328,110.2862991,0.659067257,94,64,1.12,24.7,29.99,29.01,1010,4.07,192
2023,KAB BANTUL,49,9,-7.902328,110.2862991,0.577046918,97,71,9.1,25,28.98,28.67,1010,4.23,172
2023,KAB BANTUL,50,4,-7.902328,110.2862991,0.609448914,70,61,0.45,25.93,30.22,30.15,1009,4.84,175
2023,KAB BANTUL,51,7,-7.902328,110.2862991,0.615135803,99,53,0,24.77,30.34,30.34,1010,5,194
2023,KAB BANTUL,52,0,-7.902328,110.2862991,0.653299472,89,55,0,23.73,33.12,31.71,1011,4.9,196
2023,KAB GUNUNG KIDUL,1,1,-7.9930685,110.2704459,0.658342528,99,72,4.06,23.96,28.81,28.37,1010,6.62,265
2023,KAB GUNUNG KIDUL,2,4,-7.9930685,110.2704459,0.63062263,32,68,2.13,24.03,28.87,28.8,1010,4.54,226
2023,KAB GUNUNG KIDUL,3,2,-7.9930685,110.2704459,0.667684586,73,66,3.77,24.8,29.61,29.45,1008,4.52,236
2023,KAB GUNUNG KIDUL,4,4,-7.9930685,110.2704459,0.681673038,30,68,4.66,24.33,29.24,29.24,1008,4.92,228
2023,KAB GUNUNG KIDUL,5,0,-7.9930685,110.2704459,0.632917522,100,82,10.98,24.08,27.37,26.89,1007,2.92,217
2023,KAB GUNUNG KIDUL,6,0,-7.9930685,110.2704459,0.612190579,99,66,10.39,24.34,29.93,29.64,1007,6.23,249
2023,KAB GUNUNG KIDUL,7,1,-7.9930685,110.2704459,0.552831123,18,68,32.24,23.16,30.46,29.79,1009,6.86,299
2023,KAB GUNUNG KIDUL,8,5,-7.9930685,110.2704459,0.628604248,58,66,0,24.2,29.44,29.44,1009,5.97,256
2023,KAB GUNUNG KIDUL,9,2,-7.9930685,110.2704459,0.65410994,100,80,35.73,24.16,28.82,26.8,1010,5.47,280
2023,KAB GUNUNG KIDUL,10,0,-7.9930685,110.2704459,0.638411264,61,67,5.51,24.68,29.44,29.44,1012,5.96,249
2023,KAB GUNUNG KIDUL,11,1,-7.9930685,110.2704459,0.688801392,17,61,0,23.91,30.17,30.12,1010,3.97,186
2023,KAB GUNUNG KIDUL,12,1,-7.9930685,110.2704459,0.619768717,24,66,3.31,24.43,30.69,30.69,1008,5.18,147
2023,KAB GUNUNG KIDUL,13,0,-7.9930685,110.2704459,0.637572887,100,64,8.66,24.39,30.19,30.19,1008,3.82,237
2023,KAB GUNUNG KIDUL,14,4,-7.9930685,110.2704459,0.689244495,98,76,7.22,23.83,28.68,28.14,1008,3.97,252
2023,KAB GUNUNG KIDUL,15,1,-7.9930685,110.2704459,0.553425388,27,65,0.95,23.53,29.59,29.59,1011,4.4,234
2023,KAB GUNUNG KIDUL,16,5,-7.9930685,110.2704459,0.612419405,92,64,0,24.09,29.97,29.97,1008,4.09,215
2023,KAB GUNUNG KIDUL,17,0,-7.9930685,110.2704459,0.608484362,43,70,2.07,24.82,30.54,29.96,1008,4.09,135
2023,KAB GUNUNG KIDUL,18,1,-7.9930685,110.2704459,0.413285785,36,69,0,24.16,30.02,30,1007,3.67,193
2023,KAB GUNUNG KIDUL,19,0,-7.9930685,110.2704459,0.473250716,97,71,2.99,25.17,29.74,29.58,1007,5.57,154
2023,KAB GUNUNG KIDUL,20,1,-7.9930685,110.2704459,0.494894651,39,70,0,22.93,28.18,28.15,1013,6.81,139
2023,KAB GUNUNG KIDUL,21,9,-7.9930685,110.2704459,0.414761466,6,61,0,22.72,29.77,29.77,1012,7.25,141
2023,KAB GUNUNG KIDUL,22,2,-7.9930685,110.2704459,0.457726107,89,60,0,23.52,28.79,28.71,1010,6.73,147
2023,KAB GUNUNG KIDUL,23,0,-7.9930685,110.2704459,0.47903391,92,69,0,24.71,28.69,28.63,1011,6.22,147
2023,KAB GUNUNG KIDUL,24,2,-7.9930685,110.2704459,0.428558358,69,73,0,23.38,28.39,28.17,1010,5.97,151
2023,KAB GUNUNG KIDUL,25,0,-7.9930685,110.2704459,0.440878879,13,67,0,23.16,29.49,29.49,1010,3.92,192
2023,KAB GUNUNG KIDUL,26,0,-7.9930685,110.2704459,0.461673833,32,67,0,23.53,28.44,28.43,1009,4.67,178
2023,KAB GUNUNG KIDUL,27,1,-7.9930685,110.2704459,0.43573612,95,78,0.17,24.08,26.53,26.29,1013,6.19,157
2023,KAB GUNUNG KIDUL,28,4,-7.9930685,110.2704459,0.477345649,53,77,0,23.86,28.15,27.9,1010,7.21,137
2023,KAB GUNUNG KIDUL,29,1,-7.9930685,110.2704459,0.50761833,65,64,0,22.41,27.65,27.65,1012,6.59,140
2023,KAB GUNUNG KIDUL,30,1,-7.9930685,110.2704459,0.399552471,18,62,0,21.55,28.14,28.04,1012,7.84,145
2023,KAB GUNUNG KIDUL,31,5,-7.9930685,110.2704459,0.440282612,64,58,0,21.79,27.4,27.08,1013,7.97,144
2023,KAB GUNUNG KIDUL,32,3,-7.9930685,110.2704459,0.416247358,16,69,0,22.28,28.23,27.75,1013,7.18,151
2023,KAB GUNUNG KIDUL,33,1,-7.9930685,110.2704459,0.444016844,49,62,0,20.53,27.66,27.25,1012,6.05,153
2023,KAB GUNUNG KIDUL,34,4,-7.9930685,110.2704459,0.449670356,24,62,0,20.78,27.98,27.9,1012,6.79,154
2023,KAB GUNUNG KIDUL,35,0,-7.9930685,110.2704459,0.394463847,54,60,0,21.26,27.46,27.46,1012,6.48,160
2023,KAB GUNUNG KIDUL,36,1,-7.9930685,110.2704459,0.461236901,21,61,0,20.32,26.86,26.86,1012,7.94,154
2023,KAB GUNUNG KIDUL,37,3,-7.9930685,110.2704459,0.505321601,22,54,0,20.32,27.67,27.61,1013,6.13,159
2023,KAB GUNUNG KIDUL,38,0,-7.9930685,110.2704459,0.527377154,86,61,0,22.6,28.2,28.13,1011,8.28,154
2023,KAB GUNUNG KIDUL,39,4,-7.9930685,110.2704459,0.419398025,37,59,0,21.28,28.81,28.81,1011,7.37,161
2023,KAB GUNUNG KIDUL,40,1,-7.9930685,110.2704459,0.368299918,20,56,0,22.02,29.4,29.4,1013,7.21,162
2023,KAB GUNUNG KIDUL,41,1,-7.9930685,110.2704459,0.453348252,31,59,0,23.18,30.66,30.44,1011,8.65,153
2023,KAB GUNUNG KIDUL,42,0,-7.9930685,110.2704459,0.510113656,64,55,0,22.75,30.72,30.72,1010,7.44,164
2023,KAB GUNUNG KIDUL,43,3,-7.9930685,110.2704459,0.447517238,37,59,0,21.98,30.08,30.08,1012,6.57,176
2023,KAB GUNUNG KIDUL,44,1,-7.9930685,110.2704459,0.666671284,43,57,0,23.65,30.89,30.89,1010,7.39,170
2023,KAB GUNUNG KIDUL,45,1,-7.9930685,110.2704459,0.659507623,46,69,0,24.81,30.26,29.54,1010,6.58,153
2023,KAB GUNUNG KIDUL,46,1,-7.9930685,110.2704459,0.655756549,78,63,1.18,25.01,29.44,29.23,1012,5.28,156
2023,KAB GUNUNG KIDUL,47,2,-7.9930685,110.2704459,0.63373368,47,62,0,24.83,29.59,29.42,1011,4.93,169
2023,KAB GUNUNG KIDUL,48,3,-7.9930685,110.2704459,0.635020538,92,63,0.9,24.86,29.73,29.09,1010,4.23,189
2023,KAB GUNUNG KIDUL,49,2,-7.9930685,110.2704459,0.738145565,97,72,8.8,25.05,28.74,28.48,1010,4.51,170
2023,KAB GUNUNG KIDUL,50,2,-7.9930685,110.2704459,0.709524252,71,62,0.3,26.14,29.87,29.87,1009,4.94,173
2023,KAB GUNUNG KIDUL,51,4,-7.9930685,110.2704459,0.688099517,100,55,0,25.06,29.81,29.8,1010,4.91,193
2023,KAB GUNUNG KIDUL,52,0,-7.9930685,110.2704459,0.75402356,86,58,0,23.83,33.12,30.87,1011,4.94,184
2023,KAB KULON PROGO,1,9,-7.8124619,109.9789867,0.667754911,100,62,12.93,24.02,30.45,30.22,1009,4.05,251
2023,KAB KULON PROGO,2,4,-7.8124619,109.9789867,0.687683992,34,65,0.48,23.24,29.92,29.89,1010,4.04,219
2023,KAB KULON PROGO,3,5,-7.8124619,109.9789867,0.661122132,78,62,7.13,23.66,30.76,30.63,1008,4.55,229
2023,KAB KULON PROGO,4,12,-7.8124619,109.9789867,0.679285474,46,68,1.88,23.95,29.87,29.87,1008,4.2,227
2023,KAB KULON PROGO,5,1,-7.8124619,109.9789867,0.687765155,100,82,13.73,23.89,29.26,27.34,1007,2.14,218
2023,KAB KULON PROGO,6,3,-7.8124619,109.9789867,0.758842996,95,59,8.58,23.73,30.63,30.53,1007,4.72,234
2023,KAB KULON PROGO,7,4,-7.8124619,109.9789867,0.706440237,29,73,20.37,22.94,30.57,29.51,1009,4.08,237
2023,KAB KULON PROGO,8,4,-7.8124619,109.9789867,0.700915277,68,63,0.12,23.35,30.49,30.44,1010,4.9,241
2023,KAB KULON PROGO,9,3,-7.8124619,109.9789867,0.654890638,100,82,18.39,23.74,30.25,27.12,1010,2.99,273
2023,KAB KULON PROGO,10,7,-7.8124619,109.9789867,0.56481703,72,62,8.32,23.55,30.3,30.3,1012,4.56,231
2023,KAB KULON PROGO,11,4,-7.8124619,109.9789867,0.669147967,15,50,0,23.51,32.16,32.16,1010,4.11,190
2023,KAB KULON PROGO,12,9,-7.8124619,109.9789867,0.643180074,47,66,9.97,24.38,31.37,31.1,1008,2.82,186
2023,KAB KULON PROGO,13,6,-7.8124619,109.9789867,0.646865342,87,61,8.42,24.05,31,31,1008,3.58,225
2023,KAB KULON PROGO,14,1,-7.8124619,109.9789867,0.562942475,90,73,11.29,23.32,29.28,29.28,1008,3.46,222
2023,KAB KULON PROGO,15,0,-7.8124619,109.9789867,0.670574821,60,59,0,23.3,30.68,30.68,1011,4.5,225
2023,KAB KULON PROGO,16,5,-7.8124619,109.9789867,0.713303704,60,58,0,24,31.5,31.5,1008,4.13,214
2023,KAB KULON PROGO,17,2,-7.8124619,109.9789867,0.547866322,54,63,9.1,24.35,31.8,31.7,1008,3.52,188
2023,KAB KULON PROGO,18,3,-7.8124619,109.9789867,0.407222558,75,63,0.42,23.93,31.21,31.21,1007,3.44,210
2023,KAB KULON PROGO,19,4,-7.8124619,109.9789867,0.468165722,95,68,4.71,24.55,30.84,30.84,1007,3.71,166
2023,KAB KULON PROGO,20,5,-7.8124619,109.9789867,0.415321825,64,71,0,22.39,28.48,28.01,1013,4.7,141
2023,KAB KULON PROGO,21,0,-7.8124619,109.9789867,0.473331998,7,51,0,22.83,31.41,31.41,1012,4.92,160
2023,KAB KULON PROGO,22,5,-7.8124619,109.9789867,0.438628201,90,53,0,22.98,30.53,30.29,1010,5.02,157
2023,KAB KULON PROGO,23,2,-7.8124619,109.9789867,0.3974187,97,66,0,24.33,30.32,29.24,1011,4.55,155
2023,KAB KULON PROGO,24,2,-7.8124619,109.9789867,0.412211012,93,64,0,22.71,30,30,1010,4.75,164
2023,KAB KULON PROGO,25,3,-7.8124619,109.9789867,0.528002066,17,66,0,23.27,30.04,30.04,1010,6.1,102
2023,KAB KULON PROGO,26,1,-7.8124619,109.9789867,0.402816689,19,57,0,23.04,30.62,30.62,1009,4.08,193
2023,KAB KULON PROGO,27,6,-7.8124619,109.9789867,0.490222653,95,80,0,23.42,27,26.27,1013,4.11,145
2023,KAB KULON PROGO,28,0,-7.8124619,109.9789867,0.399225741,69,76,0,23.39,29.19,28.69,1010,4.28,147
2023,KAB KULON PROGO,29,5,-7.8124619,109.9789867,0.449724968,65,62,0,21.96,28.61,28.61,1012,4.82,149
2023,KAB KULON PROGO,30,4,-7.8124619,109.9789867,0.456475745,15,55,0,21.2,30.14,30.14,1012,5.5,161
2023,KAB KULON PROGO,31,3,-7.8124619,109.9789867,0.424083536,84,52,0,20.14,28.99,28.31,1013,6.55,149
2023,KAB KULON PROGO,32,1,-7.8124619,109.9789867,0.516260002,46,59,0,22.14,30.69,29.7,1013,5.14,168
2023,KAB KULON PROGO,33,0,-7.8124619,109.9789867,0.401163421,59,49,0,19.72,30.05,29.86,1012,5.25,175
2023,KAB KULON PROGO,34,3,-7.8124619,109.9789867,0.57616478,50,54,0,20.64,30.22,29.71,1012,5.97,165
2023,KAB KULON PROGO,35,7,-7.8124619,109.9789867,0.482997421,79,60,0,21.63,28.97,27.6,1012,4.78,175
2023,KAB KULON PROGO,36,0,-7.8124619,109.9789867,0.425255726,30,53,0,19.67,28.92,28.67,1012,6.13,167
2023,KAB KULON PROGO,37,7,-7.8124619,109.9789867,0.436002271,37,47,0,19.28,29.65,29.64,1013,5.92,165
2023,KAB KULON PROGO,38,1,-7.8124619,109.9789867,0.424615333,96,59,0,22.58,30.1,28.51,1012,6.05,157
2023,KAB KULON PROGO,39,2,-7.8124619,109.9789867,0.507089929,64,53,0,21.08,31.54,30.47,1011,5.72,173
2023,KAB KULON PROGO,40,4,-7.8124619,109.9789867,0.405336402,27,46,0,21.94,31.7,31.7,1012,6.47,166
2023,KAB KULON PROGO,41,3,-7.8124619,109.9789867,0.476677561,80,53,0,23.33,32.24,31.88,1011,5.84,173
2023,KAB KULON PROGO,42,4,-7.8124619,109.9789867,0.499125495,69,48,0,22.9,33.18,33.03,1010,5.68,182
2023,KAB KULON PROGO,43,3,-7.8124619,109.9789867,0.460911369,49,50,0,22.39,32.74,32.74,1012,5.21,194
2023,KAB KULON PROGO,44,2,-7.8124619,109.9789867,0.655456723,24,43,0,23.84,33.99,33.99,1009,5.86,184
2023,KAB KULON PROGO,45,1,-7.8124619,109.9789867,0.602156383,70,63,0.19,24.62,31.69,30.91,1010,4.36,157
2023,KAB KULON PROGO,46,4,-7.8124619,109.9789867,0.772874767,58,59,0.77,25.16,30.96,30.38,1012,4.68,166
2023,KAB KULON PROGO,47,4,-7.8124619,109.9789867,0.579968001,59,59,0,24.64,31.12,30.31,1011,4.37,175
2023,KAB KULON PROGO,48,5,-7.8124619,109.9789867,0.560564376,94,64,0.61,24.84,29.75,29.75,1010,3.06,192
2023,KAB KULON PROGO,49,3,-7.8124619,109.9789867,0.616175507,96,69,6.63,24.33,29.45,29.45,1010,3.69,179
2023,KAB KULON PROGO,50,7,-7.8124619,109.9789867,0.684420096,69,59,11.63,25.62,31.01,30.71,1009,4.04,181
2023,KAB KULON PROGO,51,6,-7.8124619,109.9789867,0.666977198,100,50,0,25,31.43,31.43,1010,4.5,202
2023,KAB KULON PROGO,52,0,-7.8124619,109.9789867,0.647423037,66,50,0,24.18,33.31,33.31,1011,4.98,199
2023,KAB SLEMAN,1,18,-7.689718,110.3812751,0.740530255,97,64,6.24,22.3,29.45,29.45,1009,3.51,240
2023,KAB SLEMAN,2,12,-7.689718,110.3812751,0.642553728,45,57,8.89,22.02,30.61,30.61,1010,4.97,223
2023,KAB SLEMAN,3,16,-7.689718,110.3812751,0.679273127,84,56,19.42,22.62,31,31,1007,4.87,222
2023,KAB SLEMAN,4,16,-7.689718,110.3812751,0.596386021,41,62,3.28,22.85,30.27,30.27,1007,4.99,224
2023,KAB SLEMAN,5,13,-7.689718,110.3812751,0.611800858,100,80,21.76,22.75,28.07,26.57,1007,1.34,207
2023,KAB SLEMAN,6,11,-7.689718,110.3812751,0.670623706,100,54,2.99,22.58,31.02,30.24,1007,5.75,236
2023,KAB SLEMAN,7,8,-7.689718,110.3812751,0.560076417,31,63,16.32,21.87,30.88,30.25,1009,3.72,267
2023,KAB SLEMAN,8,6,-7.689718,110.3812751,0.610286833,64,55,0.46,22.16,30.92,30.92,1009,5.26,240
2023,KAB SLEMAN,9,6,-7.689718,110.3812751,0.603720909,100,79,21.57,22.39,28.97,26.82,1011,2.05,226
2023,KAB SLEMAN,10,9,-7.689718,110.3812751,0.614265368,83,57,17.15,22.57,30.48,30.48,1012,5.15,224
2023,KAB SLEMAN,11,4,-7.689718,110.3812751,0.653841057,16,45,0,22.06,32.35,32.01,1010,4.66,188
2023,KAB SLEMAN,12,9,-7.689718,110.3812751,0.817893297,27,59,19.43,22.9,31.53,31.44,1008,2.57,96
2023,KAB SLEMAN,13,13,-7.689718,110.3812751,0.677068916,100,58,10.57,22.98,30.73,30.73,1008,2.61,218
2023,KAB SLEMAN,14,11,-7.689718,110.3812751,0.654963958,97,72,9.28,22.31,29.01,28.63,1008,3.02,219
2023,KAB SLEMAN,15,5,-7.689718,110.3812751,0.61983362,66,50,5.03,21.72,31.33,31.23,1010,5.21,220
2023,KAB SLEMAN,16,8,-7.689718,110.3812751,0.547312141,83,52,0.11,22.18,31.97,31.97,1008,4.58,208
2023,KAB SLEMAN,17,22,-7.689718,110.3812751,0.614139276,37,60,10.88,23,31.35,31.15,1008,2.6,103
2023,KAB SLEMAN,18,11,-7.689718,110.3812751,0.469226299,48,59,0.11,22.71,31.19,31.19,1007,2.17,167
2023,KAB SLEMAN,19,9,-7.689718,110.3812751,0.449413527,86,64,6.99,23.12,30.66,30.66,1007,3.5,198
2023,KAB SLEMAN,20,7,-7.689718,110.3812751,0.40164735,61,67,0,21.01,28.13,27.71,1013,4.59,157
2023,KAB SLEMAN,21,10,-7.689718,110.3812751,0.485707373,10,50,0,21.26,30.83,30.55,1012,3.75,167
2023,KAB SLEMAN,22,5,-7.689718,110.3812751,0.461163347,75,52,0,21.2,30.3,29.72,1010,4.28,178
2023,KAB SLEMAN,23,6,-7.689718,110.3812751,0.474291376,87,65,0,22.54,28.83,28.83,1011,4.06,170
2023,KAB SLEMAN,24,9,-7.689718,110.3812751,0.406583503,86,60,0,21.6,30.15,29.86,1010,4.33,175
2023,KAB SLEMAN,25,6,-7.689718,110.3812751,0.358847077,10,56,0,22.22,31.32,31.32,1010,2.78,40
2023,KAB SLEMAN,26,16,-7.689718,110.3812751,0.475792523,40,55,0,21.7,30.14,30.12,1009,4.47,198
2023,KAB SLEMAN,27,6,-7.689718,110.3812751,0.464694865,94,80,0.11,21.76,25.79,25.44,1013,3.59,181
2023,KAB SLEMAN,28,10,-7.689718,110.3812751,0.356527529,52,69,0,22.21,29.53,28.91,1010,2.78,159
2023,KAB SLEMAN,29,8,-7.689718,110.3812751,0.505446207,67,57,0,20.43,28.41,28.41,1012,4.69,167
2023,KAB SLEMAN,30,10,-7.689718,110.3812751,0.438746073,23,51,0,20.05,30.7,30.27,1012,4.46,181
2023,KAB SLEMAN,31,5,-7.689718,110.3812751,0.53328518,76,48,0,18.61,29.21,28.64,1013,6.09,156
2023,KAB SLEMAN,32,2,-7.689718,110.3812751,0.442236996,21,51,0,20.76,30.47,30.47,1013,4.08,190
2023,KAB SLEMAN,33,12,-7.689718,110.3812751,0.428826675,45,41,0,19.05,31.43,30.66,1012,5.2,187
2023,KAB SLEMAN,34,10,-7.689718,110.3812751,0.420709769,18,45,0,19.3,31.66,31.3,1012,5.86,177
2023,KAB SLEMAN,35,7,-7.689718,110.3812751,0.366901492,56,46,0,20.19,30.62,30.62,1011,5.39,191
2023,KAB SLEMAN,36,12,-7.689718,110.3812751,0.346228339,20,40,0,18.16,30.89,30.89,1011,5.9,176
2023,KAB SLEMAN,37,13,-7.689718,110.3812751,0.432107017,25,39,0,18.43,31.04,31.04,1012,6.05,179
2023,KAB SLEMAN,38,11,-7.689718,110.3812751,0.387291592,77,49,0,21.17,30.26,30.26,1011,5.14,170
2023,KAB SLEMAN,39,8,-7.689718,110.3812751,0.430788577,41,38,0,20,33.02,33.02,1010,6.64,179
2023,KAB SLEMAN,40,13,-7.689718,110.3812751,0.415537716,11,31,0,20.73,34.01,34.01,1012,6.99,173
2023,KAB SLEMAN,41,16,-7.689718,110.3812751,0.426480643,49,34,0,21.94,35.66,35.66,1010,5.19,179
2023,KAB SLEMAN,42,12,-7.689718,110.3812751,0.519379915,70,30,0,21.04,36.32,36.32,1010,5.46,190
2023,KAB SLEMAN,43,13,-7.689718,110.3812751,0.390413595,50,35,0,21,35.69,35.69,1011,5.83,197
2023,KAB SLEMAN,44,5,-7.689718,110.3812751,0.635448813,64,30,0.12,22.14,36.2,36.2,1009,6.21,186
2023,KAB SLEMAN,45,12,-7.689718,110.3812751,0.563385457,38,57,0.23,23.34,32.03,31.68,1010,2.91,213
2023,KAB SLEMAN,46,14,-7.689718,110.3812751,0.668305466,76,57,0,23.21,30.31,30.03,1012,4.34,183
2023,KAB SLEMAN,47,17,-7.689718,110.3812751,0.604326493,68,56,0,23.06,30.37,29.88,1011,4.11,190
2023,KAB SLEMAN,48,8,-7.689718,110.3812751,0.626328265,100,72,1.31,23.04,29,27.03,1010,3.5,211
2023,KAB SLEMAN,49,5,-7.689718,110.3812751,0.603649076,96,71,8.98,23.14,28.91,28.51,1010,3.25,197
2023,KAB SLEMAN,50,12,-7.689718,110.3812751,0.633936647,71,59,2.4,24.02,30.34,29.9,1009,4.4,188
2023,KAB SLEMAN,51,7,-7.689718,110.3812751,0.734994182,98,48,0,22.64,31.55,31.55,1010,5.36,200
2023,KAB SLEMAN,52,0,-7.689718,110.3812751,0.571703653,99,44,0,22.41,33.6,33.6,1010,4.19,209
2023,KOTA YOGYAKARTA,1,1,-7.8239138,110.3479391,0.619649186,98,66,6.31,23.19,29.54,29.48,1009,4.4,254
2023,KOTA YOGYAKARTA,2,3,-7.8239138,110.3479391,0.674139697,38,61,5.42,23,30.29,30.29,1010,4.92,223
2023,KOTA YOGYAKARTA,3,6,-7.8239138,110.3479391,0.572885968,80,59,11.75,23.67,30.79,30.79,1007,4.97,227
2023,KOTA YOGYAKARTA,4,0,-7.8239138,110.3479391,0.603108218,37,63,5.29,23.68,30.31,30.31,1007,5.13,226
2023,KOTA YOGYAKARTA,5,3,-7.8239138,110.3479391,0.623295836,100,80,19.45,23.48,28.67,27.16,1007,1.94,192
2023,KOTA YOGYAKARTA,6,2,-7.8239138,110.3479391,0.699570105,100,58,7.69,23.63,30.96,30.43,1007,6.15,242
2023,KOTA YOGYAKARTA,7,7,-7.8239138,110.3479391,0.697532667,21,63,32.74,22.68,31.29,30.71,1009,4.85,280
2023,KOTA YOGYAKARTA,8,1,-7.8239138,110.3479391,0.73967106,61,59,0,23.2,30.77,30.71,1009,5.71,246
2023,KOTA YOGYAKARTA,9,1,-7.8239138,110.3479391,0.594453305,100,80,40.11,23.32,28.2,27,1010,2.91,262
2023,KOTA YOGYAKARTA,10,2,-7.8239138,110.3479391,0.718753857,74,60,8.11,23.71,30.47,30.47,1012,5.48,236
2023,KOTA YOGYAKARTA,11,1,-7.8239138,110.3479391,0.63572884,17,51,0,23.06,31.94,31.71,1010,4.48,187
2023,KOTA YOGYAKARTA,12,1,-7.8239138,110.3479391,0.68360694,27,61,9.7,23.77,31.58,31.58,1008,3.02,131
2023,KOTA YOGYAKARTA,13,2,-7.8239138,110.3479391,0.630923462,100,59,17.63,23.77,31.06,31.06,1008,3.25,227
2023,KOTA YOGYAKARTA,14,0,-7.8239138,110.3479391,0.64771947,96,73,8.85,23.19,29.04,28.84,1008,3.41,237
2023,KOTA YOGYAKARTA,15,3,-7.8239138,110.3479391,0.666659413,53,55,2.31,22.66,31.05,31.01,1010,5.06,224
2023,KOTA YOGYAKARTA,16,1,-7.8239138,110.3479391,0.578982044,85,55,0,23.11,31.71,31.71,1008,4.61,211
2023,KOTA YOGYAKARTA,17,3,-7.8239138,110.3479391,0.541341772,40,63,4.14,23.93,31.48,31.2,1008,2.38,131
2023,KOTA YOGYAKARTA,18,3,-7.8239138,110.3479391,0.493189587,40,62,0,23.54,31.16,31.16,1007,2.83,182
2023,KOTA YOGYAKARTA,19,1,-7.8239138,110.3479391,0.45965947,92,66,5.07,24.14,30.72,30.72,1007,3.97,177
2023,KOTA YOGYAKARTA,20,2,-7.8239138,110.3479391,0.348328973,51,68,0,22.03,28.5,28.2,1013,5.4,147
2023,KOTA YOGYAKARTA,21,3,-7.8239138,110.3479391,0.548007929,9,54,0,22.26,30.71,30.59,1012,4.8,154
2023,KOTA YOGYAKARTA,22,0,-7.8239138,110.3479391,0.423365204,82,54,0,22.4,30.06,29.67,1010,5.1,162
2023,KOTA YOGYAKARTA,23,2,-7.8239138,110.3479391,0.393823012,91,66,0,23.69,29.13,29.13,1011,4.74,160
2023,KOTA YOGYAKARTA,24,1,-7.8239138,110.3479391,0.513869259,79,65,0,22.54,29.79,29.48,1010,4.9,164
2023,KOTA YOGYAKARTA,25,0,-7.8239138,110.3479391,0.523652417,9,59,0,22.86,31.02,31.02,1010,3.14,199
2023,KOTA YOGYAKARTA,26,2,-7.8239138,110.3479391,0.414054158,41,59,0,22.62,29.92,29.92,1009,4.7,191
2023,KOTA YOGYAKARTA,27,0,-7.8239138,110.3479391,0.49626444,94,79,0.3,22.92,26.35,26.01,1013,4.45,169
2023,KOTA YOGYAKARTA,28,1,-7.8239138,110.3479391,0.404079778,56,72,0,23.08,29.34,28.84,1010,4.38,147
2023,KOTA YOGYAKARTA,29,0,-7.8239138,110.3479391,0.450451288,68,59,0,21.52,28.54,28.54,1012,5.33,154
2023,KOTA YOGYAKARTA,30,2,-7.8239138,110.3479391,0.486652521,21,54,0,20.84,30.24,29.82,1012,5.6,162
2023,KOTA YOGYAKARTA,31,3,-7.8239138,110.3479391,0.448208068,71,51,0,20.11,28.88,28.43,1013,6.91,148
2023,KOTA YOGYAKARTA,32,0,-7.8239138,110.3479391,0.440566181,18,57,0,21.6,30.01,29.97,1013,5.01,172
2023,KOTA YOGYAKARTA,33,1,-7.8239138,110.3479391,0.38877478,48,48,0,19.94,30.44,29.82,1012,5.42,175
2023,KOTA YOGYAKARTA,34,2,-7.8239138,110.3479391,0.404785244,21,50,0,20.08,30.71,30.43,1012,6.27,168
2023,KOTA YOGYAKARTA,35,2,-7.8239138,110.3479391,0.403244068,58,51,0,21.05,29.77,29.77,1011,5.57,179
2023,KOTA YOGYAKARTA,36,9,-7.8239138,110.3479391,0.482000455,21,47,0,19.23,29.76,29.76,1011,6.6,164
2023,KOTA YOGYAKARTA,37,1,-7.8239138,110.3479391,0.422208134,25,44,0,19.5,30.02,30.02,1013,6.18,172
2023,KOTA YOGYAKARTA,38,2,-7.8239138,110.3479391,0.448563222,82,52,0,22.04,29.98,29.9,1011,6.4,162
2023,KOTA YOGYAKARTA,39,4,-7.8239138,110.3479391,0.468734257,39,46,0,20.75,31.7,31.67,1010,7.01,172
2023,KOTA YOGYAKARTA,40,1,-7.8239138,110.3479391,0.464954627,14,40,0,21.51,32.73,32.73,1012,7.25,169
2023,KOTA YOGYAKARTA,41,3,-7.8239138,110.3479391,0.488492955,40,42,0,22.68,34.28,34.28,1010,6.32,165
2023,KOTA YOGYAKARTA,42,3,-7.8239138,110.3479391,0.463797115,69,39,0.13,21.91,34.72,34.72,1010,6.42,182
2023,KOTA YOGYAKARTA,43,3,-7.8239138,110.3479391,0.394959595,42,43,0,21.53,34.08,34.08,1011,6.54,187
2023,KOTA YOGYAKARTA,44,1,-7.8239138,110.3479391,0.626583253,54,40,0,22.98,34.64,34.64,1009,6.64,183
2023,KOTA YOGYAKARTA,45,2,-7.8239138,110.3479391,0.703769737,41,60,0.42,24.15,31.81,31.26,1010,3.86,172
2023,KOTA YOGYAKARTA,46,0,-7.8239138,110.3479391,0.635332096,78,58,2.53,24.2,30.39,30.12,1012,4.6,172
2023,KOTA YOGYAKARTA,47,16,-7.8239138,110.3479391,0.656677646,63,58,0,24.03,30.49,30.03,1011,4.2,181
2023,KOTA YOGYAKARTA,48,5,-7.8239138,110.3479391,0.702215354,97,67,1.32,24.03,30.09,28.37,1010,3.85,201
2023,KOTA YOGYAKARTA,49,2,-7.8239138,110.3479391,0.611455432,98,71,9.62,24.22,29.18,28.79,1010,3.67,186
2023,KOTA YOGYAKARTA,50,3,-7.8239138,110.3479391,0.667632687,70,59,1.15,25.17,30.67,30.37,1009,4.7,182
2023,KOTA YOGYAKARTA,51,0,-7.8239138,110.3479391,0.571736566,99,50,0,23.8,31.16,31.16,1010,5.26,197
2023,KOTA YOGYAKARTA,52,0,-7.8239138,110.3479391,0.734477355,95,48,0,23.19,33.19,33.19,1010,4.9,196
2024,KAB BANTUL,1,13,-7.902328,110.2862991,0.594489874,97,74,12.35,24.56,29.76,29.76,1010,4.91,159
2024,KAB BANTUL,2,14,-7.902328,110.2862991,0.657444545,100,71,19.1,23.96,30.25,28.3,1010,3.4,168
2024,KAB BANTUL,3,9,-7.902328,110.2862991,0.692693018,68,59,0,25.27,30.99,30.8,1009,4.12,205
2024,KAB BANTUL,4,13,-7.902328,110.2862991,0.65986872,92,69,0.12,24.35,29.68,29.68,1010,6.45,260
2024,KAB BANTUL,5,10,-7.902328,110.2862991,0.586866883,58,70,21.95,25,30.1,29.83,1012,3.86,212
2024,KAB BANTUL,6,13,-7.902328,110.2862991,0.621486047,60,71,9.06,24.9,29.72,29.61,1012,4.75,254
2024,KAB BANTUL,7,28,-7.902328,110.2862991,0.68585872,78,65,0,24.88,30.45,30.45,1012,3.84,226
2024,KAB BANTUL,8,22,-7.902328,110.2862991,0.723363026,67,64,0.24,24.98,31,31,1011,4.02,189
2024,KAB BANTUL,9,25,-7.902328,110.2862991,0.744564116,98,74,16.87,24.03,29.9,29.06,1009,3.33,249
2024,KAB BANTUL,10,29,-7.902328,110.2862991,0.579854926,99,74,37.36,25.37,29.48,29.42,1010,3.2,242
2024,KAB BANTUL,11,28,-7.902328,110.2862991,0.538252058,100,73,12.31,24.4,28.08,28.08,1009,2.58,288
2024,KAB BANTUL,12,25,-7.902328,110.2862991,0.686786073,68,71,0,24.48,29.67,29.64,1009,6.9,251
2024,KAB BANTUL,13,25,-7.902328,110.2862991,0.641296309,94,65,0.56,25.23,30.61,30.61,1010,4.25,167
2024,KAB BANTUL,14,17,-7.902328,110.2862991,0.633176356,100,63,0,26.03,30.1,30.05,1012,4.05,154
2024,KAB BANTUL,15,31,-7.902328,110.2862991,0.651042727,48,65,4.44,24.06,31.04,31.04,1006,4.23,226
2024,KAB BANTUL,16,31,-7.902328,110.2862991,0.690717237,58,70,0.72,25.08,30.89,30.81,1010,5.27,146
2024,KAB BANTUL,17,21,-7.902328,110.2862991,0.679850301,100,70,10.85,24.7,30.82,30.82,1008,5.29,149
2024,KAB BANTUL,18,35,-7.902328,110.2862991,0.439727062,90,73,0.11,25.39,30.38,30.38,1009,4.21,154
2024,KAB BANTUL,19,39,-7.902328,110.2862991,0.455337253,75,69,0.16,23.8,29.2,29.02,1010,5.03,154
2024,KAB BANTUL,20,26,-7.902328,110.2862991,0.44876843,47,71,0,24.31,30.07,29.73,1010,5.29,150
2024,KAB BANTUL,21,23,-7.902328,110.2862991,0.441449645,100,61,0,24.22,29.66,29.62,1008,6.91,136
2024,KAB BANTUL,22,28,-7.902328,110.2862991,0.463398749,73,69,0,24.25,29.47,29.3,1011,6.3,143
2024,KAB BANTUL,23,18,-7.902328,110.2862991,0.445756045,74,75,0,24.52,29.12,29.1,1011,5.14,148
2024,KAB BANTUL,24,26,-7.902328,110.2862991,0.416698481,85,75,0,24.29,29.08,29.01,1011,5.04,150
2024,KAB BANTUL,25,38,-7.902328,110.2862991,0.444784901,37,64,0,23.36,29.98,29.98,1010,5.11,165
2024,KAB BANTUL,26,22,-7.902328,110.2862991,0.437482072,84,72,0,22.5,28.32,28.04,1011,7.56,137
2024,KAB BANTUL,27,27,-7.902328,110.2862991,0.449509467,66,69,0,24.05,29.53,29.13,1011,5.84,156
2024,KAB BANTUL,28,13,-7.902328,110.2862991,0.45159643,91,68,0,23.46,29.42,28.9,1010,5.07,141
2024,KAB BANTUL,29,22,-7.902328,110.2862991,0.427696858,15,53,0,21.88,28.34,28.23,1010,7.97,138
2024,KAB BANTUL,30,16,-7.902328,110.2862991,0.409024668,5,57,0,21.57,28.92,28.79,1012,6.72,151
2024,KAB BANTUL,31,21,-7.902328,110.2862991,0.457490785,56,64,0,22.43,28.54,28.36,1012,7.13,151
2024,KAB BANTUL,32,23,-7.902328,110.2862991,0.459664783,22,65,0,22.75,28.58,28.58,1013,5.56,155
2024,KAB BANTUL,33,13,-7.902328,110.2862991,0.417001565,33,55,0,21.44,28.57,28.57,1011,8.22,146
2024,KAB BANTUL,34,22,-7.902328,110.2862991,0.448066832,3,60,0,21.23,30.48,28.33,1011,6.52,156
2024,KAB BANTUL,35,27,-7.902328,110.2862991,0.472102653,55,65,0,22.03,28.02,27.53,1012,7.3,155
2024,KAB BANTUL,36,18,-7.902328,110.2862991,0.401626538,91,67,0,22.05,28.25,27.79,1011,5.33,160
2024,KAB BANTUL,37,22,-7.902328,110.2862991,0.49376086,61,73,1.44,24.12,28.63,28.44,1012,6.27,151
2024,KAB BANTUL,38,22,-7.902328,110.2862991,0.531589936,5,53,0,23.23,35.48,29.75,1009,7.06,161
2024,KAB BANTUL,39,18,-7.902328,110.2862991,0.533697256,99,59,0,23.07,37.15,31.1,1009,5.36,180
2024,KAB BANTUL,40,32,-7.902328,110.2862991,0.427897886,53,60,0,25.11,32.06,31.46,1009,7.35,156
2024,KAB BANTUL,41,27,-7.902328,110.2862991,0.522761341,55,61,0,24.32,30.9,30.9,1009,6.95,158
2024,KAB BANTUL,42,29,-7.902328,110.2862991,0.455241345,80,52,0,24.73,32.89,32.67,1008,7.99,157
2024,KAB BANTUL,43,30,-7.902328,110.2862991,0.424118981,99,74,0.57,23.46,27.87,27.68,1013,2.92,150
2024,KAB BANTUL,44,38,-7.902328,110.2862991,0.51431022,45,53,0,24.73,31.62,31.62,1009,6.39,175
2024,KAB BANTUL,45,39,-7.902328,110.2862991,0.704525796,98,64,12.62,24.41,34.37,34.37,1010,3.15,206
2024,KAB BANTUL,46,25,-7.902328,110.2862991,0.634649381,92,68,18.71,25.01,30.47,30.37,1009,4.26,165
2024,KAB BANTUL,47,38,-7.902328,110.2862991,0.659067257,66,64,14.12,24.91,31.92,31.24,1006,4.3,186
2024,KAB BANTUL,48,37,-7.902328,110.2862991,0.577046918,100,71,17.28,24.8,29.69,29.5,1008,3.74,228
2024,KAB BANTUL,49,64,-7.902328,110.2862991,0.609448914,100,69,5.16,24.76,30.31,29.86,1007,4.78,258
2024,KAB BANTUL,50,57,-7.902328,110.2862991,0.615135803,98,70,6.94,25.1,29.78,29.78,1006,3.6,202
2024,KAB BANTUL,51,48,-7.902328,110.2862991,0.653299472,100,81,103.43,23.7,28.35,26.79,1009,3.79,272
2024,KAB BANTUL,52,0,-7.902328,110.2862991,0.580348413,63,70,34.33,24.98,31.41,30.3,1008,3.77,184
2024,KAB GUNUNG KIDUL,1,6,-7.9930685,110.2704459,0.63062263,98,74,10.91,25.18,29.62,29.62,1010,5.38,151
2024,KAB GUNUNG KIDUL,2,8,-7.9930685,110.2704459,0.667684586,100,71,19.4,23.96,29.95,28.3,1010,3.8,167
2024,KAB GUNUNG KIDUL,3,20,-7.9930685,110.2704459,0.681673038,70,61,0,25.55,30.42,30.25,1009,4,207
2024,KAB GUNUNG KIDUL,4,35,-7.9930685,110.2704459,0.632917522,92,70,0.25,24.53,29.32,29.32,1010,6.73,261
2024,KAB GUNUNG KIDUL,5,20,-7.9930685,110.2704459,0.612190579,62,71,23.52,25.06,29.77,29.53,1012,3.99,211
2024,KAB GUNUNG KIDUL,6,23,-7.9930685,110.2704459,0.552831123,62,72,8.42,25.06,29.36,29.32,1012,4.88,256
2024,KAB GUNUNG KIDUL,7,55,-7.9930685,110.2704459,0.628604248,76,67,0,24.95,29.98,29.98,1012,3.86,227
2024,KAB GUNUNG KIDUL,8,45,-7.9930685,110.2704459,0.65410994,66,66,0.12,25.12,30.49,30.49,1011,3.94,187
2024,KAB GUNUNG KIDUL,9,35,-7.9930685,110.2704459,0.638411264,98,75,16.31,23.96,29.8,28.74,1009,3.66,233
2024,KAB GUNUNG KIDUL,10,66,-7.9930685,110.2704459,0.688801392,99,74,38.33,25.45,29.35,29.32,1010,3.34,242
2024,KAB GUNUNG KIDUL,11,59,-7.9930685,110.2704459,0.619768717,100,74,11.77,24.43,27.93,27.93,1009,2.99,285
2024,KAB GUNUNG KIDUL,12,61,-7.9930685,110.2704459,0.637572887,67,72,0,24.61,29.34,29.34,1009,7.28,252
2024,KAB GUNUNG KIDUL,13,36,-7.9930685,110.2704459,0.689244495,92,67,0.24,25.34,30.31,30.21,1010,4.54,163
2024,KAB GUNUNG KIDUL,14,14,-7.9930685,110.2704459,0.553425388,100,63,0,26.24,29.89,29.86,1012,4.39,152
2024,KAB GUNUNG KIDUL,15,42,-7.9930685,110.2704459,0.612419405,46,68,4.39,24.21,30.46,30.46,1006,4.21,229
2024,KAB GUNUNG KIDUL,16,36,-7.9930685,110.2704459,0.608484362,59,71,0.45,25.17,30.62,30.57,1010,6.06,145
2024,KAB GUNUNG KIDUL,17,29,-7.9930685,110.2704459,0.613285785,100,72,9.21,24.83,30.4,30.4,1008,5.91,146
2024,KAB GUNUNG KIDUL,18,37,-7.9930685,110.2704459,0.473250716,88,75,0,25.56,29.94,29.93,1009,4.76,151
2024,KAB GUNUNG KIDUL,19,24,-7.9930685,110.2704459,0.494894651,73,71,0.21,23.89,28.87,28.63,1010,5.48,151
2024,KAB GUNUNG KIDUL,20,48,-7.9930685,110.2704459,0.414761466,49,74,0,24.4,29.56,29.13,1010,6.16,147
2024,KAB GUNUNG KIDUL,21,55,-7.9930685,110.2704459,0.457726107,100,63,0,24.52,29.29,29.29,1008,7.63,136
2024,KAB GUNUNG KIDUL,22,36,-7.9930685,110.2704459,0.47903391,73,71,0,24.47,28.97,28.82,1011,7.01,140
2024,KAB GUNUNG KIDUL,23,47,-7.9930685,110.2704459,0.428558358,72,75,0,24.6,28.95,28.91,1011,5.78,146
2024,KAB GUNUNG KIDUL,24,35,-7.9930685,110.2704459,0.440878879,85,76,0,24.42,28.8,28.66,1011,5.64,147
2024,KAB GUNUNG KIDUL,25,45,-7.9930685,110.2704459,0.461673833,36,65,0,23.49,29.53,29.53,1010,5.54,160
2024,KAB GUNUNG KIDUL,26,30,-7.9930685,110.2704459,0.43573612,85,72,0,22.74,28.17,27.95,1011,8.28,135
2024,KAB GUNUNG KIDUL,27,28,-7.9930685,110.2704459,0.477345649,61,70,0,24.17,29,28.78,1011,6.47,150
2024,KAB GUNUNG KIDUL,28,39,-7.9930685,110.2704459,0.50761833,89,69,0,23.61,28.97,28.9,1010,5.97,142
2024,KAB GUNUNG KIDUL,29,50,-7.9930685,110.2704459,0.399552471,14,55,0,22.43,27.94,27.87,1010,8.54,137
2024,KAB GUNUNG KIDUL,30,25,-7.9930685,110.2704459,0.440282612,5,59,0,21.76,28.29,28.21,1013,7.18,148
2024,KAB GUNUNG KIDUL,31,16,-7.9930685,110.2704459,0.416247358,51,66,0,22.62,28.06,27.93,1012,7.77,147
2024,KAB GUNUNG KIDUL,32,14,-7.9930685,110.2704459,0.444016844,20,67,0,22.86,28.05,28.05,1013,5.84,153
2024,KAB GUNUNG KIDUL,33,17,-7.9930685,110.2704459,0.449670356,36,59,0,21.67,27.81,27.78,1011,8.65,145
2024,KAB GUNUNG KIDUL,34,18,-7.9930685,110.2704459,0.394463847,4,63,0,21.31,30.48,27.41,1011,6.81,152
2024,KAB GUNUNG KIDUL,35,15,-7.9930685,110.2704459,0.461236901,48,67,0,22.12,27.53,27.15,1012,7.73,152
2024,KAB GUNUNG KIDUL,36,9,-7.9930685,110.2704459,0.505321601,90,68,0,22.2,27.77,27.42,1011,5.75,156
2024,KAB GUNUNG KIDUL,37,12,-7.9930685,110.2704459,0.527377154,56,74,1.46,24.29,28.13,28.02,1012,6.95,149
2024,KAB GUNUNG KIDUL,38,6,-7.9930685,110.2704459,0.419398025,5,58,0,23.46,35.48,28.82,1009,7.42,156
2024,KAB GUNUNG KIDUL,39,6,-7.9930685,110.2704459,0.368299918,99,64,0,23.18,37.15,30.05,1009,5.71,175
2024,KAB GUNUNG KIDUL,40,13,-7.9930685,110.2704459,0.453348252,55,64,0,25.3,31.36,30.54,1009,8.23,152
2024,KAB GUNUNG KIDUL,41,16,-7.9930685,110.2704459,0.510113656,56,65,0,24.38,29.97,29.97,1010,7.4,150
2024,KAB GUNUNG KIDUL,42,13,-7.9930685,110.2704459,0.447517238,83,60,0,25.03,31.55,31.1,1008,8.81,154
2024,KAB GUNUNG KIDUL,43,8,-7.9930685,110.2704459,0.466671284,100,75,0.4,23.62,27.91,27.48,1013,4.22,144
2024,KAB GUNUNG KIDUL,44,22,-7.9930685,110.2704459,0.459507623,44,56,0,25.1,30.66,30.66,1009,6.24,171
2024,KAB GUNUNG KIDUL,45,28,-7.9930685,110.2704459,0.655756549,99,67,13.7,24.7,34.37,34.37,1010,3.38,172
2024,KAB GUNUNG KIDUL,46,32,-7.9930685,110.2704459,0.63373368,95,70,18.6,25.29,30.05,30.01,1009,4.6,160
2024,KAB GUNUNG KIDUL,47,23,-7.9930685,110.2704459,0.635020538,71,68,13.46,25.11,31.33,30.37,1006,4.84,188
2024,KAB GUNUNG KIDUL,48,36,-7.9930685,110.2704459,0.738145565,100,72,16.84,25.03,29.26,29.22,1008,3.65,232
2024,KAB GUNUNG KIDUL,49,45,-7.9930685,110.2704459,0.709524252,100,71,6.11,25.1,29.84,29.5,1007,4.99,261
2024,KAB GUNUNG KIDUL,50,46,-7.9930685,110.2704459,0.688099517,99,72,5.31,25.39,29.32,29.22,1006,3.55,199
2024,KAB GUNUNG KIDUL,51,42,-7.9930685,110.2704459,0.75402356,100,81,104.25,23.79,28.21,26.78,1009,4.52,283
2024,KAB GUNUNG KIDUL,52,0,-7.9930685,110.2704459,0.691069143,63,71,32.93,25.29,30.96,30.01,1008,3.87,184
2024,KAB KULON PROGO,1,8,-7.8124619,109.9789867,0.687683992,100,74,31.97,24.91,30.31,30,1010,3.58,151
2024,KAB KULON PROGO,2,7,-7.8124619,109.9789867,0.661122132,100,75,20.17,24.28,30.48,28.75,1011,2.76,170
2024,KAB KULON PROGO,3,13,-7.8124619,109.9789867,0.679285474,38,56,0,24.75,32.05,31.99,1009,3.95,206
2024,KAB KULON PROGO,4,14,-7.8124619,109.9789867,0.687765155,92,71,0.42,23.84,29.57,29.57,1010,4.41,259
2024,KAB KULON PROGO,5,7,-7.8124619,109.9789867,0.758842996,29,70,6.11,24.83,30.8,30.48,1012,3.04,216
2024,KAB KULON PROGO,6,16,-7.8124619,109.9789867,0.706440237,67,71,21.78,24.28,29.91,29.77,1012,4.25,228
2024,KAB KULON PROGO,7,27,-7.8124619,109.9789867,0.700915277,82,64,0.42,24.86,30.89,30.89,1012,3.93,228
2024,KAB KULON PROGO,8,16,-7.8124619,109.9789867,0.654890638,52,59,0.18,24.73,32.01,32.01,1011,3.67,196
2024,KAB KULON PROGO,9,19,-7.8124619,109.9789867,0.56481703,94,74,18.8,24.45,29.92,29.43,1010,3.18,246
2024,KAB KULON PROGO,10,22,-7.8124619,109.9789867,0.669147967,98,76,7.34,25.54,30.42,29.47,1010,3,217
2024,KAB KULON PROGO,11,24,-7.8124619,109.9789867,0.643180074,100,75,7.42,24.32,28.34,28.13,1009,1.53,54
2024,KAB KULON PROGO,12,29,-7.8124619,109.9789867,0.646865342,75,70,0,24.63,30,30,1009,5.69,245
2024,KAB KULON PROGO,13,30,-7.8124619,109.9789867,0.562942475,99,61,0,24.86,31.65,31.65,1010,3.72,179
2024,KAB KULON PROGO,14,30,-7.8124619,109.9789867,0.670574821,100,61,0,25.5,31.09,31.09,1012,3.61,163
2024,KAB KULON PROGO,15,31,-7.8124619,109.9789867,0.713303704,58,60,0.95,24.05,31.95,31.95,1007,4.34,224
2024,KAB KULON PROGO,16,37,-7.8124619,109.9789867,0.547866322,75,74,4.42,25.02,30.97,30.19,1010,3.29,136
2024,KAB KULON PROGO,17,32,-7.8124619,109.9789867,0.607222558,98,72,5.93,25.21,31.22,30.78,1008,3.27,182
2024,KAB KULON PROGO,18,30,-7.8124619,109.9789867,0.468165722,80,71,2.47,25.13,31.3,30.83,1009,3.43,174
2024,KAB KULON PROGO,19,52,-7.8124619,109.9789867,0.415321825,68,66,0,23.73,30.27,29.79,1010,4.26,162
2024,KAB KULON PROGO,20,43,-7.8124619,109.9789867,0.473331998,60,67,0,24.58,30.85,30.69,1010,3.64,173
2024,KAB KULON PROGO,21,60,-7.8124619,109.9789867,0.438628201,97,57,0,23.71,31.08,30.9,1008,5.67,152
2024,KAB KULON PROGO,22,68,-7.8124619,109.9789867,0.3974187,89,62,0,23.79,30.44,30.42,1011,4.86,153
2024,KAB KULON PROGO,23,60,-7.8124619,109.9789867,0.412211012,80,77,0.99,24.64,29.32,29.29,1011,3.4,149
2024,KAB KULON PROGO,24,46,-7.8124619,109.9789867,0.528002066,52,69,0,24.48,30.48,30.31,1011,3.8,146
2024,KAB KULON PROGO,25,60,-7.8124619,109.9789867,0.402816689,18,60,0,23.48,30.98,30.98,1010,4.1,180
2024,KAB KULON PROGO,26,56,-7.8124619,109.9789867,0.490222653,90,71,0,21.77,28.66,28.15,1011,5.55,142
2024,KAB KULON PROGO,27,45,-7.8124619,109.9789867,0.399225741,84,69,0,23.63,29.87,29.46,1011,4.44,157
2024,KAB KULON PROGO,28,37,-7.8124619,109.9789867,0.449724968,89,69,0,23.24,29.17,28.88,1010,2.86,187
2024,KAB KULON PROGO,29,35,-7.8124619,109.9789867,0.456475745,34,50,0,20.21,28.99,28.89,1010,6.28,148
2024,KAB KULON PROGO,30,31,-7.8124619,109.9789867,0.424083536,10,53,0,21.15,29.99,29.99,1012,5.94,162
2024,KAB KULON PROGO,31,33,-7.8124619,109.9789867,0.516260002,68,61,0,20.28,31.39,29.02,1012,5.71,154
2024,KAB KULON PROGO,32,26,-7.8124619,109.9789867,0.401163421,42,63,0,22.5,30.83,30.83,1013,4.79,154
2024,KAB KULON PROGO,33,26,-7.8124619,109.9789867,0.57616478,27,50,0,20.81,30.83,29.61,1011,7.01,153
2024,KAB KULON PROGO,34,28,-7.8124619,109.9789867,0.482997421,0,52,0,21.71,31.94,30.1,1011,5.97,167
2024,KAB KULON PROGO,35,28,-7.8124619,109.9789867,0.425255726,82,63,0,23.61,32.5,32.5,1012,5.74,153
2024,KAB KULON PROGO,36,27,-7.8124619,109.9789867,0.436002271,87,63,0,21.7,34.17,33.61,1011,4.98,162
2024,KAB KULON PROGO,37,29,-7.8124619,109.9789867,0.424615333,72,71,1.94,24.66,30.28,29.17,1012,4.97,149
2024,KAB KULON PROGO,38,45,-7.8124619,109.9789867,0.507089929,16,47,0,22.86,31.15,31.06,1009,5.92,161
2024,KAB KULON PROGO,39,39,-7.8124619,109.9789867,0.405336402,91,53,0,24.72,34.17,34.17,1009,4.95,193
2024,KAB KULON PROGO,40,36,-7.8124619,109.9789867,0.476677561,62,56,0,25.37,33.05,32.5,1009,5.55,166
2024,KAB KULON PROGO,41,39,-7.8124619,109.9789867,0.499125495,61,58,0,24.72,32.5,31.94,1010,5.35,170
2024,KAB KULON PROGO,42,38,-7.8124619,109.9789867,0.460911369,69,49,0,25.82,33.56,33.56,1008,6.63,165
2024,KAB KULON PROGO,43,48,-7.8124619,109.9789867,0.455456723,94,76,0.34,23.61,29.17,28.61,1013,3.61,204
2024,KAB KULON PROGO,44,42,-7.8124619,109.9789867,0.402156383,77,51,0,23.05,33.61,33.05,1009,5.53,185
2024,KAB KULON PROGO,45,39,-7.8124619,109.9789867,0.772874767,100,70,20.03,26.39,31.39,31.39,1010,3.15,96
2024,KAB KULON PROGO,46,37,-7.8124619,109.9789867,0.579968001,84,68,46.46,25.29,30.71,30.54,1009,3.5,179
2024,KAB KULON PROGO,47,44,-7.8124619,109.9789867,0.560564376,68,70,7.43,26.94,33.61,33.61,1006,2.96,197
2024,KAB KULON PROGO,48,51,-7.8124619,109.9789867,0.616175507,100,73,20.17,25.28,30.83,30.28,1008,3.58,235
2024,KAB KULON PROGO,49,40,-7.8124619,109.9789867,0.684420096,100,73,5.85,25.1,33.05,29.08,1007,3.88,240
2024,KAB KULON PROGO,50,68,-7.8124619,109.9789867,0.666977198,98,68,33.45,25.96,33.05,33.05,1006,4.2,191
2024,KAB KULON PROGO,51,85,-7.8124619,109.9789867,0.647423037,100,75,28.98,24.33,30.83,30.28,1009,2.64,267
2024,KAB KULON PROGO,52,0,-7.8124619,109.9789867,0.574528324,70,69,46.01,27.5,31.94,31.94,1008,3.44,194
2024,KAB SLEMAN,1,5,-7.689718,110.3812751,0.642553728,90,72,22.84,23.73,29.5,29.5,1010,3.22,177
2024,KAB SLEMAN,2,15,-7.689718,110.3812751,0.679273127,100,69,24.81,22.92,30.06,29.58,1011,1.88,353
2024,KAB SLEMAN,3,33,-7.689718,110.3812751,0.596386021,57,52,0,23.14,32.11,31.76,1009,4.31,197
2024,KAB SLEMAN,4,36,-7.689718,110.3812751,0.611800858,89,63,0,22.6,30.33,30.33,1010,5.39,249
2024,KAB SLEMAN,5,19,-7.689718,110.3812751,0.670623706,42,69,10.8,23.65,30.55,29.83,1012,3.14,218
2024,KAB SLEMAN,6,24,-7.689718,110.3812751,0.560076417,57,67,17.98,23.35,30.06,29.77,1012,4.17,242
2024,KAB SLEMAN,7,35,-7.689718,110.3812751,0.610286833,92,61,0,23.57,30.59,30.59,1012,3.6,218
2024,KAB SLEMAN,8,36,-7.689718,110.3812751,0.603720909,71,56,0,23.34,31.79,31.79,1011,4.24,196
2024,KAB SLEMAN,9,30,-7.689718,110.3812751,0.614265368,95,72,22.79,23.36,29.56,29.34,1010,2.38,222
2024,KAB SLEMAN,10,30,-7.689718,110.3812751,0.653841057,100,77,12.76,23.94,29.01,28.65,1010,2.52,240
2024,KAB SLEMAN,11,33,-7.689718,110.3812751,0.817893297,100,73,21.67,23.05,27.79,27.5,1009,1.67,58
2024,KAB SLEMAN,12,34,-7.689718,110.3812751,0.677068916,72,66,0,22.9,30.21,29.77,1009,5.27,242
2024,KAB SLEMAN,13,40,-7.689718,110.3812751,0.654963958,99,60,2.73,23.72,31.01,31.01,1010,3.12,187
2024,KAB SLEMAN,14,25,-7.689718,110.3812751,0.61983362,100,63,0,23.98,29.91,29.91,1012,3.3,182
2024,KAB SLEMAN,15,56,-7.689718,110.3812751,0.547312141,59,55,15.45,22.42,32.1,32.1,1006,4.13,209
2024,KAB SLEMAN,16,61,-7.689718,110.3812751,0.614139276,46,66,5.41,23.69,31,30.69,1010,2.42,185
2024,KAB SLEMAN,17,77,-7.689718,110.3812751,0.669226299,98,64,13.52,23.19,31.31,31.31,1008,3.05,189
2024,KAB SLEMAN,18,44,-7.689718,110.3812751,0.449413527,93,65,5.17,23.64,30.97,30.97,1009,2.47,204
2024,KAB SLEMAN,19,70,-7.689718,110.3812751,0.40164735,86,61,0,22.13,29.9,29.6,1010,3.99,176
2024,KAB SLEMAN,20,67,-7.689718,110.3812751,0.485707373,41,60,0,22.96,31.16,31.09,1010,2.01,177
2024,KAB SLEMAN,21,69,-7.689718,110.3812751,0.461163347,100,57,0,22.06,30.41,29.91,1008,4.19,156
2024,KAB SLEMAN,22,53,-7.689718,110.3812751,0.474291376,75,60,0,22.44,30.38,30.12,1011,3.65,172
2024,KAB SLEMAN,23,47,-7.689718,110.3812751,0.406583503,77,72,1,23.16,29.1,29.1,1011,2.99,188
2024,KAB SLEMAN,24,35,-7.689718,110.3812751,0.358847077,90,68,0,22.89,29.47,29.47,1011,2.84,181
2024,KAB SLEMAN,25,45,-7.689718,110.3812751,0.475792523,45,57,0,21.89,30.87,30.56,1010,4.38,197
2024,KAB SLEMAN,26,50,-7.689718,110.3812751,0.464694865,79,68,0,20.5,28.29,27.74,1011,4.64,150
2024,KAB SLEMAN,27,45,-7.689718,110.3812751,0.356527529,86,62,0,22.3,30.58,29.55,1011,3.88,193
2024,KAB SLEMAN,28,43,-7.689718,110.3812751,0.505446207,99,67,0,21.95,29.81,28.21,1010,1.97,78
2024,KAB SLEMAN,29,43,-7.689718,110.3812751,0.438746073,21,47,0,18.27,28.98,28.58,1010,5.3,150
2024,KAB SLEMAN,30,39,-7.689718,110.3812751,0.53328518,5,48,0,19.88,30.44,30,1012,5.27,175
2024,KAB SLEMAN,31,42,-7.689718,110.3812751,0.442236996,66,55,0,19.09,30.2,29.44,1012,5.14,173
2024,KAB SLEMAN,32,27,-7.689718,110.3812751,0.428826675,25,55,0,21.31,29.64,29.64,1013,4.74,169
2024,KAB SLEMAN,33,20,-7.689718,110.3812751,0.420709769,20,40,0,19.29,30.62,30.62,1010,6.46,160
2024,KAB SLEMAN,34,21,-7.689718,110.3812751,0.366901492,1,44,0,20.61,31.31,31.31,1011,5.79,177
2024,KAB SLEMAN,35,22,-7.689718,110.3812751,0.346228339,76,55,0,22.21,31.31,31.31,1012,5.88,175
2024,KAB SLEMAN,36,20,-7.689718,110.3812751,0.432107017,94,59,0,20.34,32.98,32.42,1011,4.24,177
2024,KAB SLEMAN,37,16,-7.689718,110.3812751,0.387291592,77,65,0.98,23.21,29.09,27.98,1012,3.9,175
2024,KAB SLEMAN,38,22,-7.689718,110.3812751,0.430788577,11,36,0,21.75,34.38,32.41,1009,6.26,182
2024,KAB SLEMAN,39,17,-7.689718,110.3812751,0.415537716,99,43,0,23.37,36.05,32.98,1008,4.37,202
2024,KAB SLEMAN,40,35,-7.689718,110.3812751,0.426480643,44,48,0,24.39,31.86,31.31,1009,5.08,184
2024,KAB SLEMAN,41,19,-7.689718,110.3812751,0.519379915,47,47,0,23.53,31.31,30.75,1009,4.83,180
2024,KAB SLEMAN,42,18,-7.689718,110.3812751,0.390413595,77,38,0,24.45,35.08,35.08,1008,6.12,182
2024,KAB SLEMAN,43,28,-7.689718,110.3812751,0.435448813,97,76,2.42,22.42,27.98,27.42,1013,3.65,228
2024,KAB SLEMAN,44,55,-7.689718,110.3812751,0.363385457,47,42,0,21.86,32.42,31.86,1008,6.4,186
2024,KAB SLEMAN,45,21,-7.689718,110.3812751,0.668305466,94,54,7.67,25.2,33.27,33.27,1010,3.2,266
2024,KAB SLEMAN,46,45,-7.689718,110.3812751,0.604326493,91,67,24.05,23.81,30.59,29.99,1010,2.58,185
2024,KAB SLEMAN,47,26,-7.689718,110.3812751,0.626328265,56,57,4.24,25.75,32.42,32.42,1006,2.75,95
2024,KAB SLEMAN,48,34,-7.689718,110.3812751,0.603649076,100,73,15.94,24.09,29.64,29.09,1008,3.53,222
2024,KAB SLEMAN,49,36,-7.689718,110.3812751,0.633936647,100,63,4.53,23.42,31.86,29.83,1007,4.82,233
2024,KAB SLEMAN,50,53,-7.689718,110.3812751,0.734994182,96,67,34.37,24.07,31.86,31.86,1007,3.19,214
2024,KAB SLEMAN,51,58,-7.689718,110.3812751,0.571703653,99,77,33.39,23.92,29.64,29.09,1009,2.5,258
2024,KAB SLEMAN,52,0,-7.689718,110.3812751,0.562706273,65,71,37.63,26.31,30.75,30.75,1009,2.64,194
2024,KOTA YOGYAKARTA,1,0,-7.8239138,110.3479391,0.674139697,93,72,16.32,24.47,29.81,29.81,1010,4.02,166
2024,KOTA YOGYAKARTA,2,0,-7.8239138,110.3479391,0.572885968,100,71,17.97,23.63,30.53,27.97,1010,2.52,185
2024,KOTA YOGYAKARTA,3,3,-7.8239138,110.3479391,0.603108218,64,55,0.12,24.33,31.89,31.6,1009,4.41,202
2024,KOTA YOGYAKARTA,4,4,-7.8239138,110.3479391,0.623295836,90,66,0.12,23.57,30.21,30.21,1010,6,255
2024,KOTA YOGYAKARTA,5,0,-7.8239138,110.3479391,0.699570105,49,69,17.86,24.53,30.57,30.17,1011,3.62,216
2024,KOTA YOGYAKARTA,6,1,-7.8239138,110.3479391,0.697532667,56,68,12.09,24.23,30.21,29.97,1012,4.57,248
2024,KOTA YOGYAKARTA,7,5,-7.8239138,110.3479391,0.73967106,85,61,0,24.41,31.13,31.13,1012,3.89,222
2024,KOTA YOGYAKARTA,8,8,-7.8239138,110.3479391,0.594453305,69,59,0.47,24.3,31.76,31.76,1011,4.24,193
2024,KOTA YOGYAKARTA,9,5,-7.8239138,110.3479391,0.718753857,96,72,22.72,23.87,29.82,29.45,1009,2.84,236
2024,KOTA YOGYAKARTA,10,3,-7.8239138,110.3479391,0.63572884,100,75,25.42,24.82,29.51,29.32,1010,2.95,242
2024,KOTA YOGYAKARTA,11,10,-7.8239138,110.3479391,0.68360694,100,72,18.59,23.85,28.04,28.04,1009,1.83,58
2024,KOTA YOGYAKARTA,12,6,-7.8239138,110.3479391,0.630923462,70,68,0,23.81,30.19,29.98,1008,6.22,248
2024,KOTA YOGYAKARTA,13,8,-7.8239138,110.3479391,0.64771947,97,62,1.38,24.61,31.09,31.09,1010,3.68,177
2024,KOTA YOGYAKARTA,14,5,-7.8239138,110.3479391,0.666659413,100,63,0,25.18,30.21,30.16,1012,3.56,170
2024,KOTA YOGYAKARTA,15,12,-7.8239138,110.3479391,0.578982044,52,60,7.54,23.39,31.92,31.92,1006,4.31,217
2024,KOTA YOGYAKARTA,16,6,-7.8239138,110.3479391,0.541341772,53,67,2.86,24.53,31.14,31.05,1010,3.75,150
2024,KOTA YOGYAKARTA,17,11,-7.8239138,110.3479391,0.693189587,99,66,12.05,24.05,31.38,31.38,1008,4.04,163
2024,KOTA YOGYAKARTA,18,3,-7.8239138,110.3479391,0.45965947,95,68,0.23,24.66,31.04,31.04,1009,3.04,180
2024,KOTA YOGYAKARTA,19,4,-7.8239138,110.3479391,0.348328973,81,64,0,23.23,29.82,29.59,1010,4.39,164
2024,KOTA YOGYAKARTA,20,2,-7.8239138,110.3479391,0.548007929,42,64,0,23.79,31.03,30.73,1010,3.4,157
2024,KOTA YOGYAKARTA,21,1,-7.8239138,110.3479391,0.423365204,100,59,0,23.16,30.32,29.99,1008,5.41,143
2024,KOTA YOGYAKARTA,22,3,-7.8239138,110.3479391,0.393823012,74,64,0.11,23.43,30.27,30.03,1010,4.74,153
2024,KOTA YOGYAKARTA,23,5,-7.8239138,110.3479391,0.513869259,77,73,0,23.92,29.28,29.28,1011,3.75,156
2024,KOTA YOGYAKARTA,24,5,-7.8239138,110.3479391,0.523652417,87,71,0,23.68,29.53,29.53,1011,3.78,160
2024,KOTA YOGYAKARTA,25,11,-7.8239138,110.3479391,0.414054158,42,60,0,22.75,30.65,30.57,1010,4.7,182
2024,KOTA YOGYAKARTA,26,4,-7.8239138,110.3479391,0.49626444,82,70,0,21.65,28.46,27.98,1011,6.07,143
2024,KOTA YOGYAKARTA,27,4,-7.8239138,110.3479391,0.404079778,76,65,0,23.31,30.41,29.65,1011,4.67,173
2024,KOTA YOGYAKARTA,28,6,-7.8239138,110.3479391,0.450451288,95,67,0,22.82,30.05,28.74,1010,3.08,136
2024,KOTA YOGYAKARTA,29,5,-7.8239138,110.3479391,0.486652521,17,49,0,20.13,28.93,28.7,1010,6.71,142
2024,KOTA YOGYAKARTA,30,5,-7.8239138,110.3479391,0.448208068,5,52,0,20.84,29.99,29.7,1012,5.91,162
2024,KOTA YOGYAKARTA,31,1,-7.8239138,110.3479391,0.440566181,64,59,0,21.65,29.29,29.08,1012,5.94,160
2024,KOTA YOGYAKARTA,32,3,-7.8239138,110.3479391,0.38877478,25,59,0,22.19,29.46,29.46,1013,5.12,161
2024,KOTA YOGYAKARTA,33,7,-7.8239138,110.3479391,0.404785244,26,46,0,20.56,30,30,1010,7.38,152
2024,KOTA YOGYAKARTA,34,2,-7.8239138,110.3479391,0.403244068,1,51,0,20.75,30.14,30.09,1011,6,166
2024,KOTA YOGYAKARTA,35,5,-7.8239138,110.3479391,0.482000455,68,60,0,21.45,29.02,28.22,1012,6.44,162
2024,KOTA YOGYAKARTA,36,2,-7.8239138,110.3479391,0.422208134,93,63,0,21.39,28.95,28.29,1011,4.67,164
2024,KOTA YOGYAKARTA,37,3,-7.8239138,110.3479391,0.448563222,71,68,1.82,23.41,29.47,29.15,1012,4.96,162
2024,KOTA YOGYAKARTA,38,4,-7.8239138,110.3479391,0.468734257,6,43,0,22.4,35.14,31.57,1009,6.64,172
2024,KOTA YOGYAKARTA,39,5,-7.8239138,110.3479391,0.464954627,99,49,0,22.52,36.81,33.1,1009,5.07,191
2024,KOTA YOGYAKARTA,40,5,-7.8239138,110.3479391,0.488492955,46,52,0,24.38,33.22,33.12,1009,6.29,169
2024,KOTA YOGYAKARTA,41,1,-7.8239138,110.3479391,0.463797115,52,53,0,23.79,32.61,32.61,1009,6.01,168
2024,KOTA YOGYAKARTA,42,3,-7.8239138,110.3479391,0.394959595,75,40,0,23.9,35.15,35.05,1008,6.65,172
2024,KOTA YOGYAKARTA,43,4,-7.8239138,110.3479391,0.426583253,98,73,0.88,22.97,27.68,27.68,1013,3.06,217
2024,KOTA YOGYAKARTA,44,6,-7.8239138,110.3479391,0.503769737,47,45,0,23.73,33.4,33.38,1008,6.6,182
2024,KOTA YOGYAKARTA,45,3,-7.8239138,110.3479391,0.635332096,96,54,9.82,23.93,34.03,34.03,1009,2.28,220
2024,KOTA YOGYAKARTA,46,5,-7.8239138,110.3479391,0.656677646,89,66,21.78,24.46,30.96,30.62,1009,3.25,177
2024,KOTA YOGYAKARTA,47,6,-7.8239138,110.3479391,0.702215354,60,58,13.75,24.46,32.49,32.49,1006,3.11,195
2024,KOTA YOGYAKARTA,48,9,-7.8239138,110.3479391,0.611455432,100,71,20.78,24.15,30.08,29.58,1008,3.78,226
2024,KOTA YOGYAKARTA,49,3,-7.8239138,110.3479391,0.667632687,100,64,3.47,24.12,31.07,30.29,1007,4.94,235
2024,KOTA YOGYAKARTA,50,9,-7.8239138,110.3479391,0.571736566,96,66,19,24.47,30.49,30.49,1006,3.54,209
2024,KOTA YOGYAKARTA,51,11,-7.8239138,110.3479391,0.734477355,100,80,77.8,23.36,28.34,26.73,1009,2.81,260
2024,KOTA YOGYAKARTA,52,0,-7.8239138,110.3479391,0.644790588,64,69,41.72,24.31,31.59,30.25,1008,3.28,188